,age_17,age_18,age_19,age_20,age_21,age_22,age_23,age_24,age_25,age_26,age_27,age_28,age_29,age_30,age_31,age_32,age_33,age_34,age_35,age_36
CHILD,"[107, 317]",[110],"[102, 315]",[119],"[108, 117, 311]","[110, 114, 116, 304]","[107, 109, 401, 504]","[111, 305, 307, 505]","[119, 311, 313, 320, 323, 503]","[102, 108, 114, 115, 302, 303, 304, 306, 316, 319]","[107, 112, 118, 205, 401]","[105, 111, 119, 203, 318, 322, 501]","[113, 305, 314, 319]","[104, 106, 108, 116, 304, 306, 307, 320, 324]","[105, 112, 114, 118, 310, 311, 313, 401]","[111, 115, 318, 322]","[107, 113, 305, 315, 319]","[103, 106, 108, 118]","[101, 104, 105, 112, 115, 304, 308, 311, 314, 318, 325]","[111, 114, 305, 313, 402]"
SessionNo,2,1,2,1,3,4,4,4,6,10,5,7,4,9,8,4,5,4,11,5
ahah,1.0,0.0,0.5,1.0,0.33,0.75,1.0,1.0,1.0,0.9,1.0,1.0,0.75,1.0,0.88,1.0,1.0,1.0,1.0,0.8
baabaa,1.0,1.0,1.0,1.0,1.0,1.0,1.0,1.0,1.0,1.0,1.0,1.0,1.0,1.0,0.88,1.0,1.0,1.0,1.0,0.8
bowwow,1.0,1.0,1.0,1.0,1.0,1.0,1.0,1.0,1.0,0.9,1.0,0.86,0.75,1.0,1.0,1.0,1.0,1.0,1.0,0.8
choochoo,0.5,0.0,1.0,0.0,0.67,0.25,0.75,1.0,0.83,1.0,1.0,1.0,1.0,0.89,1.0,1.0,1.0,1.0,0.91,0.8
cockadoodledoo,0.5,0.0,1.0,1.0,0.33,0.5,0.5,0.75,0.67,0.8,0.6,0.86,1.0,0.89,0.75,1.0,1.0,0.5,1.0,0.8
grr,0.5,0.0,0.5,0.0,0.33,0.25,0.5,0.75,0.83,0.8,0.8,0.43,0.5,0.89,1.0,1.0,1.0,0.75,0.82,1.0
meow,1.0,0.0,1.0,1.0,0.67,0.75,0.75,1.0,1.0,1.0,1.0,1.0,1.0,1.0,0.88,1.0,1.0,1.0,0.91,0.8
moo,1.0,1.0,1.0,1.0,1.0,0.5,0.75,1.0,0.83,1.0,1.0,1.0,1.0,1.0,0.88,1.0,1.0,1.0,0.91,1.0
ouch,1.0,0.0,1.0,1.0,1.0,0.5,0.75,0.75,0.83,1.0,1.0,1.0,1.0,1.0,1.0,1.0,1.0,1.0,0.82,0.8
quackquack,1.0,1.0,1.0,1.0,1.0,0.75,0.75,1.0,1.0,1.0,1.0,1.0,1.0,1.0,0.88,1.0,1.0,1.0,0.91,1.0
uhoh,0.5,0.0,0.5,1.0,1.0,0.5,1.0,0.75,0.83,1.0,1.0,1.0,0.75,1.0,1.0,1.0,1.0,0.75,1.0,0.6
vroom,0.5,0.0,1.0,1.0,0.67,0.25,0.75,1.0,0.67,0.8,0.8,0.71,0.75,0.89,0.88,1.0,1.0,1.0,0.91,0.8
yumyum,1.0,1.0,1.0,1.0,0.67,0.75,1.0,0.75,1.0,1.0,1.0,1.0,1.0,1.0,0.75,1.0,0.8,1.0,1.0,0.6
animal,0.5,0.0,0.0,0.0,0.0,0.0,0.0,0.25,0.17,0.0,0.2,0.14,0.5,0.11,0.25,0.5,0.2,0.25,0.3,0.6
donkey,0.5,0.0,0.0,0.0,0.0,0.25,0.25,0.5,0.17,0.1,0.2,0.43,0.5,0.11,0.38,0.5,0.6,0.25,1.36,0.6
beach,0.0,0.0,0.5,0.0,0.0,0.25,0.5,0.5,0.67,0.8,0.6,1.0,0.5,0.89,0.88,1.0,0.6,1.0,1.0,0.4
bee,0.5,0.0,0.0,0.0,0.33,0.0,0.0,0.0,0.17,0.1,0.8,0.43,0.5,0.22,0.5,0.5,0.6,0.5,0.36,0.6
cow,0.0,0.0,0.0,0.0,0.33,0.0,0.0,0.0,0.33,0.2,0.2,0.43,0.5,0.11,0.25,0.0,0.6,0.0,0.45,0.6
ladybird,0.0,0.0,0.0,0.0,0.0,0.0,0.0,0.25,0.33,0.1,0.2,0.29,0.25,0.22,0.38,0.25,0.4,0.0,0.18,0.8
sheep,0.0,0.0,0.0,0.0,0.0,0.25,0.25,0.25,0.5,0.1,0.2,0.43,0.5,0.22,0.38,0.5,0.2,0.0,0.45,0.6
pony,0.0,0.0,0.0,0.0,0.0,0.0,0.0,0.0,0.0,0.0,0.2,0.29,0.0,0.11,0.25,0.0,0.4,0.0,0.27,0.0
horse,0.0,0.0,0.0,0.0,0.33,0.0,0.25,0.75,0.17,0.1,0.4,0.43,0.5,0.11,0.5,0.75,0.2,0.0,0.36,0.8
catie,0.0,0.0,1.0,1.0,1.0,1.0,1.0,1.0,0.83,0.9,1.0,1.0,1.0,0.89,1.0,1.0,1.0,1.0,1.0,0.8
hen,0.0,0.0,0.0,0.0,0.0,0.25,0.0,0.25,0.0,0.0,0.0,0.14,0.25,0.11,0.12,0.25,0.0,0.0,0.27,0.0
cock,0.0,0.0,0.0,0.0,0.0,0.0,0.0,0.0,0.0,0.1,0.0,0.14,0.0,0.11,0.0,0.0,0.2,0.0,0.09,0.2
puppy,0.0,0.0,0.0,0.0,0.0,0.25,0.5,0.0,0.33,0.5,0.4,0.43,0.75,0.11,0.38,0.75,1.0,0.0,0.45,0.6
rabbit,0.0,0.0,0.0,0.0,0.0,0.25,0.0,0.25,0.17,0.3,0.2,0.43,0.25,0.22,0.38,0.0,0.6,0.25,0.45,0.8
fly,0.0,0.0,0.0,0.0,0.0,0.0,0.25,0.0,0.0,0.2,0.0,0.29,0.0,0.11,0.25,0.25,0.2,0.0,0.36,0.6
spider,0.0,0.0,0.5,0.0,0.0,0.25,0.25,0.5,0.5,0.4,0.6,0.71,0.75,0.22,0.62,0.75,1.0,0.25,0.45,1.0
swan,0.0,0.0,0.0,0.0,0.0,0.25,0.0,0.25,0.0,0.0,0.2,0.0,0.0,0.11,0.0,0.0,0.0,0.0,0.09,0.0
bird,0.0,0.0,0.0,0.0,0.0,0.5,0.25,0.5,0.33,0.1,0.4,0.29,0.5,0.22,0.25,0.75,0.4,0.25,0.45,0.6
seagull,0.0,0.0,0.0,0.0,0.0,0.0,0.0,0.0,0.0,0.0,0.0,0.0,0.0,0.22,0.0,0.0,0.0,0.0,0.09,0.0
butterfly,0.0,0.0,0.0,0.0,0.0,0.0,0.25,0.25,0.17,0.0,0.6,0.29,0.25,0.33,0.5,0.5,0.4,0.0,0.45,1.0
deer,0.0,0.0,0.0,0.0,0.0,0.0,0.0,0.0,0.0,0.0,0.2,0.14,0.25,0.22,0.12,0.0,0.2,0.0,0.09,0.0
frog,0.0,0.0,0.0,1.0,0.0,0.25,0.5,0.5,0.5,0.9,0.8,0.71,0.5,0.78,0.75,1.0,1.0,0.5,0.91,0.8
goat,0.0,0.0,0.0,0.0,0.0,0.0,0.0,0.0,0.17,0.0,0.0,0.0,0.25,0.11,0.12,0.0,0.2,0.0,0.18,0.4
goose,0.0,0.0,0.0,0.0,0.0,0.0,0.0,0.0,0.0,0.1,0.0,0.0,0.0,0.11,0.0,0.0,0.0,0.0,0.09,0.2
fish,0.0,0.0,0.0,0.0,0.0,0.0,0.0,0.25,0.33,0.1,0.2,0.14,0.5,0.33,0.62,0.75,0.8,0.25,0.45,0.6
duck,0.0,0.0,0.0,0.0,0.0,0.0,0.0,0.25,0.33,0.1,0.4,0.29,0.5,0.33,0.38,0.25,0.6,0.0,0.36,0.8
calf,0.0,0.0,0.0,0.0,0.0,0.0,0.0,0.0,0.0,0.0,0.0,0.0,0.0,0.11,0.12,0.0,0.0,0.0,0.09,0.4
lion,0.0,0.0,0.0,0.0,0.0,0.25,0.0,0.5,0.33,0.2,0.4,0.29,0.5,0.22,0.25,0.25,0.4,0.25,0.55,0.4
mouse,0.0,0.0,0.0,0.0,0.0,0.0,0.0,0.25,0.0,0.2,0.2,0.14,0.25,0.33,0.25,0.0,0.4,0.25,0.27,0.6
wolf,0.0,0.0,0.0,0.0,0.0,0.0,0.0,0.0,0.0,0.0,0.0,0.14,0.0,0.11,0.0,0.0,0.4,0.0,0.27,0.2
fox,0.0,0.0,0.0,0.0,0.0,0.0,0.25,0.25,0.0,0.0,0.2,0.0,0.5,0.33,0.25,0.0,0.4,0.25,0.27,0.4
dog,0.0,0.0,0.0,0.0,0.33,0.0,0.25,0.5,0.67,0.2,0.6,0.57,0.5,0.11,0.62,0.75,0.8,0.25,0.55,1.0
pig,0.0,0.0,0.0,0.0,0.0,0.25,0.0,0.5,0.5,0.3,0.2,0.29,0.5,0.22,0.5,0.5,0.4,0.25,0.36,1.0
snake,0.0,0.0,0.0,0.0,0.0,0.0,0.0,0.5,0.33,0.3,0.0,0.29,0.5,0.11,0.5,0.25,0.8,0.25,0.55,0.6
penguin,0.0,0.0,0.0,0.0,0.0,0.0,0.0,0.5,0.5,0.6,0.4,0.43,0.25,0.22,0.5,0.25,0.8,0.75,0.55,1.0
crow,0.0,0.0,0.0,0.0,0.0,0.0,0.0,0.0,0.0,0.0,0.0,0.0,0.0,0.11,0.0,0.0,0.0,0.0,0.18,0.0
zebra,0.0,0.0,0.0,0.0,0.0,0.0,0.0,0.25,0.33,0.3,0.4,0.71,0.25,0.33,0.25,1.0,0.6,0.25,0.36,1.0
snail,0.0,0.0,0.0,0.0,0.0,0.25,0.0,0.0,0.0,0.0,0.0,0.14,0.0,0.11,0.12,0.5,0.2,0.25,0.27,0.4
chicken,0.0,0.0,0.0,0.0,0.33,0.0,0.25,0.25,0.17,0.1,0.2,0.14,0.5,0.11,0.5,0.5,0.2,0.25,0.45,0.4
giraffe,0.0,0.0,0.0,0.0,0.0,0.0,0.0,0.25,0.17,0.4,0.4,0.71,0.5,0.33,0.25,1.0,0.6,0.25,0.45,0.8
robin,0.0,0.0,0.0,0.0,0.0,0.0,0.0,0.0,0.0,0.0,0.0,0.0,0.0,0.0,0.0,0.0,0.0,0.0,0.0,0.0
tiger,0.0,0.0,0.0,1.0,0.0,0.0,0.0,0.25,0.17,0.2,0.6,0.71,0.5,0.22,0.5,0.75,0.4,0.25,0.45,0.6
lamb,0.0,0.0,0.0,0.0,0.0,0.0,0.0,0.0,0.0,0.0,0.0,0.29,0.25,0.11,0.12,0.0,0.2,0.25,0.18,0.2
boat,0.0,0.0,0.0,0.0,0.0,0.0,0.0,0.25,0.5,0.1,0.2,0.43,0.5,0.11,0.25,0.5,0.2,0.33,0.36,0.6
busie,0.5,0.0,1.0,0.0,0.0,0.75,0.75,0.75,1.0,0.9,1.0,1.0,1.0,1.0,1.0,1.0,1.0,1.0,0.91,1.0
car,0.0,0.0,0.0,0.0,0.67,0.0,0.25,0.5,0.33,0.2,0.2,0.57,0.5,0.22,0.5,0.25,0.6,0.33,0.45,0.8
aeroplane,0.0,0.0,0.0,0.0,0.0,0.0,0.25,0.5,0.17,0.2,0.2,0.57,0.75,0.11,0.5,0.5,0.8,0.33,0.45,1.0
motorbike,0.0,0.0,0.0,0.0,0.0,0.0,0.25,0.25,0.17,0.2,0.4,0.71,0.25,0.33,0.25,0.25,0.8,0.67,0.82,0.8
jeepie,0.0,0.0,0.5,0.0,0.0,0.25,0.25,0.25,0.17,0.4,0.8,0.71,0.25,0.78,0.62,0.5,0.6,0.33,0.73,0.8
long,0.0,0.0,0.0,0.0,0.0,0.0,0.0,0.25,0.0,0.1,0.2,0.14,0.25,0.22,0.25,0.25,0.2,0.0,0.09,0.0
ship,0.0,0.0,0.0,0.0,0.0,0.0,0.0,0.0,0.0,0.0,0.2,0.14,0.0,0.11,0.12,0.5,0.4,0.0,0.27,0.0
ambulance,0.0,0.0,0.0,0.0,0.0,0.0,0.0,0.25,0.0,0.1,0.2,0.29,0.25,0.44,0.12,0.25,0.4,0.33,0.45,0.6
tractor,0.0,1.0,0.5,1.0,0.33,0.5,0.25,1.0,0.5,0.5,0.8,0.86,0.75,0.56,0.75,1.0,1.0,1.0,0.82,1.0
digger,0.0,0.0,0.5,0.0,0.33,0.0,0.25,0.75,0.33,0.4,0.6,0.71,0.5,0.44,0.75,0.75,1.0,0.67,0.73,0.8
doll,0.0,1.0,0.0,1.0,0.0,0.5,0.5,0.5,0.83,0.6,0.8,0.57,0.75,0.67,0.62,1.0,0.8,0.33,0.64,0.8
blocks,0.0,0.0,0.0,0.0,0.0,0.25,0.25,0.5,0.33,0.0,0.2,0.57,0.75,0.11,0.12,0.0,0.8,0.33,0.27,0.8
bubbles,0.0,0.0,0.0,1.0,0.33,0.25,0.5,0.75,0.67,0.8,0.8,1.0,1.0,0.67,0.62,1.0,1.0,1.0,0.82,1.0
toy,0.0,0.0,0.0,0.0,0.0,0.0,0.5,0.5,0.5,0.3,0.6,0.57,0.75,0.33,0.62,1.0,0.6,0.67,0.55,0.8
present,0.0,0.0,0.0,0.0,0.0,0.25,0.25,0.5,0.33,0.1,0.2,0.43,0.75,0.22,0.38,0.75,0.4,0.0,0.55,1.0
hurley,0.0,0.0,0.0,0.0,0.0,0.0,0.0,0.25,0.0,0.0,0.0,0.14,0.25,0.0,0.12,0.25,0.0,0.0,0.18,0.6
game,0.0,0.0,0.0,0.0,0.0,0.0,0.25,0.0,0.0,0.1,0.2,0.14,0.5,0.11,0.25,0.25,0.4,0.0,0.45,0.8
druma,0.0,1.0,0.0,0.0,0.0,0.0,0.25,0.5,0.33,0.1,0.4,0.14,0.5,0.44,0.25,0.25,0.4,0.0,0.55,0.6
drum,0.0,0.0,0.0,0.0,0.0,0.0,0.0,0.25,0.17,0.3,0.0,0.57,0.25,0.22,0.12,0.25,0.4,0.0,0.27,0.6
gun,0.0,0.0,0.0,0.0,0.0,0.0,0.0,0.0,0.0,0.1,0.0,0.29,0.5,0.11,0.12,0.0,0.2,0.0,0.09,0.0
book,0.0,0.0,0.0,0.0,0.67,0.25,0.25,0.5,0.5,0.1,0.6,0.43,0.5,0.11,0.25,0.75,0.4,0.33,0.55,0.2
(foot)ball,0.0,0.0,0.5,0.0,0.33,0.0,0.25,0.75,1.0,0.4,0.2,0.71,0.75,0.44,0.25,0.75,0.4,0.33,0.45,1.0
jigsaw,0.0,1.0,0.5,0.0,0.0,0.0,0.5,0.5,0.33,0.6,0.4,0.57,1.0,0.56,0.5,1.0,0.6,0.67,0.82,1.0
pen,0.0,0.0,0.0,0.0,0.0,0.0,0.0,0.25,0.0,0.0,0.2,0.14,0.5,0.22,0.12,0.25,0.4,0.0,0.18,0.2
pencil,0.0,0.0,0.0,0.0,0.0,0.0,0.25,0.5,0.0,0.2,0.2,0.14,0.25,0.11,0.12,0.75,0.2,0.0,0.36,0.6
story,0.0,0.0,0.0,0.0,0.0,0.0,0.0,0.5,0.0,0.1,0.2,0.43,0.5,0.22,0.38,0.75,0.4,0.33,0.09,0.8
sliotarie,0.0,0.0,0.0,0.0,0.0,0.0,0.0,0.0,0.0,0.1,0.0,0.0,0.0,0.11,0.12,0.25,0.4,0.33,0.36,0.2
soup,0.0,0.0,0.0,0.0,0.0,0.25,0.0,0.25,0.67,0.3,0.4,0.57,0.75,0.11,0.5,0.5,0.8,0.33,0.45,0.6
bread,0.0,1.0,0.0,0.0,0.0,0.0,0.25,0.25,0.17,0.1,0.2,0.43,0.75,0.11,0.5,0.5,0.4,0.33,0.45,0.4
bacon,0.0,0.0,0.0,0.0,0.0,0.0,0.0,0.0,0.17,0.0,0.2,0.43,0.0,0.11,0.12,0.25,0.0,0.0,0.27,0.2
milk,0.0,0.0,0.0,0.0,0.33,0.0,0.0,0.5,0.5,0.2,0.2,0.29,0.25,0.11,0.38,0.25,0.2,0.33,0.36,0.4
food,0.0,1.0,0.5,0.0,0.0,0.0,0.0,0.25,0.33,0.2,0.2,0.14,0.5,0.11,0.38,0.25,0.4,0.33,0.27,0.8
muffin,0.0,1.0,0.5,0.0,0.0,0.0,0.0,0.25,0.33,0.1,0.2,0.14,0.0,0.11,0.12,0.25,0.2,0.0,0.27,0.2
briosca,1.0,1.0,0.5,1.0,0.33,1.0,0.5,0.75,0.83,1.0,1.0,0.86,1.0,1.0,0.88,1.0,0.8,1.0,0.91,0.8
biscuit,0.0,0.0,0.5,0.0,0.0,0.0,0.0,0.5,0.33,0.1,0.4,0.43,0.5,0.11,0.62,0.25,0.6,0.33,0.36,0.6
cabbage,0.0,1.0,0.0,0.0,0.0,0.0,0.0,0.0,0.17,0.0,0.0,0.14,0.0,0.11,0.12,0.0,0.0,0.0,0.18,0.2
cake,0.0,0.0,0.0,0.0,0.33,0.0,0.0,0.25,0.5,0.0,0.0,0.43,0.0,0.11,0.5,0.5,0.4,0.33,0.36,0.4
cheese,0.0,1.0,0.5,0.0,0.67,0.0,0.0,1.0,0.67,0.4,0.6,0.57,0.5,0.22,0.25,0.75,0.6,0.33,0.36,0.8
cornflakes,0.0,1.0,0.0,0.0,0.0,0.0,0.0,0.75,0.5,0.5,0.2,0.57,0.75,0.56,0.5,1.0,0.6,0.33,0.73,1.0
grapes,0.0,0.0,0.0,1.0,0.33,0.25,0.5,0.75,0.67,0.9,0.8,1.0,0.75,0.78,0.5,0.75,0.8,0.67,0.82,0.6
sandwich,0.0,1.0,0.5,0.0,0.0,0.0,0.25,0.5,0.33,0.4,0.4,0.43,0.75,0.33,0.25,0.5,0.6,0.67,0.45,0.8
chickennuggets,0.0,1.0,0.0,0.0,0.0,0.0,0.25,0.25,0.33,0.5,0.2,0.29,0.75,0.56,0.38,0.5,0.4,0.67,0.64,0.8
nuts,0.0,0.0,0.5,0.0,0.0,0.0,0.0,0.25,0.17,0.1,0.2,0.0,0.25,0.11,0.25,0.0,0.2,0.0,0.45,0.4
drink,0.0,0.0,0.0,0.0,0.0,0.0,0.0,0.25,0.0,0.1,0.2,0.29,0.25,0.11,0.5,0.5,0.4,0.33,0.45,0.2
feoil,0.0,0.0,0.5,0.0,0.0,0.75,0.25,0.5,0.5,0.7,0.8,0.86,0.75,0.67,0.62,0.5,1.0,1.0,0.64,0.8
meat,0.0,0.0,0.0,0.0,0.0,0.0,0.0,0.0,0.17,0.0,0.2,0.29,0.25,0.11,0.12,0.0,0.0,0.33,0.18,0.2
jelly,0.0,0.0,0.0,0.0,0.0,0.0,0.0,0.5,0.17,0.5,0.4,0.43,0.0,0.33,0.38,0.5,0.4,1.0,0.36,0.6
fish,0.0,0.0,0.0,0.0,0.0,0.0,0.0,0.25,0.17,0.1,0.2,0.43,0.5,0.22,0.25,1.0,0.2,0.33,0.36,0.4
butter,0.0,0.0,0.0,0.0,0.0,0.0,0.0,0.25,0.17,0.0,0.2,0.29,0.25,0.11,0.25,0.75,0.2,0.67,0.27,0.4
sausages,0.0,0.0,0.5,0.0,0.0,0.0,0.25,0.75,0.67,0.8,0.4,0.86,0.5,0.33,0.88,1.0,0.6,0.67,0.73,1.0
porridge,0.0,0.0,0.0,0.0,0.0,0.0,0.25,0.25,0.17,0.2,0.6,0.43,0.25,0.44,0.38,0.75,0.4,0.0,0.45,0.4
ham,0.0,0.0,0.5,0.0,0.67,0.0,0.25,0.75,0.67,1.0,0.8,0.86,0.25,0.67,0.62,1.0,0.8,0.67,0.73,0.8
lollipop,0.0,0.0,0.0,0.0,0.0,0.0,0.25,0.5,0.33,0.7,0.8,0.43,0.75,1.0,0.5,0.75,0.8,0.67,0.55,0.8
honey,0.0,0.0,0.0,0.0,0.0,0.0,0.0,0.5,0.0,0.1,0.0,0.14,0.0,0.33,0.12,0.0,0.2,0.67,0.36,0.2
sweets,0.5,0.0,0.5,0.0,0.67,0.25,0.25,0.75,0.67,0.6,0.6,0.43,0.5,0.44,0.5,0.25,0.8,0.67,0.73,0.8
orange,0.0,0.0,0.0,0.0,0.0,0.0,0.25,0.25,0.5,0.1,0.4,0.29,0.25,0.44,0.25,0.25,0.4,0.33,0.55,0.4
pancake,0.0,0.0,0.0,0.0,0.0,0.0,0.0,0.25,0.0,0.2,0.4,0.43,0.5,0.56,0.38,0.75,0.6,0.67,0.55,0.6
pear,0.0,0.0,0.5,0.0,0.0,0.25,0.0,0.25,0.33,0.3,0.4,0.43,0.0,0.22,0.5,0.5,0.2,0.67,0.55,0.4
peas,0.0,0.0,0.0,1.0,0.67,0.25,0.0,0.5,0.17,0.2,0.4,0.29,0.5,0.44,0.38,0.75,0.2,0.33,0.64,0.6
beans,0.5,0.0,0.0,1.0,0.33,0.5,0.25,0.75,0.67,0.4,0.8,0.57,0.75,0.56,0.75,1.0,0.6,1.0,0.73,0.8
potato,0.0,0.0,0.0,0.0,0.33,0.0,0.0,0.5,0.33,0.1,0.2,0.14,0.25,0.22,0.25,0.25,0.2,0.33,0.27,0.6
icepop,0.0,0.0,0.0,0.0,0.0,0.0,0.5,0.25,0.33,0.3,0.0,0.29,0.25,0.67,0.25,0.25,0.6,0.0,0.36,0.6
raisin,0.0,0.0,0.0,0.0,0.0,0.0,0.25,0.0,0.0,0.1,0.6,0.29,0.25,0.22,0.38,0.75,0.4,0.0,0.27,0.4
salt,0.0,0.0,0.0,0.0,0.0,0.0,0.0,0.0,0.0,0.0,0.0,0.14,0.25,0.11,0.12,0.25,0.0,0.0,0.09,0.6
chips,0.5,0.0,0.5,0.0,0.0,0.5,0.5,1.0,0.83,0.8,0.6,0.71,1.0,0.78,0.62,0.75,0.8,0.67,0.82,1.0
chocolate,0.0,1.0,0.0,1.0,0.0,0.5,0.5,0.75,0.33,0.4,0.6,0.71,0.75,0.56,0.25,0.5,0.6,0.33,0.55,0.8
rashers,0.0,0.0,0.0,1.0,0.0,0.0,0.0,0.5,0.33,0.3,0.6,0.57,0.25,0.44,0.38,0.75,0.6,1.0,0.55,0.4
spagettiie,0.5,0.0,0.5,0.0,0.0,0.25,0.5,0.75,0.67,0.6,0.6,0.57,0.75,0.33,0.75,0.75,0.6,0.67,0.91,0.8
strawberry,0.5,0.0,0.5,0.0,0.0,0.25,0.25,0.75,0.5,0.6,0.6,0.86,0.5,0.78,0.38,1.0,0.2,0.67,0.82,0.6
juice,0.0,0.0,0.5,0.0,0.67,0.25,0.75,0.75,0.67,0.8,0.4,0.86,0.5,0.56,0.62,0.75,0.4,1.0,0.73,1.0
jam,0.0,0.0,0.5,0.0,0.0,0.0,0.25,0.5,0.0,0.3,0.4,0.71,0.25,0.33,0.5,0.75,0.4,0.67,0.64,0.6
tea,0.0,0.0,0.5,0.0,0.33,0.0,0.0,0.5,0.33,0.2,0.2,0.43,0.0,0.22,0.38,0.25,0.0,0.33,0.36,0.2
turnip,0.0,0.0,0.0,0.0,0.0,0.0,0.0,0.25,0.17,0.0,0.0,0.0,0.0,0.11,0.0,0.5,0.2,0.0,0.18,0.2
toast,0.0,0.0,0.5,0.0,0.33,0.5,0.75,1.0,0.83,1.0,0.8,0.71,0.75,0.67,0.88,1.0,0.8,1.0,0.73,0.6
tomato,0.0,0.0,0.0,0.0,0.0,0.0,0.25,0.5,0.33,0.4,0.6,0.29,0.5,0.44,0.5,0.75,0.2,0.0,0.55,0.2
icecream,0.5,0.0,0.5,0.0,0.0,0.25,0.25,1.0,0.67,0.5,0.4,0.86,0.5,0.56,0.62,1.0,0.6,0.67,0.73,1.0
egg,0.0,0.0,0.0,0.0,0.33,0.0,0.0,0.25,0.17,0.3,0.2,0.14,0.5,0.0,0.25,0.75,0.4,0.0,0.36,0.4
water,0.0,0.0,0.0,0.0,0.0,0.0,0.0,0.5,0.33,0.2,0.2,0.57,0.5,0.22,0.38,0.75,0.2,0.0,0.45,0.4
apple,0.0,0.0,0.0,0.0,0.67,0.0,0.0,0.25,0.5,0.1,0.2,0.29,0.5,0.22,0.25,0.5,0.2,0.0,0.45,0.4
bib,0.5,0.0,0.5,0.0,0.0,0.25,0.25,0.75,0.5,0.3,0.4,0.29,0.5,0.56,0.25,0.75,0.6,0.5,0.55,0.6
trousers,0.0,0.0,0.0,0.0,0.0,0.0,0.0,0.5,0.0,0.3,0.2,0.14,0.5,0.33,0.38,0.5,0.2,0.25,0.45,0.4
shorts,0.0,0.0,0.0,0.0,0.0,0.0,0.0,0.5,0.17,0.5,0.2,0.43,0.25,0.67,0.12,0.75,0.4,0.0,0.36,0.6
shoes,0.0,1.0,0.0,0.0,0.67,0.25,0.0,0.25,0.33,0.1,0.4,0.29,0.5,0.33,0.62,0.75,0.2,0.5,0.55,0.6
runners,0.0,0.0,0.5,0.0,0.0,0.0,0.0,0.25,0.17,0.1,0.2,0.29,0.0,0.22,0.0,0.5,0.4,0.25,0.64,0.6
cap,0.0,0.0,0.5,0.0,0.0,0.25,0.0,0.25,0.17,0.1,0.0,0.0,0.5,0.22,0.12,0.75,0.2,0.25,0.36,0.0
nappy,0.5,1.0,0.5,1.0,0.33,0.75,0.25,1.0,0.5,0.9,0.8,0.71,0.75,1.0,0.75,1.0,0.8,0.5,0.73,1.0
button,0.0,0.0,0.0,0.0,0.0,0.0,0.0,0.5,0.17,0.0,0.2,0.14,0.25,0.11,0.38,0.5,0.4,0.25,0.36,1.0
coat,0.0,0.0,0.0,0.0,0.0,0.25,0.0,0.25,0.17,0.1,0.2,0.29,0.25,0.11,0.25,0.5,0.0,0.25,0.45,0.6
belt,0.0,0.0,0.0,0.0,0.0,0.0,0.5,0.5,0.0,0.1,0.4,0.29,0.25,0.44,0.25,0.25,0.4,0.25,0.64,0.6
pijamas,0.5,0.0,0.5,1.0,0.0,0.75,0.5,0.75,0.67,0.9,1.0,1.0,1.0,0.89,0.62,1.0,0.8,0.75,0.73,1.0
swimmingtogs,0.0,1.0,0.0,0.0,0.0,0.25,0.25,0.25,0.0,0.2,0.2,0.29,0.0,0.22,0.0,0.5,0.6,0.25,0.36,0.4
clothes,0.0,1.0,0.0,0.0,0.0,0.25,0.0,0.25,0.0,0.1,0.0,0.14,0.25,0.11,0.12,0.75,0.4,0.5,0.36,0.2
ring,0.0,0.0,0.5,0.0,0.0,0.0,0.25,0.25,0.0,0.0,0.0,0.29,0.0,0.11,0.12,0.25,0.0,0.25,0.18,0.0
underpants,0.0,1.0,0.0,0.0,0.0,0.25,0.25,0.0,0.17,0.2,0.2,0.0,0.0,0.11,0.25,0.25,0.4,0.25,0.27,0.2
jumper,0.0,0.0,0.0,0.0,0.0,0.0,0.25,0.25,0.17,0.1,0.6,0.43,0.25,0.11,0.38,0.75,0.4,0.25,0.55,0.4
dress,0.0,1.0,0.5,0.0,0.0,0.25,0.25,0.25,0.0,0.1,0.2,0.14,0.0,0.11,0.25,0.5,0.2,0.25,0.27,0.4
hat,0.0,1.0,0.0,0.0,0.67,0.25,0.0,0.25,0.33,0.1,0.0,0.29,0.25,0.11,0.25,0.75,0.0,0.25,0.27,0.2
shirt,0.0,0.0,0.0,0.0,0.0,0.0,0.0,0.25,0.0,0.1,0.0,0.0,0.25,0.11,0.12,0.0,0.0,0.0,0.27,0.0
tights,0.0,0.0,0.5,0.0,0.33,0.0,0.25,0.25,0.5,0.5,0.4,0.57,0.25,0.33,0.25,0.5,0.6,0.5,0.55,0.6
skirt,0.0,0.0,0.0,0.0,0.0,0.0,0.0,0.25,0.17,0.0,0.0,0.29,0.25,0.11,0.0,0.5,0.2,0.25,0.18,0.4
jacket,0.0,0.0,0.0,0.0,0.0,0.25,0.0,0.5,0.17,0.1,0.2,0.29,0.75,0.22,0.12,0.75,0.2,0.75,0.64,0.2
slipper,0.0,0.0,0.0,0.0,0.0,0.0,0.5,0.5,0.0,0.2,0.6,0.57,0.5,0.33,0.25,1.0,0.4,0.0,0.45,0.6
glasses,0.0,0.0,0.0,0.0,0.0,0.0,0.0,0.5,0.0,0.2,0.2,0.14,0.5,0.22,0.38,0.75,0.2,0.25,0.27,0.4
socks,0.0,0.0,0.0,0.0,0.67,0.0,0.0,0.5,0.33,0.1,0.2,0.29,0.5,0.22,0.38,0.75,0.2,0.5,0.45,0.6
tshirt,0.0,0.0,0.0,0.0,0.0,0.0,0.0,0.5,0.0,0.1,0.0,0.43,0.5,0.56,0.38,1.0,0.6,0.25,0.55,0.8
vest,0.0,0.0,0.0,0.0,0.0,0.0,0.25,0.5,0.33,0.1,0.0,0.29,0.75,0.33,0.5,0.75,0.4,0.5,0.45,0.8
face,0.0,1.0,0.0,0.0,0.0,0.0,0.0,0.25,0.0,0.1,0.2,0.29,0.5,0.11,0.25,0.25,0.6,0.25,0.45,0.4
toes,0.0,1.0,0.0,1.0,0.67,0.5,0.25,0.75,0.5,0.5,0.4,0.43,0.5,0.22,0.38,1.0,0.6,0.25,0.45,0.6
mouth,0.0,0.0,0.0,0.0,0.0,0.0,0.0,0.25,0.33,0.1,0.2,0.29,0.5,0.11,0.25,0.75,0.6,0.25,0.55,0.4
lips,0.0,0.0,0.0,0.0,0.0,0.25,0.0,0.5,0.33,0.1,0.0,0.14,0.5,0.11,0.25,0.5,0.6,0.25,0.45,0.4
head,0.0,0.0,0.0,0.0,0.0,0.0,0.0,0.25,0.17,0.1,0.4,0.29,0.5,0.11,0.38,0.75,0.6,0.25,0.55,0.4
ears,0.0,0.0,0.0,0.0,0.67,0.0,0.0,0.5,0.5,0.1,0.2,0.14,0.5,0.11,0.5,0.75,0.6,0.25,0.27,0.4
foot,0.0,0.0,0.0,0.0,0.0,0.25,0.0,0.25,0.33,0.1,0.0,0.14,0.5,0.11,0.25,0.75,0.6,0.25,0.64,0.6
back,0.0,0.0,0.0,0.0,0.0,0.0,0.0,0.0,0.33,0.1,0.0,0.14,0.25,0.11,0.25,0.5,0.4,0.25,0.45,0.4
teeth,0.0,0.0,0.0,0.0,0.67,0.0,0.0,0.25,0.33,0.1,0.2,0.14,0.5,0.33,0.38,0.75,0.4,0.25,0.36,0.4
knee,0.0,0.0,0.0,0.0,0.0,0.0,0.0,0.5,0.0,0.1,0.2,0.0,0.25,0.11,0.12,0.25,0.2,0.25,0.27,0.4
hair,0.0,0.0,0.0,0.0,0.0,0.0,0.0,0.5,1.67,0.1,0.2,0.14,0.5,0.11,0.38,0.75,0.2,0.5,0.36,0.4
shoulder(s),0.0,0.0,0.0,0.0,0.0,0.0,0.0,0.25,0.0,0.0,0.0,0.14,0.25,0.0,0.12,0.25,0.2,0.0,0.18,0.2
hand,0.0,0.0,0.0,0.0,0.33,0.0,0.0,0.5,0.33,0.1,0.4,0.29,0.5,0.11,0.5,1.0,0.2,0.5,0.45,0.6
cheek,0.0,1.0,0.0,0.0,0.0,0.25,0.0,0.25,0.0,0.1,0.4,0.14,0.25,0.11,0.12,0.25,0.0,0.0,0.18,0.4
eyebrow,0.0,1.0,0.0,0.0,0.0,0.25,0.0,0.0,0.0,0.1,0.0,0.14,0.25,0.11,0.0,0.25,0.2,0.0,0.27,0.2
finger,0.0,0.0,0.0,0.0,0.0,0.0,0.0,0.5,0.0,0.1,0.2,0.29,0.25,0.33,0.25,1.0,0.4,0.75,0.45,0.6
neck,0.0,0.0,0.0,0.0,0.0,0.0,0.0,0.25,0.0,0.1,0.0,0.0,0.0,0.11,0.0,0.25,0.2,0.25,0.27,0.2
thumb,0.0,0.0,0.0,0.0,0.0,0.0,0.0,0.25,0.0,0.0,0.0,0.14,0.0,0.11,0.12,0.25,0.2,0.0,0.18,0.6
willy,0.0,0.0,0.0,0.0,0.0,0.0,0.25,0.25,0.0,0.1,0.6,0.14,0.25,0.0,0.62,0.75,0.2,0.25,0.36,0.4
chin,0.0,0.0,0.0,0.0,0.0,0.0,0.0,0.0,0.17,0.0,0.2,0.0,0.25,0.11,0.12,0.5,0.2,0.0,0.27,0.2
nose,0.0,0.0,0.0,0.0,0.33,0.0,0.0,0.5,0.5,0.1,0.2,0.14,0.5,0.11,0.5,0.75,0.2,0.25,0.45,0.4
throat,0.0,0.0,0.0,0.0,0.0,0.0,0.0,0.0,0.0,0.0,0.0,0.14,0.25,0.0,0.0,0.25,0.2,0.0,0.27,0.2
eye,0.0,0.0,0.0,0.0,0.67,0.0,0.0,0.25,0.33,0.1,0.2,0.14,0.5,0.22,0.38,0.75,0.4,0.25,0.45,0.4
tongue,0.0,0.0,0.0,0.0,0.0,0.0,0.0,0.25,0.0,0.1,0.2,0.0,0.5,0.22,0.25,0.75,0.4,0.25,0.45,0.2
bottom,0.0,0.0,0.0,0.0,0.0,0.0,0.0,0.25,0.17,0.1,0.2,0.14,0.25,0.11,0.5,0.75,0.2,0.25,0.27,0.4
elbow,0.0,0.0,0.0,0.0,0.0,0.0,0.0,0.0,0.0,0.0,0.0,0.0,0.25,0.11,0.0,0.25,0.2,0.0,0.27,0.2
money,0.0,0.0,0.0,0.0,0.33,0.0,0.25,0.25,0.17,0.1,0.2,0.14,0.5,0.22,0.38,0.75,0.2,0.25,0.45,0.6
bowl,0.0,0.0,0.0,0.0,0.0,0.0,0.25,0.25,0.33,0.1,0.2,0.43,0.5,0.11,0.25,1.0,0.0,0.0,0.36,0.6
basket,0.0,0.0,0.5,0.0,0.0,0.0,0.0,0.5,0.0,0.1,0.0,0.14,0.5,0.11,0.12,0.5,0.4,0.25,0.18,0.2
blanket,0.0,0.0,0.0,0.0,0.33,0.25,0.0,0.5,0.0,0.2,0.2,0.43,0.5,0.11,0.38,0.25,0.2,0.25,0.18,0.4
table,0.0,0.0,0.5,0.0,0.0,0.0,0.0,0.25,0.33,0.1,0.2,0.43,0.5,0.11,0.25,0.75,0.4,0.25,0.45,0.8
box,0.0,0.0,0.5,0.0,0.0,0.0,0.0,0.25,0.0,0.1,0.2,0.43,0.5,0.11,0.38,1.0,0.2,0.25,0.55,0.8
dustbin,0.0,0.0,1.0,0.0,0.0,0.0,0.0,0.25,0.17,0.5,0.2,0.43,0.5,0.0,0.38,0.25,0.4,0.25,0.27,0.2
rubbish,0.0,0.0,0.0,0.0,0.0,0.0,0.0,0.0,0.0,0.1,0.2,0.29,0.5,0.11,0.38,0.75,0.6,0.25,0.36,0.4
bucket,0.0,1.0,0.0,0.0,0.33,0.25,0.0,0.25,0.17,0.1,0.6,0.43,0.5,0.11,0.5,0.75,0.4,0.25,0.36,0.6
bottle,0.0,0.0,0.0,0.0,0.33,0.0,0.0,0.25,0.33,0.1,0.2,0.43,0.5,0.11,0.5,1.0,0.2,0.5,0.27,0.8
hammer,0.0,0.0,0.0,0.0,0.0,0.0,0.0,0.25,0.0,0.1,0.2,0.0,0.5,0.22,0.12,0.25,0.2,0.0,0.36,0.4
camara,0.0,0.0,0.0,0.0,0.0,0.25,0.25,0.5,0.0,0.2,0.2,0.29,0.5,0.22,0.38,1.0,0.0,0.5,0.36,0.6
comb,0.0,0.0,0.0,0.0,0.0,0.0,0.0,0.25,0.17,0.2,0.0,0.14,0.25,0.0,0.12,0.25,0.2,0.25,0.18,0.4
tissue,0.0,0.0,1.0,1.0,0.0,0.0,0.25,0.75,0.33,0.8,0.6,0.71,0.75,1.0,0.38,0.75,0.4,0.5,0.82,0.8
hoover,0.0,0.0,1.0,0.0,0.0,0.25,0.5,0.5,0.67,0.4,0.6,0.86,0.75,0.78,0.62,0.75,0.4,0.75,0.73,1.0
mobilephone,0.0,0.0,0.0,0.0,0.0,0.0,0.25,0.0,0.33,0.4,0.2,0.43,0.75,0.11,0.25,0.5,0.6,0.5,0.36,0.4
soap,0.0,0.0,0.0,0.0,0.0,0.0,0.25,0.25,0.17,0.2,0.0,0.29,3.0,0.0,0.12,0.75,0.4,0.0,0.36,0.6
glass,0.0,0.0,0.5,0.0,0.0,0.0,0.0,0.25,0.17,0.0,0.0,0.43,0.25,0.11,0.25,0.5,0.0,0.25,0.27,0.4
lamp,0.0,0.0,0.0,0.0,0.0,0.0,0.0,0.0,0.0,0.1,0.0,0.43,0.25,0.11,0.12,0.25,0.0,0.0,0.18,0.2
medicine,0.0,0.0,0.5,0.0,0.0,0.0,0.25,0.25,0.0,0.2,0.0,0.43,0.5,0.22,0.38,0.5,0.6,0.25,0.45,0.8
bag,0.0,0.0,0.0,0.0,0.33,0.0,0.25,0.5,0.17,0.1,0.2,0.43,0.5,0.22,0.38,0.75,0.2,0.25,0.45,0.4
map,0.0,0.0,0.0,0.0,0.0,0.0,0.0,0.25,0.0,0.0,0.0,0.29,0.25,0.11,0.12,0.25,0.0,0.0,0.27,0.4
mug,0.0,0.0,0.0,0.0,0.0,0.0,0.0,0.25,0.17,0.1,0.0,0.14,0.5,0.22,0.12,0.5,0.2,0.25,0.09,0.0
paper,0.0,0.0,0.0,0.0,0.0,0.0,0.0,0.25,0.0,0.1,0.2,0.14,0.5,0.11,0.25,0.75,0.2,0.25,0.18,0.8
picture,0.0,0.0,0.0,0.0,0.0,0.0,0.0,0.25,0.17,0.1,0.0,0.43,0.5,0.11,0.38,0.75,0.4,0.25,0.36,0.8
saucepan,0.0,0.0,0.0,0.0,0.0,0.0,0.0,0.25,0.0,0.1,0.0,0.14,0.5,0.22,0.12,0.75,0.2,0.0,0.18,0.4
mirror,0.0,0.0,0.0,0.0,0.0,0.0,0.0,0.25,0.0,0.1,0.0,0.14,0.5,0.11,0.25,0.5,0.2,0.25,0.18,0.6
knife,0.0,0.0,0.0,0.0,0.0,0.0,0.0,0.25,0.0,0.1,0.2,0.29,0.5,0.11,0.25,0.5,0.0,0.25,0.36,0.4
sconna,0.0,0.0,0.0,0.0,0.0,0.0,0.0,0.25,0.0,0.0,0.0,0.0,0.0,0.0,0.25,0.5,0.4,0.0,0.09,0.2
tap,0.0,0.0,0.0,0.0,0.0,0.0,0.25,0.0,0.17,0.1,0.6,0.43,0.75,0.67,0.12,0.25,0.6,0.5,0.82,0.8
scuab,0.0,0.0,0.5,1.0,0.0,0.25,0.5,0.75,0.33,0.8,0.8,0.57,0.5,0.78,0.75,0.75,0.8,0.75,0.82,0.6
brush,0.0,0.0,0.0,1.0,0.33,0.0,0.25,0.5,0.33,0.1,0.4,0.29,0.5,0.44,0.5,0.5,0.4,0.25,0.45,1.0
toothbrush,0.0,0.0,0.0,0.0,0.33,0.0,0.25,0.25,0.33,0.3,0.2,0.43,0.75,0.33,0.5,0.75,0.4,0.25,0.55,0.8
scissors,0.0,0.0,0.0,0.0,0.0,0.0,0.0,0.25,0.17,0.2,0.2,0.29,0.5,0.11,0.38,0.75,0.2,0.25,0.18,0.8
light,0.0,0.0,0.0,0.0,0.0,0.0,0.0,0.25,0.0,0.1,0.2,0.43,0.5,0.11,0.38,0.5,0.2,0.25,0.18,0.8
spoon,0.0,0.0,0.0,0.0,0.0,0.0,0.0,0.5,0.33,0.1,0.2,0.29,0.5,0.11,0.38,0.75,0.0,0.25,0.27,0.4
teapot,0.0,0.0,0.0,0.0,0.0,0.0,0.0,0.5,0.0,0.1,0.2,0.0,0.5,0.11,0.0,0.0,0.0,0.0,0.27,0.4
toothpaste,0.0,0.0,0.0,0.0,0.0,0.25,0.5,0.25,0.33,0.3,0.8,0.71,0.75,0.33,0.5,0.75,0.4,0.25,0.73,1.0
telephone,0.0,0.0,0.0,0.0,0.33,0.0,0.0,0.75,0.0,0.3,0.2,0.43,0.75,0.22,0.5,0.75,0.4,0.25,0.55,0.8
clock,0.0,0.0,0.0,0.0,0.0,0.0,0.0,0.25,0.0,0.1,0.2,0.0,0.25,0.22,0.25,0.0,0.0,0.25,0.18,0.2
jug,0.0,0.0,0.0,0.0,0.0,0.0,0.0,0.25,0.17,0.0,0.2,0.0,0.25,0.22,0.12,0.5,0.4,0.5,0.27,0.2
cup,0.0,0.0,0.0,0.0,0.33,0.0,0.0,0.25,0.33,0.1,0.2,0.29,0.5,0.11,0.38,0.75,0.2,0.5,0.45,0.6
pillow,0.0,0.0,0.0,0.0,0.0,0.0,0.25,0.5,0.0,0.1,0.2,0.43,0.5,0.11,0.38,0.5,0.0,0.25,0.18,0.6
plant,0.0,0.0,0.0,0.0,0.0,0.0,0.0,0.25,0.0,0.1,0.0,0.14,0.25,0.11,0.0,0.25,0.2,0.5,0.27,0.0
plate,0.0,0.0,0.0,0.0,0.0,0.0,0.0,0.25,0.0,0.1,0.0,0.29,0.5,0.11,0.25,0.5,0.2,0.25,0.18,0.2
pot,0.0,0.0,0.0,0.0,0.0,0.0,0.0,0.25,0.0,0.0,0.0,0.14,0.25,0.11,0.0,0.5,0.2,0.0,0.18,0.2
towel,0.0,0.0,0.0,0.0,0.0,0.0,0.25,0.5,0.0,0.1,0.2,0.57,0.5,0.11,0.25,0.5,0.0,0.25,0.27,0.2
watch,0.0,0.0,0.0,0.0,0.0,0.25,0.25,0.5,0.0,0.3,0.6,0.14,0.5,0.44,0.12,0.25,0.4,0.5,0.45,0.2
cot,0.0,1.0,0.5,1.0,0.33,0.75,0.75,0.75,0.5,0.8,0.6,1.0,1.0,0.67,0.88,1.0,1.0,1.0,0.64,1.0
chair,0.0,0.0,0.0,0.0,0.67,0.0,0.0,0.5,0.17,0.1,0.0,0.57,0.5,0.11,0.5,0.75,0.2,0.5,0.27,0.4
highchair,0.0,0.0,0.5,0.0,0.0,0.0,0.25,0.25,0.17,0.2,0.2,0.43,0.5,0.22,0.12,0.25,0.6,0.0,0.27,0.2
kitchen,0.0,0.0,0.0,0.0,0.0,0.0,0.0,0.25,0.0,0.1,0.2,0.43,0.5,0.11,0.25,0.5,0.2,0.25,0.18,0.2
shower,0.0,0.0,1.0,1.0,0.0,0.0,0.25,0.75,0.33,0.4,0.6,0.86,0.75,0.56,0.75,1.0,0.6,0.75,0.73,0.6
fridge,0.0,0.0,0.5,1.0,0.0,0.0,0.5,0.5,0.33,0.7,0.8,0.71,1.25,0.67,0.62,0.75,0.6,0.5,0.73,0.8
sink,0.0,0.0,0.0,0.0,0.0,0.25,0.25,0.5,0.17,0.4,0.8,0.86,1.0,0.78,0.62,0.75,0.8,1.0,0.73,1.0
door,0.0,0.0,0.0,0.0,0.33,0.0,0.0,0.5,0.33,0.1,0.2,0.71,0.5,0.11,0.5,0.75,0.0,0.5,0.45,0.4
bath,0.0,0.0,0.0,1.0,0.0,0.25,0.5,1.0,0.67,0.7,0.8,1.0,0.75,0.44,0.75,1.0,0.8,1.0,0.73,1.0
window,0.0,0.0,0.0,0.0,0.0,0.0,0.0,0.25,0.0,0.1,0.2,0.29,0.25,0.22,0.38,0.75,0.2,0.5,0.36,0.4
garage,0.0,0.0,0.0,0.0,0.0,0.25,0.25,0.25,0.0,0.1,0.2,0.29,0.25,0.44,0.38,1.0,0.4,0.0,0.55,0.2
bed,0.0,0.0,0.0,0.0,0.33,0.0,0.0,0.25,0.17,0.3,0.2,0.14,0.5,0.33,0.5,0.75,0.0,0.5,0.64,0.6
toilet,0.0,0.0,0.0,0.0,0.0,0.0,0.0,0.75,0.17,0.4,0.2,0.43,0.5,0.56,0.38,0.75,0.2,0.5,0.45,0.8
washingmachine,0.0,0.0,0.0,0.0,0.0,0.0,0.25,0.5,0.17,0.4,0.4,0.43,1.0,0.56,0.62,0.5,0.8,0.0,0.73,1.0
oven,0.0,0.0,0.0,0.0,0.0,0.0,0.25,0.25,0.17,0.1,0.2,0.43,0.75,0.33,0.5,0.25,0.4,0.25,0.27,0.6
potty,0.0,0.0,0.0,0.0,0.0,0.5,0.0,0.5,0.17,0.2,0.4,0.71,0.5,0.78,0.38,0.75,1.0,0.75,0.64,1.0
room,0.0,0.0,0.0,0.0,0.0,0.0,0.0,0.25,0.0,0.1,0.0,0.43,0.5,0.22,0.38,0.75,0.0,0.25,0.27,0.6
bathroom,0.0,0.0,0.0,0.0,0.0,0.0,0.0,0.25,0.17,0.1,0.4,0.14,0.75,0.33,0.62,0.5,0.4,0.25,0.45,0.4
bedroom,0.0,0.0,0.0,0.0,0.0,0.0,0.0,0.25,0.0,0.1,0.2,0.29,0.5,0.11,0.5,0.25,0.0,0.25,0.36,0.6
sittingroom,0.0,0.0,0.0,0.0,0.0,0.0,0.0,0.25,0.17,0.2,0.0,0.43,0.5,0.22,0.25,1.0,0.2,0.5,0.27,0.2
playroom,0.0,0.0,0.0,0.0,0.0,0.0,0.0,0.25,0.17,0.2,0.4,0.14,0.5,0.11,0.25,0.5,0.2,0.25,0.27,0.4
cooker,0.0,0.0,0.0,0.0,0.0,0.0,0.0,0.25,0.17,0.1,0.0,0.14,0.75,0.44,0.12,0.5,0.4,0.75,0.36,0.4
stairs,0.0,0.0,0.0,0.0,0.0,0.0,0.0,0.25,0.17,0.1,0.2,0.29,0.25,0.11,0.25,0.75,0.0,0.25,0.27,0.4
stool,0.0,0.0,0.0,0.0,0.0,0.0,0.0,0.25,0.0,0.1,0.0,0.0,0.5,0.11,0.12,0.25,0.0,0.0,0.27,0.0
drawer,0.0,0.0,0.0,0.0,0.0,0.0,0.25,0.25,0.17,0.1,0.0,0.29,0.5,0.33,0.25,0.75,0.4,0.25,0.45,0.2
television,0.0,0.0,0.0,0.0,0.0,0.0,0.25,0.5,0.33,0.2,0.4,0.43,0.5,0.44,0.38,0.75,0.2,0.5,0.27,0.8
fire,0.0,0.0,0.0,0.0,0.0,0.0,0.0,0.25,0.17,0.1,0.2,0.29,0.5,0.22,0.12,0.5,0.0,0.25,0.36,0.4
floor,0.0,0.0,0.0,0.0,0.0,0.0,0.0,0.25,0.17,0.1,0.2,0.14,0.5,0.11,0.38,0.75,0.4,0.25,0.36,0.6
rain,0.0,0.0,0.0,0.0,0.33,0.0,0.0,0.25,0.17,0.1,0.2,0.29,0.5,0.22,0.25,1.0,0.6,1.0,0.36,0.4
stick,0.0,0.0,0.0,0.0,0.0,0.0,0.0,0.25,0.0,0.1,0.0,0.29,0.5,0.11,0.25,1.0,0.2,0.75,0.45,0.2
flower,0.5,0.0,0.0,0.0,0.0,0.0,0.25,0.5,0.17,0.2,0.2,0.43,0.5,0.22,0.25,1.0,0.6,0.75,0.27,0.6
shed,0.0,1.0,0.0,0.0,0.0,0.25,0.25,0.0,0.17,0.3,0.4,0.14,0.25,0.33,0.38,1.0,0.6,0.5,0.64,0.4
road,0.0,1.0,0.0,0.0,0.0,0.25,0.25,0.25,0.17,0.1,0.0,0.43,0.5,0.11,0.25,0.75,0.2,0.75,0.45,0.4
flag,0.0,1.0,0.0,0.0,0.0,0.0,0.0,0.5,0.17,0.1,0.0,0.14,0.5,0.22,0.25,0.75,0.4,0.5,0.36,0.6
bucket,0.0,1.0,0.0,0.0,0.33,0.25,0.0,0.25,0.33,0.1,0.2,0.29,0.5,0.22,0.5,0.5,0.2,0.75,0.45,0.6
rock,0.0,1.0,0.0,0.0,0.0,0.25,0.0,0.0,0.33,0.1,0.2,0.29,0.5,0.0,0.25,0.25,0.0,0.5,0.18,0.2
fog,0.0,1.0,0.0,0.0,0.0,0.25,0.0,0.0,0.17,0.0,0.0,0.0,0.0,0.0,0.12,0.25,0.2,0.5,0.18,0.0
fence,0.0,0.0,0.0,0.0,0.0,0.0,0.0,0.0,0.0,0.0,0.0,0.14,0.0,0.0,0.12,0.25,0.2,0.5,0.09,0.0
cloch,0.5,0.0,1.0,0.0,0.0,0.5,0.5,0.75,0.33,0.7,0.4,0.71,0.75,1.0,0.75,0.75,1.0,0.75,1.0,0.8
stone,0.0,1.0,0.0,0.0,0.0,0.0,0.0,0.25,0.0,0.1,0.2,0.14,0.5,0.11,0.25,0.5,0.2,0.5,0.27,0.4
foothpath,0.0,1.0,0.0,0.0,0.0,0.25,0.0,0.0,0.17,0.1,0.0,0.14,0.0,0.11,0.12,0.25,0.2,0.5,0.09,0.0
tree,0.0,0.0,0.0,0.0,0.0,0.0,0.0,0.25,0.33,0.1,0.2,0.29,0.5,0.11,0.38,0.5,0.0,0.75,0.27,0.4
roof,0.0,0.0,0.0,0.0,0.0,0.0,0.0,0.0,0.17,0.0,0.0,0.0,0.0,0.11,0.0,0.25,0.4,0.25,0.36,0.6
ladder,0.0,0.0,0.0,0.0,0.0,0.0,0.0,0.25,0.0,0.0,0.0,0.0,0.5,0.33,0.12,0.5,0.2,0.25,0.45,0.0
wall,0.0,0.0,0.0,0.0,0.0,0.0,0.0,0.25,0.0,0.1,0.0,0.0,0.25,0.11,0.12,0.5,0.2,0.25,0.27,0.6
sea,0.0,0.0,0.0,0.0,0.33,0.0,0.0,0.0,0.17,0.1,0.2,0.14,0.5,0.11,0.12,0.75,0.2,0.25,0.36,0.0
grass,0.0,0.0,0.0,0.0,0.0,0.0,0.0,0.0,0.17,0.1,0.2,0.0,0.25,0.11,0.25,0.25,0.0,0.25,0.27,0.6
snowman,0.0,0.0,0.0,0.0,0.0,0.0,0.0,0.25,0.17,0.0,0.2,0.0,0.25,0.22,0.0,0.25,0.0,0.0,0.36,0.0
sand,0.0,0.0,0.0,0.0,0.0,0.0,0.0,2.75,0.17,0.0,0.2,0.29,0.5,0.11,0.38,0.75,0.4,0.25,0.45,0.6
garden,0.0,0.0,0.0,0.0,0.0,0.0,0.0,0.25,0.0,0.1,0.0,0.14,0.5,0.11,0.38,0.5,0.0,0.25,0.27,0.2
wind,0.0,0.0,0.0,0.0,0.0,0.0,0.0,0.0,0.0,0.1,0.6,0.0,0.5,0.11,0.25,0.75,0.4,0.25,0.27,0.2
moon,0.0,0.0,0.0,0.0,0.33,0.0,0.0,0.5,0.0,0.1,0.2,0.0,0.25,0.33,0.38,0.5,0.2,0.25,0.45,0.4
gate,0.0,0.0,0.0,0.0,0.0,0.0,0.25,0.5,0.17,0.1,0.0,0.14,0.5,0.0,0.12,0.75,0.2,0.25,0.27,0.0
sun,0.0,0.0,0.0,0.0,0.33,0.0,0.0,0.5,0.17,0.1,0.2,0.29,0.5,0.11,0.38,0.5,0.2,0.25,0.45,0.6
shovel,0.0,0.0,0.0,0.0,0.0,0.0,0.0,0.5,0.0,0.1,0.0,0.0,0.0,0.11,0.0,0.5,0.0,0.25,0.36,0.4
(swimming)pool,0.0,0.0,0.5,0.0,0.0,0.0,0.0,0.25,0.33,0.4,0.2,0.29,0.5,0.44,0.38,0.5,0.8,0.25,0.64,1.0
pond,0.0,0.0,0.0,0.0,0.0,0.0,0.0,0.0,0.0,0.1,0.0,0.0,0.0,0.11,0.0,0.0,0.0,0.0,0.18,0.0
swings,0.0,0.0,0.0,0.0,0.0,0.25,0.5,0.5,0.5,0.6,0.6,0.29,0.75,0.89,0.5,0.75,0.6,0.5,0.64,1.0
stars,0.0,0.0,0.0,0.0,0.0,0.0,0.0,0.25,0.33,0.0,0.2,0.29,0.5,0.11,0.25,0.5,0.2,0.25,0.27,0.6
cloud,0.0,0.0,0.0,0.0,0.0,0.0,0.0,0.25,0.0,0.0,0.2,0.0,0.25,0.11,0.25,0.25,0.0,0.0,0.27,0.2
bush,0.0,0.0,0.0,0.0,0.0,0.0,0.0,0.0,0.0,0.0,0.0,0.0,0.0,0.0,0.0,0.25,0.0,0.0,0.18,0.0
chimney,0.0,0.0,0.0,0.0,0.0,0.0,0.0,0.0,0.0,0.0,0.0,0.0,0.25,0.11,0.0,0.0,0.0,0.0,0.36,0.2
slide,0.0,0.0,0.0,0.0,0.0,0.0,0.5,0.75,0.33,0.6,0.6,0.43,0.5,0.78,0.38,0.75,0.6,0.25,0.64,1.0
snow,0.0,0.0,0.0,0.0,0.0,0.0,0.0,0.25,0.17,0.0,0.0,0.14,0.5,0.11,0.0,0.25,0.4,0.25,0.36,0.2
sky,0.0,0.0,0.0,0.0,0.0,0.0,0.0,0.5,0.0,0.1,0.4,0.14,0.5,0.11,0.25,0.0,0.2,0.25,0.27,0.6
street,0.0,0.0,0.0,0.0,0.0,0.0,0.0,0.0,0.0,0.0,0.0,0.0,0.0,0.0,0.0,0.25,0.2,0.0,0.18,0.0
water,0.0,0.0,0.0,0.0,0.0,0.0,0.0,0.5,0.17,0.1,0.2,0.29,0.5,0.22,0.5,0.75,0.2,0.5,0.36,0.4
home,0.0,1.0,0.0,0.0,0.0,0.25,0.0,0.25,0.0,0.1,0.2,0.43,0.5,0.22,0.62,1.0,0.4,0.0,0.36,0.6
mass,0.0,1.0,0.0,0.0,0.0,0.25,0.0,0.25,0.0,0.0,0.0,0.14,0.0,0.11,0.25,0.0,0.0,0.0,0.09,0.0
outside,0.0,0.0,0.0,0.0,0.0,0.0,0.0,0.25,0.17,0.1,0.2,0.57,0.5,0.22,0.5,0.0,0.2,0.0,0.36,0.4
camping,0.0,1.0,0.0,0.0,0.0,0.0,0.0,0.0,0.0,0.0,0.0,0.14,0.0,0.22,0.12,0.0,0.0,0.0,0.18,0.0
forest,0.0,0.0,0.0,0.0,0.0,0.0,0.0,0.0,0.0,0.0,0.0,0.14,0.0,0.11,0.12,0.0,0.2,0.0,0.18,0.0
party,0.0,0.0,0.5,0.0,0.0,0.0,0.25,0.5,0.0,0.4,0.8,0.86,1.0,0.44,0.5,1.0,0.6,0.5,0.55,1.0
farm,0.0,0.0,0.0,0.0,0.0,0.0,0.0,0.25,0.0,0.1,0.2,0.14,0.0,0.11,0.12,0.5,0.2,0.0,0.36,0.4
field,0.0,0.0,0.0,0.0,0.0,0.0,0.0,0.0,0.0,0.0,0.0,0.29,0.25,0.11,0.12,0.25,0.2,0.0,0.18,0.4
inside,0.0,0.0,0.0,0.0,0.0,0.0,0.0,0.25,0.17,0.1,0.0,0.43,0.5,0.22,0.38,0.5,0.2,0.25,0.18,0.4
work,0.0,0.0,0.0,0.0,0.0,0.0,0.0,0.25,0.0,0.1,0.2,0.14,0.5,0.11,0.38,0.25,0.2,0.25,0.27,0.2
hospital,0.0,0.0,0.0,0.0,0.0,0.0,0.0,0.25,0.17,0.0,0.2,0.29,0.25,0.11,0.25,0.5,0.0,0.0,0.18,0.4
park,0.0,0.0,0.0,0.0,0.0,0.0,0.0,0.0,0.0,0.0,0.0,0.29,0.25,0.22,0.38,0.25,0.2,0.25,0.18,0.2
playschool,0.0,0.0,0.0,0.0,0.0,0.0,0.0,0.25,0.17,0.1,0.0,0.0,0.0,0.11,0.25,0.0,0.2,0.0,0.09,0.0
creche,0.0,0.0,0.0,1.0,0.0,0.0,0.0,0.0,0.33,0.29,0.0,0.43,0.67,0.33,0.38,0.75,0.2,0.25,0.36,0.6
school,0.0,0.0,0.0,0.0,0.0,0.0,0.0,0.25,0.17,0.1,0.0,0.14,0.25,0.11,0.25,0.5,0.2,0.25,0.27,0.2
shop,0.0,0.0,0.0,0.0,0.0,0.0,0.0,0.25,0.17,0.1,0.2,0.29,0.5,0.11,0.5,0.25,0.4,0.25,0.45,0.6
house,0.0,0.0,0.0,0.0,0.0,0.0,0.0,0.25,0.17,0.1,0.2,0.29,0.5,0.11,0.38,1.0,0.2,0.25,0.45,0.4
beach,0.0,0.0,0.0,0.0,0.33,0.0,0.0,0.25,0.17,0.0,0.2,0.43,0.25,0.11,0.25,0.5,0.2,0.0,0.27,0.8
zoo,0.0,0.0,0.0,0.0,0.0,0.0,0.0,0.5,0.0,0.1,0.0,0.14,0.5,0.11,0.0,0.5,0.2,0.0,0.18,0.6
petname,0.0,0.0,0.0,0.0,0.33,0.0,0.0,0.25,0.17,0.0,0.2,0.43,0.5,0.11,0.25,0.5,0.2,0.25,0.27,0.6
aunty,0.0,0.0,0.0,0.0,0.0,0.0,0.0,0.5,0.0,0.0,0.2,0.43,0.5,0.22,0.38,0.25,0.0,0.0,0.36,0.2
woman,0.0,0.0,0.0,0.0,0.0,0.0,0.0,0.25,0.0,0.1,0.2,0.14,0.5,0.11,0.12,0.25,0.2,0.0,0.36,0.0
boy,0.0,0.0,0.0,0.0,0.67,0.0,0.0,0.25,0.17,0.1,0.2,0.0,0.5,0.11,0.25,0.5,0.4,0.25,0.45,0.4
girl,0.0,0.0,0.5,0.0,0.0,0.0,0.0,0.25,0.17,0.1,0.2,0.14,0.5,0.11,0.25,0.0,0.2,0.25,0.45,0.6
friend,0.0,0.0,0.0,0.0,0.0,0.0,0.0,0.25,0.0,0.1,0.2,0.14,0.5,0.11,0.12,0.0,0.4,0.25,0.45,0.2
cousin,0.0,0.0,0.0,0.0,0.0,0.0,0.0,0.0,0.0,0.1,0.0,0.0,0.25,0.22,0.0,0.75,0.2,0.0,0.45,0.2
grandad,0.0,0.0,0.0,0.0,0.33,0.0,0.0,0.75,0.33,0.2,0.4,0.43,0.25,0.33,0.5,0.5,0.4,0.5,0.55,0.6
people,0.0,0.0,0.0,0.0,0.0,0.0,0.0,0.0,0.0,0.0,0.0,0.0,0.25,0.11,0.0,0.0,0.0,0.25,0.18,0.0
brother,0.0,0.0,0.0,0.0,0.0,0.0,0.0,0.25,0.0,0.0,0.0,0.14,0.25,0.22,0.12,0.5,0.2,0.0,0.18,0.2
sister,0.0,0.0,0.0,0.0,0.0,0.0,0.0,0.0,0.0,0.0,0.0,0.14,0.25,0.11,0.0,0.25,0.2,0.25,0.27,0.4
doctor,0.0,0.0,0.0,0.0,0.0,0.0,0.0,0.25,0.17,0.2,0.0,0.14,0.25,0.11,0.12,0.5,0.0,0.25,0.27,0.6
person,0.0,0.0,0.5,0.0,0.0,0.0,0.0,0.25,0.0,0.1,0.0,0.14,0.0,0.11,0.12,0.25,0.4,0.0,0.18,0.0
man,0.0,0.0,0.5,0.0,0.33,0.0,0.0,0.25,0.0,0.0,0.2,0.29,0.25,0.11,0.38,0.25,0.0,0.25,0.27,0.25
fireman,0.0,0.0,0.0,0.0,0.0,0.0,0.0,0.5,0.17,0.3,0.4,0.14,0.5,0.33,0.75,0.5,0.4,0.0,0.36,0.8
clown,0.0,0.0,0.0,0.0,0.0,0.0,0.0,0.25,0.0,0.1,0.0,0.43,0.25,0.11,0.12,0.0,0.4,0.0,0.45,0.2
postman,0.0,0.0,0.0,0.0,0.0,0.0,0.0,0.25,0.0,0.0,0.0,0.0,0.25,0.11,0.12,0.0,0.4,0.25,0.27,0.2
farmer,0.0,0.0,0.0,0.0,0.0,0.0,0.0,0.25,0.17,0.0,0.0,0.14,0.0,0.11,0.0,0.25,0.0,0.0,0.18,0.2
dentist,0.0,0.0,0.0,0.0,0.0,0.0,0.0,0.0,0.0,0.0,0.0,0.0,0.0,0.11,0.0,0.25,0.0,0.0,0.27,0.0
hairdresser,0.0,0.0,0.0,0.0,0.0,0.0,0.0,0.0,0.0,0.0,0.0,0.0,0.25,0.22,0.0,0.0,0.2,0.0,0.27,0.4
baby,0.5,0.0,0.0,1.0,0.33,0.75,0.0,0.25,0.83,0.5,0.6,0.71,0.75,0.56,0.88,0.75,0.4,0.0,0.55,1.0
granny,0.0,0.0,0.0,0.0,0.67,0.0,0.0,0.5,0.5,0.2,0.2,0.57,0.25,0.33,0.25,0.5,0.2,0.25,0.36,0.8
teacher,0.0,0.0,0.0,0.0,0.0,0.0,0.0,0.25,0.0,0.1,0.0,0.0,0.25,0.11,0.0,0.0,0.0,0.0,0.36,0.0
child,0.0,0.0,0.0,0.0,0.0,0.0,0.0,0.0,0.0,0.1,0.0,0.29,0.0,0.11,0.0,0.25,0.2,0.0,0.27,0.0
song,0.0,0.0,0.0,0.0,0.0,0.0,0.0,0.25,0.0,0.1,0.2,0.29,0.5,0.11,0.5,0.75,0.4,0.0,0.27,0.4
hug,0.0,0.0,0.0,0.0,0.0,0.0,0.5,0.25,0.5,0.4,0.6,0.71,0.5,0.56,0.5,1.0,0.6,0.5,0.45,0.8
breakfast,0.0,0.0,0.0,0.0,0.0,0.0,0.0,0.5,0.17,0.1,0.2,0.43,0.5,0.11,0.5,0.5,0.2,0.25,0.27,0.2
hello,0.0,0.0,0.5,0.0,0.33,0.25,0.25,0.75,0.33,0.7,0.8,0.86,0.75,0.44,0.62,1.0,0.8,0.75,0.55,0.8
dinner,0.0,0.0,0.0,0.0,0.33,0.0,0.0,0.25,0.17,0.1,0.2,0.43,0.5,0.11,0.5,0.5,0.2,0.5,0.36,0.2
bath,0.5,1.0,0.5,1.0,0.33,0.5,0.5,1.0,0.83,0.7,0.8,1.0,0.75,0.56,0.62,0.75,0.8,0.75,0.64,1.0
phonecall(call),0.0,0.0,0.0,0.0,0.0,0.0,0.0,0.0,0.17,0.0,0.0,0.43,0.5,0.11,0.12,0.5,0.2,0.0,0.0,0.2
cuddle,0.0,0.0,0.5,0.0,0.0,0.0,0.5,0.75,0.33,0.3,0.2,0.43,0.75,0.22,0.5,1.0,0.2,0.0,0.27,0.8
mine,0.0,0.0,0.0,1.0,0.33,0.25,0.5,0.25,0.33,0.7,0.6,0.86,0.75,0.33,0.88,1.0,0.4,0.5,0.55,1.0
please,0.0,0.0,0.0,1.0,0.33,0.25,0.25,0.75,0.17,0.2,0.2,0.71,1.0,0.44,0.62,0.75,0.6,0.5,0.64,1.0
lunch,0.0,0.0,0.0,0.0,0.0,0.0,0.0,0.5,0.17,0.0,0.0,0.57,0.5,0.11,0.38,0.5,0.2,0.25,0.27,0.0
dunno,0.0,0.0,0.0,0.0,0.0,0.0,0.25,0.25,0.17,0.0,0.0,0.43,0.25,0.11,0.25,0.0,0.2,0.0,0.36,0.0
kiss,0.0,0.0,0.0,0.0,0.33,0.0,0.0,0.5,0.17,0.1,0.2,0.29,0.5,0.22,0.25,0.5,0.4,0.25,0.36,0.8
lookout,0.0,0.0,0.0,0.0,0.0,0.0,0.0,0.25,0.0,0.1,0.0,0.14,0.5,0.33,0.12,0.25,0.2,0.0,0.27,0.2
shopping,0.0,0.0,0.0,0.0,0.0,0.0,0.0,0.25,0.0,0.1,0.2,0.14,0.25,0.11,0.25,0.75,0.2,0.25,0.36,0.2
bye,0.0,0.0,0.0,1.0,0.67,0.0,0.5,0.75,0.33,0.6,0.6,0.57,0.5,0.44,0.75,0.75,1.0,0.5,0.55,1.0
gimme,0.0,0.0,0.0,0.0,0.0,0.0,0.25,0.25,0.17,0.2,0.2,0.57,0.5,0.11,0.25,0.5,0.2,0.25,0.36,0.8
say,0.0,0.0,0.0,0.0,0.0,0.0,0.0,0.0,0.0,0.1,0.0,0.0,0.25,0.11,0.12,0.5,0.0,0.25,0.27,0.2
lift,0.0,0.0,0.0,0.0,0.0,0.0,0.0,0.25,0.17,0.0,0.0,0.14,0.5,0.11,0.12,0.25,0.2,0.25,0.18,0.2
take,0.0,0.0,0.0,0.0,0.0,0.0,0.0,0.0,0.17,0.0,0.0,0.29,0.5,0.11,0.25,0.75,0.2,0.0,0.36,0.2
catch,0.0,0.0,0.0,0.0,0.33,0.0,0.0,0.5,0.0,0.0,0.0,0.43,0.25,0.11,0.12,0.75,0.6,0.0,0.45,0.4
taste,0.0,0.0,0.0,0.0,0.0,0.0,0.0,0.25,0.0,0.0,0.0,0.0,0.25,0.11,0.0,0.5,0.2,0.25,0.18,0.4
smell,0.0,0.0,0.0,0.0,0.0,0.0,0.0,0.25,0.0,0.0,0.0,0.14,0.5,0.11,0.12,0.75,0.0,0.0,0.18,0.8
break,0.0,0.0,0.0,0.0,0.0,0.0,0.0,0.25,0.0,0.0,0.2,0.43,0.5,0.11,0.25,0.75,0.2,0.0,0.27,0.0
wipe,0.0,0.0,0.0,0.0,0.0,0.0,0.0,0.5,0.17,0.0,0.0,0.43,0.5,0.0,0.25,0.5,0.4,0.0,0.36,0.4
put,0.0,0.0,0.0,0.0,0.0,0.0,0.0,0.0,0.0,0.0,0.2,0.43,0.25,0.11,0.12,0.75,0.2,0.0,0.55,0.4
dance,0.0,0.0,0.0,0.0,0.33,0.0,0.0,0.25,0.33,0.1,0.2,0.43,0.5,0.22,0.25,0.75,0.2,0.0,0.36,0.4
colour,0.0,0.0,0.0,0.0,0.0,0.0,0.25,0.25,0.17,0.0,0.4,0.43,0.5,0.11,0.25,0.25,0.2,0.0,0.27,0.4
do,0.0,0.0,0.0,0.0,0.0,0.0,0.0,0.5,0.0,0.0,0.0,0.14,0.25,0.11,0.25,0.25,0.2,0.0,0.27,0.4
spill,0.0,0.0,0.0,0.0,0.0,0.0,0.0,0.25,0.0,0.0,0.2,0.14,0.0,0.11,0.0,0.5,0.2,0.0,0.27,0.6
climb,0.0,0.0,0.0,0.0,0.0,0.0,0.0,0.25,0.0,0.0,0.2,0.14,0.5,0.11,0.0,0.25,0.4,0.25,0.18,0.2
wake,0.0,0.0,0.0,0.0,0.0,0.0,0.0,0.5,0.0,0.0,0.2,0.29,0.5,0.22,0.12,0.5,0.2,0.0,0.45,0.4
open,0.0,0.0,0.0,0.0,0.33,0.0,0.0,0.5,0.5,0.0,0.2,0.43,0.25,0.11,0.38,1.0,0.2,0.25,0.45,0.4
paint,0.0,0.0,0.0,0.0,0.0,0.0,0.0,0.25,0.5,0.1,0.2,0.29,0.5,0.11,0.38,0.5,0.2,0.0,0.36,0.4
pick,0.0,0.0,0.0,0.0,0.0,0.0,0.0,0.25,0.17,0.1,0.2,0.14,0.5,0.11,0.25,0.75,0.0,0.0,0.27,0.0
kiss,0.0,0.0,0.0,0.0,0.0,0.0,0.0,0.5,0.17,0.0,0.2,0.43,0.5,0.22,0.38,0.75,0.4,0.0,0.27,0.8
run,0.0,0.0,0.0,0.0,0.33,0.0,0.0,0.25,0.17,0.0,0.2,0.29,0.5,0.11,0.12,0.75,0.0,0.0,0.36,0.2
share,0.0,0.0,0.0,0.0,0.0,0.0,0.0,0.25,0.0,0.0,0.0,0.29,0.5,0.11,0.25,0.75,0.4,0.25,0.27,0.4
bark,0.0,0.0,0.0,0.0,0.0,0.0,0.0,0.0,0.0,0.0,0.0,0.0,0.5,0.11,0.0,0.5,0.2,0.0,0.27,0.2
hurry,0.0,1.0,0.0,0.0,0.0,0.25,0.0,0.25,0.0,0.0,0.2,0.43,0.5,0.11,1.38,0.5,0.0,0.5,0.36,0.4
push,0.0,1.0,0.0,0.0,0.33,0.25,0.0,0.5,0.0,0.0,0.4,0.57,0.75,0.11,1.5,0.5,0.2,0.25,0.45,0.4
win,0.0,0.0,0.0,0.0,0.0,0.25,0.0,0.25,0.0,0.0,0.0,0.29,0.25,0.11,1.25,0.5,0.2,0.0,0.27,0.2
hit,0.0,1.0,0.0,0.0,0.33,0.25,0.0,0.25,0.0,0.0,0.2,0.43,0.5,0.11,0.5,1.0,0.0,0.0,0.36,0.2
clap,0.0,1.0,0.0,0.0,0.0,0.25,0.25,0.5,0.17,0.0,0.4,0.57,0.5,0.11,0.25,0.5,0.2,0.25,0.45,0.4
help,0.0,0.0,0.0,0.0,0.0,0.0,0.0,0.25,0.0,0.2,0.0,0.43,0.5,0.22,0.5,0.75,0.4,0.25,0.45,0.6
talk,0.0,0.0,0.0,0.0,0.0,0.0,0.0,0.25,0.0,0.0,0.0,0.14,0.5,0.11,0.12,0.75,0.0,0.25,0.45,0.0
throw,0.0,0.0,0.0,0.0,0.0,0.0,0.0,0.25,0.0,0.0,0.2,0.43,0.25,0.11,0.25,0.75,0.4,0.0,0.36,0.4
sing,0.0,0.0,0.0,0.0,0.0,0.0,0.0,0.25,0.0,0.0,0.2,0.14,0.5,0.11,0.38,0.75,0.2,0.25,0.36,0.2
cry,0.0,1.0,0.0,0.0,0.0,0.25,0.0,0.25,0.0,0.0,0.2,0.57,0.5,0.11,0.5,0.75,0.2,0.0,0.27,0.6
turn,0.0,0.0,0.0,0.0,0.0,0.0,0.0,0.0,0.0,0.0,0.0,0.29,0.25,0.11,0.12,0.25,0.0,0.0,0.45,0.6
buy,0.0,0.0,0.0,0.0,0.0,0.0,0.0,0.25,0.0,0.0,0.0,0.0,0.25,0.11,0.12,0.25,0.2,0.25,0.18,0.0
think,0.0,1.0,0.0,0.0,0.0,0.25,0.0,0.0,0.0,0.0,0.0,0.14,0.25,0.11,0.38,0.0,0.0,0.0,0.36,0.0
kick,0.0,1.0,0.0,0.0,0.33,0.0,0.0,0.5,0.17,0.0,0.0,0.43,0.75,0.22,0.5,1.0,0.4,0.0,0.45,0.4
tickle,0.0,0.0,0.0,0.0,0.0,0.25,0.0,0.25,0.17,0.2,0.4,0.71,0.75,0.33,0.12,1.0,0.4,0.25,0.45,0.8
comb,0.0,0.0,0.0,0.0,0.0,0.0,0.0,0.0,0.0,0.0,0.0,0.0,0.25,0.11,0.25,0.25,0.0,0.25,0.27,0.2
hear,0.0,0.0,0.0,0.0,0.0,0.0,0.0,0.0,0.0,0.0,0.0,0.0,0.25,0.11,0.12,0.0,0.2,0.25,0.36,0.4
cover,0.0,0.0,0.0,0.0,0.0,0.0,0.0,0.0,0.0,0.0,0.0,0.0,0.25,0.11,0.0,0.25,0.0,0.25,0.27,0.0
knock,0.0,0.0,0.0,0.0,0.0,0.0,0.0,0.0,0.17,0.0,0.0,0.0,0.5,0.11,0.0,0.25,0.2,0.5,0.36,0.4
cook,0.0,0.0,0.0,0.0,0.0,0.0,0.0,0.25,0.0,0.0,0.2,0.0,0.25,0.11,0.25,0.25,0.0,0.0,0.27,0.4
sleep,0.0,0.0,0.0,0.0,0.0,0.0,0.0,0.25,0.17,0.1,0.2,0.29,0.5,0.22,0.25,1.0,0.4,0.25,0.27,0.4
keep,0.0,1.0,0.0,0.0,0.0,0.25,0.0,0.0,0.0,0.0,0.0,0.14,0.25,0.11,0.12,0.25,0.0,0.5,0.27,0.0
finish,0.0,0.0,0.0,0.0,0.0,0.0,0.0,0.0,0.0,0.0,0.0,0.43,0.5,0.11,0.12,0.5,0.2,0.0,0.27,0.6
wave,0.0,1.0,0.0,0.0,0.0,0.25,0.0,0.25,0.17,0.0,0.0,0.29,0.5,0.11,0.12,0.5,0.2,0.5,0.27,0.6
close,0.0,0.0,0.0,0.0,0.0,0.0,0.0,0.0,0.0,0.0,0.2,0.29,0.5,0.11,0.25,0.75,0.2,0.5,0.45,0.4
listen,0.0,0.0,0.0,0.0,0.0,0.0,0.0,0.25,0.0,0.0,0.0,0.29,0.5,0.11,0.38,0.5,0.2,0.5,0.36,0.6
leave,0.0,0.0,0.0,0.0,0.0,0.0,0.0,0.0,0.0,0.0,0.0,0.29,0.5,0.11,0.38,0.5,0.2,0.5,0.27,0.4
wait,0.0,0.0,0.0,0.0,0.0,0.0,0.25,0.25,0.0,0.0,0.0,0.43,0.0,0.11,0.12,0.5,0.0,0.5,0.45,0.4
look,0.0,0.0,0.0,0.0,0.33,0.0,0.25,0.25,0.33,0.1,0.2,0.57,0.5,0.33,0.62,0.75,0.2,0.5,0.55,0.6
see,0.0,0.0,0.0,0.0,0.33,0.0,0.0,0.25,0.17,0.0,0.2,0.29,0.25,0.22,0.38,0.75,0.4,0.25,0.36,0.4
laugh,0.0,0.0,0.0,0.0,0.0,0.0,0.0,0.25,0.0,0.0,0.0,0.14,0.5,0.11,0.12,0.5,0.4,0.25,0.27,0.4
cut,0.0,0.0,0.0,0.0,0.0,0.0,0.0,0.0,0.0,0.0,0.0,0.14,0.25,0.11,0.12,0.5,0.2,0.25,0.36,0.4
clean,0.0,0.0,0.0,0.0,0.0,0.0,0.0,0.0,0.17,0.0,0.2,0.29,0.25,0.22,0.25,0.75,0.2,0.25,0.27,0.4
play,0.0,0.0,0.0,0.0,0.0,0.0,0.0,0.5,0.33,0.2,0.2,0.29,0.5,0.11,0.38,0.5,0.4,0.75,0.45,0.8
tell,0.0,0.0,0.0,0.0,0.0,0.0,0.0,0.0,0.0,0.0,0.0,0.14,0.25,0.11,0.12,0.25,0.0,0.5,0.18,0.2
eat,0.0,0.0,0.0,0.0,0.0,0.0,0.0,0.5,0.33,0.0,0.2,0.29,0.5,0.11,0.25,0.75,0.2,0.5,0.45,0.2
read,0.0,0.0,0.0,0.0,0.0,0.0,0.0,0.25,0.17,0.0,0.0,0.14,0.5,0.11,0.25,0.5,0.0,0.25,0.36,0.4
jump,0.0,0.0,0.0,0.0,0.0,0.0,0.0,0.25,0.33,0.1,0.4,0.29,0.75,0.22,0.38,0.5,0.2,0.0,0.45,0.6
lick,0.0,0.0,0.0,0.0,0.0,0.0,0.0,0.0,0.0,0.0,0.0,0.0,0.25,0.11,0.0,0.5,0.0,0.25,0.27,0.4
draw,0.0,0.0,0.0,0.0,0.0,0.0,0.0,0.25,0.0,0.0,0.2,0.14,0.5,0.11,0.0,0.75,0.2,0.25,0.27,0.4
swing,0.0,0.0,0.0,0.0,0.0,0.0,0.25,0.5,0.17,0.2,0.4,0.43,0.75,0.33,0.12,0.75,0.2,0.5,0.55,0.6
joke,0.0,0.0,0.0,0.0,0.0,0.0,0.0,0.25,0.0,0.0,0.0,0.14,0.25,0.11,0.12,0.75,0.4,0.5,0.27,0.0
smile,0.0,0.0,0.0,0.0,0.0,0.0,0.0,0.25,0.17,0.1,0.0,0.14,0.5,0.22,0.0,0.75,0.2,0.25,0.18,0.4
wash,0.0,0.0,0.0,0.0,0.0,0.0,0.0,0.0,0.17,0.1,0.2,0.29,0.5,0.11,0.38,0.75,0.2,0.25,0.27,0.8
work,0.0,0.0,0.0,0.0,0.0,0.0,0.0,0.25,0.0,0.0,0.0,0.14,0.5,0.11,0.25,0.25,0.0,0.0,0.18,0.4
drink,0.0,0.0,0.0,0.0,0.0,0.0,0.0,0.0,0.33,0.1,0.0,0.29,0.5,0.11,0.25,0.75,0.0,0.25,0.27,0.6
slide,0.0,0.0,0.0,0.0,0.0,0.25,0.25,0.5,0.0,0.2,0.6,0.14,0.75,0.11,0.12,0.75,0.8,0.0,0.55,0.2
write,0.0,0.0,0.0,0.0,0.0,0.25,0.0,0.0,0.0,0.0,0.0,0.14,0.5,0.22,0.0,0.25,0.2,0.0,0.27,0.0
brush,0.0,0.0,0.0,0.0,0.33,0.0,0.0,0.25,0.0,0.1,0.0,0.29,0.75,0.11,0.12,0.5,0.2,0.25,0.45,0.4
stand,0.0,0.0,0.0,0.0,0.0,0.0,0.0,0.25,0.0,0.0,0.0,0.0,0.5,0.11,0.25,0.5,0.2,0.25,0.36,0.4
blow,0.0,0.0,0.0,0.0,0.33,0.0,0.0,0.0,0.0,0.0,0.0,0.14,0.75,0.22,0.25,1.0,0.0,0.0,0.45,0.8
walk,0.0,0.0,0.0,0.0,0.33,0.0,0.0,0.75,0.33,0.0,0.0,0.43,0.75,0.11,0.38,1.0,0.0,0.25,0.45,0.6
swim,0.0,0.0,0.0,0.0,0.0,0.0,0.0,0.25,0.17,0.0,0.0,0.29,0.5,0.11,0.25,0.75,0.4,0.0,0.36,0.6
fix,0.0,0.0,0.0,0.0,0.0,0.0,0.0,0.0,0.0,0.0,0.0,0.14,0.5,0.11,0.12,0.25,0.0,0.25,0.55,0.4
stop,0.0,0.0,0.0,0.0,0.0,0.0,0.25,0.5,0.17,0.2,0.0,0.43,0.5,0.11,0.38,1.0,0.2,0.25,0.55,0.6
splash,0.0,0.0,0.5,0.0,0.0,0.0,0.25,0.5,0.33,0.2,0.6,0.29,0.75,0.56,0.12,0.75,0.8,0.5,0.64,0.6
sit(down),0.0,0.0,0.0,0.0,0.0,0.0,0.0,0.25,0.17,0.1,0.2,0.29,0.5,0.22,0.25,0.75,0.6,0.25,0.55,0.4
show,0.0,0.0,0.0,0.0,0.0,0.0,0.0,0.5,0.17,0.0,0.0,0.29,0.25,0.11,0.38,1.0,0.4,0.25,0.55,0.4
come,0.0,0.0,0.0,1.0,0.0,0.0,0.0,0.5,0.0,0.0,0.2,0.29,0.5,0.11,0.38,0.75,0.4,0.25,0.45,0.6
pull,0.0,0.0,0.0,0.0,0.0,0.0,0.0,0.25,0.0,0.0,0.0,0.0,0.25,0.22,0.12,0.75,0.0,0.0,0.45,0.2
go,0.0,0.0,0.0,0.0,0.33,0.0,0.0,0.5,0.33,0.1,0.0,0.43,0.5,0.11,0.25,1.0,0.4,0.0,0.45,0.6
drive,0.0,0.0,0.0,0.0,0.0,0.0,0.0,0.25,0.0,0.0,0.2,0.29,0.5,0.33,0.25,0.75,0.6,0.25,0.27,0.6
fall,0.0,0.0,0.0,0.0,0.0,0.0,0.0,0.25,0.0,0.0,0.0,0.29,0.5,0.11,0.12,1.0,0.4,0.25,0.36,0.6
start,0.0,0.0,0.0,0.0,0.0,0.0,0.0,0.0,0.0,0.0,0.0,0.0,0.25,0.11,0.0,0.5,0.2,0.25,0.27,0.2
dry,0.0,0.0,0.0,0.0,0.0,0.0,0.0,0.0,0.17,0.0,0.0,0.29,0.25,0.11,0.25,0.25,0.2,0.0,0.27,0.4
fight,0.0,0.0,0.0,0.0,0.0,0.0,0.0,0.25,0.0,0.0,0.0,0.14,0.25,0.11,0.12,0.5,0.0,0.0,0.27,0.4
understand,0.0,0.0,0.0,0.0,0.0,0.0,0.0,0.0,0.0,0.0,0.0,0.0,0.0,0.11,0.0,0.25,0.2,0.0,0.27,0.0
high,0.0,0.0,0.0,0.0,0.0,0.25,0.0,0.25,0.0,0.0,0.2,0.29,0.25,0.11,0.38,0.25,0.4,0.0,0.18,0.2
rainy,0.0,0.0,0.0,0.0,0.0,0.0,0.0,0.0,0.17,0.1,0.0,0.14,0.5,0.11,0.25,0.75,0.2,0.0,0.36,0.4
white,0.0,0.0,0.0,0.0,0.0,0.0,0.0,0.25,0.0,0.0,0.2,0.0,0.5,0.11,0.12,0.5,0.0,0.25,0.18,0.0
small,0.0,0.0,0.0,0.0,0.0,0.0,0.0,0.25,0.0,0.0,0.0,0.14,0.25,0.11,0.38,0.75,0.2,0.5,0.36,0.8
tiny,0.0,0.0,0.0,0.0,0.0,0.0,0.0,0.25,0.0,0.0,0.2,0.0,0.25,0.11,0.12,0.5,0.2,0.0,0.09,0.2
poor,0.0,0.0,0.0,0.0,0.0,0.0,0.0,0.0,0.0,0.0,0.2,0.0,0.0,0.11,0.0,0.5,0.2,0.0,0.09,0.4
soft,0.0,0.0,0.0,0.0,0.0,0.0,0.0,0.25,0.0,0.0,0.0,0.0,0.25,0.11,0.12,0.25,0.0,0.0,0.18,0.4
broken,0.0,0.0,0.0,0.0,0.0,0.0,0.0,0.0,0.0,0.0,0.2,0.29,0.5,0.11,0.38,1.0,0.2,0.25,0.45,0.8
sad,0.0,0.0,0.0,0.0,0.0,0.0,0.0,0.5,0.0,0.0,0.2,0.14,0.25,0.22,0.12,0.5,0.0,0.0,0.18,0.4
yellow,0.0,0.0,0.0,0.0,0.0,0.0,0.0,0.25,0.0,0.0,0.2,0.0,0.5,0.11,0.25,0.0,0.0,0.25,0.36,0.6
first,0.0,0.0,0.0,0.0,0.0,0.0,0.0,0.0,0.0,0.0,0.0,0.0,0.25,0.11,0.12,0.0,0.0,0.0,0.36,0.0
foggy,0.0,0.0,0.0,0.0,0.0,0.0,0.0,0.0,0.0,0.0,0.0,0.14,0.0,0.11,0.0,0.25,0.0,0.0,0.09,0.0
kind,0.0,0.0,0.0,0.0,0.0,0.0,0.0,0.0,0.0,0.0,0.0,0.14,0.0,0.11,0.12,0.5,0.0,0.25,0.09,0.0
quiet,0.0,0.0,0.0,0.0,0.0,0.0,0.0,0.0,0.0,0.0,0.0,0.0,0.25,0.11,0.12,0.5,0.2,0.25,0.18,0.4
purple,0.0,0.0,0.0,0.0,0.0,0.0,0.0,0.0,0.0,0.0,0.0,0.14,0.25,0.11,0.25,0.25,0.0,0.0,0.09,0.4
hard,0.0,0.0,0.0,0.0,0.0,0.0,0.0,0.0,0.0,0.0,0.0,1.29,0.25,0.11,0.25,0.25,0.2,0.0,0.18,0.2
careful,0.0,0.0,0.0,0.0,0.0,0.0,0.0,0.25,0.0,0.0,0.2,1.43,0.5,0.11,0.25,0.75,0.4,0.25,0.27,0.4
bold,0.0,0.0,0.0,0.0,0.0,0.0,0.0,0.0,0.17,0.0,0.2,0.43,0.25,0.11,0.38,0.5,0.0,0.5,0.27,0.6
red,0.0,0.0,0.0,0.0,0.0,0.0,0.0,0.25,0.0,0.0,0.2,0.0,0.5,0.11,0.25,0.5,0.2,0.25,0.27,0.4
last,0.0,0.0,0.0,0.0,0.0,0.0,0.0,0.0,0.0,0.0,0.0,0.0,0.25,0.11,0.0,0.5,0.2,0.0,0.27,0.2
hurt,0.0,0.0,0.0,0.0,0.0,0.0,0.0,0.0,0.0,0.0,0.2,0.14,0.25,0.11,0.25,0.5,0.2,0.25,0.18,0.4
nice,0.0,0.0,0.0,0.0,0.0,0.0,0.0,0.5,0.17,0.1,0.2,0.43,0.5,0.11,0.38,1.0,0.4,0.5,0.18,0.6
finished,0.0,0.0,0.0,0.0,0.0,0.0,0.0,0.0,0.17,0.1,0.0,0.14,0.5,0.11,0.25,0.5,0.2,0.25,0.18,0.4
brown,0.0,0.0,0.0,0.0,0.0,0.0,0.0,0.0,0.0,0.0,0.0,0.0,0.5,0.11,0.12,0.75,0.0,0.0,0.27,0.0
dark,0.0,0.0,0.0,0.0,0.0,0.0,0.0,0.0,0.0,0.0,0.0,0.0,0.25,0.11,0.38,0.75,0.2,0.0,0.18,0.4
black,0.0,0.0,0.0,0.0,0.0,0.0,0.0,0.25,0.0,0.0,0.0,0.0,0.25,0.11,0.12,0.5,0.2,0.0,0.27,0.4
asleep,0.0,0.0,0.0,0.0,0.33,0.0,0.0,0.25,0.33,0.0,0.2,0.14,0.5,0.11,0.38,0.5,0.2,0.25,0.27,0.8
awake,0.0,0.0,0.0,0.0,0.0,0.0,0.0,0.25,0.0,0.0,0.2,0.29,0.5,0.11,0.25,0.5,0.2,0.0,0.18,0.4
light,0.0,0.0,0.0,0.0,0.0,0.0,0.0,0.0,0.0,0.0,0.0,0.0,0.25,0.11,0.12,0.0,0.0,0.0,0.27,0.0
scared,0.0,0.0,0.0,0.0,0.0,0.0,0.0,0.25,0.0,0.0,0.0,0.14,0.5,0.11,0.12,0.5,0.2,0.0,0.27,0.8
long,0.0,0.0,0.0,0.0,0.0,0.0,0.0,0.0,0.0,0.0,0.0,0.0,0.25,0.11,0.0,0.25,0.0,0.25,0.18,0.0
prefer,0.0,0.0,0.0,0.0,0.0,0.0,0.0,0.0,0.0,0.0,0.0,0.0,0.0,0.11,0.0,0.5,0.0,0.0,0.09,0.0
wet,0.0,0.0,0.0,0.0,0.33,0.0,0.0,0.0,0.33,0.0,0.2,0.14,0.5,0.11,0.12,0.75,0.0,0.5,0.36,0.6
empty,0.0,0.0,0.0,0.0,0.0,0.0,0.0,0.0,0.0,0.0,0.0,0.0,0.5,0.11,0.0,0.25,0.0,0.0,0.18,0.2
cold,0.0,0.0,0.0,0.0,0.67,0.0,0.0,0.0,0.17,0.0,0.2,0.14,0.25,0.11,0.25,0.25,0.2,0.5,0.36,0.6
windy,0.0,0.0,0.0,0.0,0.0,0.0,0.0,0.0,0.0,0.0,0.4,0.0,0.25,0.11,0.25,0.25,0.4,0.25,0.36,0.6
short,0.0,0.0,0.0,0.0,0.0,0.0,0.0,0.0,0.0,0.0,0.0,0.0,0.25,0.11,0.0,0.25,0.0,0.0,0.18,0.2
clean,0.0,0.0,0.0,0.0,0.0,0.0,0.0,0.0,0.17,0.1,0.0,0.29,0.25,0.11,0.25,0.25,0.0,0.25,0.18,0.4
green,0.0,0.0,0.0,0.0,0.0,0.0,0.0,0.25,0.17,0.0,0.0,0.0,0.5,0.11,0.25,0.0,0.0,0.25,0.27,0.6
pretty,0.0,0.0,0.0,0.0,0.0,0.0,0.0,0.25,0.0,0.0,0.0,0.0,0.25,0.22,0.38,0.5,0.2,0.0,0.27,0.4
clever,0.0,0.0,0.0,0.0,0.0,0.0,0.0,0.0,0.0,0.0,0.0,0.0,0.0,0.11,0.0,0.25,0.0,0.0,0.09,0.0
(all)gone,0.0,1.0,0.0,1.0,0.33,0.5,0.0,0.75,0.17,0.1,0.4,0.43,1.0,0.33,0.38,0.75,0.4,0.25,0.55,0.8
slow,0.0,0.0,0.0,0.0,0.0,0.0,0.0,0.0,0.0,0.0,0.0,0.0,0.25,0.11,0.12,1.0,0.2,0.25,0.27,0.0
messy,0.0,0.0,0.5,1.0,0.0,0.0,0.25,0.5,0.33,0.5,0.6,0.29,0.75,0.44,0.38,0.75,0.6,0.0,0.73,0.6
big,0.0,0.0,0.0,0.0,0.33,0.0,0.0,0.25,0.17,0.0,0.2,0.14,0.5,0.11,0.25,0.75,0.2,0.25,0.45,0.8
new,0.0,0.0,0.0,0.0,0.0,0.0,0.0,0.0,0.0,0.0,0.0,0.14,0.25,0.11,0.25,0.5,0.2,0.0,0.36,0.2
hungry,0.0,0.0,0.0,0.0,0.0,0.0,0.0,0.0,0.0,0.0,0.2,0.14,0.5,0.11,0.12,0.5,0.2,0.25,0.27,0.4
orange,0.0,0.0,0.0,0.0,0.0,0.0,0.0,0.25,0.0,0.0,0.4,0.14,0.5,0.11,0.5,0.75,0.4,0.25,0.55,0.8
fat,0.0,0.0,0.0,0.0,0.0,0.0,0.0,0.25,0.0,0.0,0.0,0.0,0.25,0.11,0.0,0.5,0.0,0.0,0.36,0.2
dirty,0.0,0.0,0.0,0.0,0.0,0.0,0.0,0.0,0.17,0.1,0.4,0.14,0.5,0.11,0.38,0.5,0.2,0.75,0.55,0.8
old,0.0,0.0,0.0,0.0,0.0,0.0,0.0,0.0,0.0,0.0,0.0,0.0,0.25,0.11,0.0,0.5,0.2,0.0,0.27,0.0
happy,0.0,0.0,0.0,0.0,0.0,0.0,0.0,0.5,0.0,0.0,0.0,0.0,0.5,0.11,0.25,0.75,0.6,0.0,0.36,1.0
fast,0.0,0.0,0.0,0.0,0.0,0.0,0.0,0.25,0.0,0.0,0.0,0.14,0.25,0.11,0.25,0.5,0.2,0.0,0.45,0.0
thirsty,0.0,0.0,0.0,0.0,0.0,0.0,0.0,0.0,0.0,0.1,0.0,0.0,0.5,0.11,0.0,0.5,0.2,0.25,0.36,0.4
hot,0.0,0.0,0.0,0.0,0.67,0.0,0.0,0.0,0.33,0.1,0.2,0.29,0.5,0.11,0.25,0.75,0.0,0.25,0.45,0.6
sick,0.0,0.0,0.0,0.0,0.0,0.0,0.0,0.5,0.0,0.0,0.0,0.14,0.5,0.22,0.25,0.5,0.0,0.25,0.27,0.6
dry,0.0,0.0,0.0,0.0,0.0,0.0,0.0,0.0,0.0,0.0,0.0,0.0,0.25,0.11,0.12,0.5,0.2,0.25,0.27,0.2
heavy,0.0,0.0,0.0,0.0,0.0,0.0,0.0,0.0,0.0,0.0,0.0,0.14,0.25,0.11,0.38,0.5,0.2,0.0,0.36,0.2
tired,0.0,0.0,0.0,0.0,0.0,0.0,0.0,0.25,0.0,0.1,0.2,0.29,0.5,0.11,0.12,0.75,0.4,0.25,0.36,0.6
yucky,0.0,0.0,0.0,0.0,0.33,0.0,0.25,0.75,0.33,0.4,0.8,0.57,1.0,0.33,0.25,1.0,0.4,0.25,0.73,0.8
ready,0.0,0.0,0.0,0.0,0.0,0.0,0.25,0.25,0.0,0.1,0.2,0.29,0.5,0.11,0.38,0.75,0.4,0.25,0.45,0.6
time,0.0,0.0,0.0,0.0,0.0,0.0,0.0,0.25,0.0,0.0,0.0,0.14,0.25,0.11,0.0,0.25,0.2,0.0,0.36,0.2
tomorrow,0.0,0.0,0.0,0.0,0.0,0.0,0.0,0.25,0.0,0.0,0.0,0.14,0.25,0.11,0.25,0.25,0.2,0.25,0.36,0.4
tonight,0.0,0.0,0.0,0.0,0.0,0.0,0.0,0.25,0.0,0.0,0.0,0.29,0.25,0.11,0.0,0.25,0.2,0.0,0.27,0.2
now,0.0,0.0,0.0,0.0,0.0,0.0,0.0,0.25,0.0,0.0,0.0,0.14,0.5,0.11,0.25,0.5,0.2,0.0,0.36,0.0
later,0.0,0.0,0.0,0.0,0.0,0.0,0.0,0.5,0.0,0.0,0.0,0.14,0.5,0.11,0.38,0.75,0.2,0.25,0.27,0.4
yesterday,0.0,0.0,0.0,0.0,0.0,0.0,0.0,0.25,0.0,0.1,0.0,0.14,0.0,0.22,0.25,0.25,0.0,0.5,0.27,0.2
today,0.0,0.0,0.0,0.0,0.0,0.0,0.0,0.25,0.17,0.0,0.0,0.29,0.5,0.22,0.25,0.25,0.2,0.25,0.36,0.2
day,0.0,0.0,0.0,0.0,0.0,0.0,0.0,0.25,0.0,0.0,0.0,0.14,0.5,0.11,0.12,0.5,0.0,0.0,0.27,0.0
morning,0.0,0.0,0.0,0.0,0.0,0.0,0.0,0.25,0.0,0.0,0.4,0.29,0.5,0.11,0.0,0.5,0.0,0.0,0.36,0.4
night,0.0,0.0,0.0,0.0,0.33,0.0,0.0,0.25,0.17,0.0,0.2,0.14,0.5,0.11,0.38,0.25,0.0,0.0,0.45,0.4
after,0.0,0.0,0.0,0.0,0.0,0.0,0.0,0.5,0.0,0.0,0.0,0.14,0.5,0.11,0.25,0.5,0.0,0.0,0.18,0.2
afternoon,0.0,0.0,0.0,0.0,0.0,0.0,0.0,0.25,0.0,0.0,0.0,0.0,0.0,0.11,0.0,0.0,0.0,0.0,0.18,0.0
a,0.0,0.0,0.0,0.0,0.0,0.0,0.25,0.25,0.17,0.0,0.4,0.14,0.25,0.44,0.12,0.5,0.4,0.0,0.55,0.6
his,0.0,0.0,0.0,0.0,0.0,0.0,0.25,0.25,0.0,0.0,0.2,0.0,0.0,0.11,0.0,0.0,0.0,0.0,0.09,0.4
her,0.0,0.0,0.0,0.0,0.0,0.0,0.0,0.25,0.0,0.0,0.0,0.0,0.0,0.11,0.0,0.0,0.0,0.0,0.09,0.4
their,0.0,0.0,0.0,0.0,0.0,0.0,0.0,0.25,0.0,0.0,0.0,0.0,0.0,0.11,0.0,0.25,0.2,0.0,0.09,0.2
our,0.0,0.0,0.0,0.0,0.0,0.0,0.0,0.25,0.0,0.0,0.0,0.14,0.25,0.11,0.0,0.25,0.0,0.0,0.27,0.2
one,0.0,0.0,0.0,0.0,0.0,0.0,0.0,0.25,0.0,0.0,0.2,0.14,0.5,0.11,0.12,0.25,0.0,0.0,0.36,0.2
do,0.0,0.0,0.0,0.0,0.0,0.0,0.5,0.25,0.33,0.4,0.2,0.0,0.25,0.67,0.25,0.5,0.6,0.75,0.91,0.6
yoursg,0.0,0.0,0.0,0.0,0.0,0.0,0.0,0.25,0.0,0.0,0.0,0.14,0.25,0.11,0.0,0.25,0.0,0.25,0.36,0.0
it(m),0.0,0.0,0.0,0.0,0.0,0.0,0.0,0.25,0.0,0.0,0.0,0.0,0.25,0.11,0.12,0.25,0.0,0.0,0.27,0.0
(my)self,0.0,0.0,0.0,0.0,0.0,0.0,0.0,0.25,0.0,0.0,0.0,0.14,0.25,0.11,0.0,0.0,0.0,0.25,0.18,0.0
she,0.0,0.0,0.0,0.0,0.0,0.0,0.25,0.0,0.0,0.0,0.0,0.0,0.25,0.11,0.0,0.25,0.0,0.0,0.18,0.0
it,0.0,0.0,0.0,0.0,0.0,0.0,0.0,0.0,0.0,0.0,0.0,0.0,0.0,0.11,0.0,0.0,0.0,0.0,0.18,0.0
they,0.0,0.0,0.0,0.0,0.0,0.0,0.0,0.0,0.0,0.0,0.0,0.0,0.25,0.11,0.0,0.0,0.0,0.25,0.18,0.2
them,0.0,0.0,0.0,0.0,0.0,0.0,0.0,0.0,0.0,0.0,0.0,0.14,0.25,0.11,0.0,0.25,0.2,0.25,0.18,0.2
me,0.0,0.0,0.0,0.0,0.33,0.0,0.0,0.0,0.0,0.0,0.2,0.29,0.5,0.11,0.12,0.0,0.2,0.25,0.55,0.6
miseie,0.0,0.0,0.5,0.0,0.0,0.25,0.5,0.75,0.5,0.8,0.4,0.86,1.0,0.89,0.62,1.0,0.8,0.75,1.91,0.8
my,0.0,0.0,0.5,0.0,0.33,0.0,0.0,0.25,0.17,0.3,0.2,0.29,0.5,0.22,0.5,0.5,0.2,0.25,0.64,0.6
hesub,0.0,0.0,0.0,0.0,0.0,0.0,0.0,0.0,0.0,0.0,0.0,0.43,0.25,0.11,0.12,0.25,0.2,0.0,0.18,0.2
this,0.0,0.0,0.0,0.0,0.33,0.0,0.0,0.25,0.0,0.0,0.2,0.29,0.5,0.11,0.12,0.75,0.2,0.25,0.36,0.2
shesub,0.0,0.0,0.0,0.0,0.0,0.0,0.0,0.0,0.0,0.0,0.0,0.14,0.5,0.11,0.12,0.25,0.0,0.5,0.45,0.2
that,0.0,0.0,0.0,0.0,0.0,0.0,0.0,0.0,0.0,0.0,0.0,0.0,0.25,0.11,0.25,0.75,0.0,0.0,0.27,0.4
you,0.0,0.0,0.0,0.0,0.0,0.0,0.0,0.25,0.17,0.0,0.4,0.29,0.25,0.11,0.12,0.5,0.0,0.5,0.36,0.6
where,0.0,0.0,0.0,0.0,0.0,0.0,0.0,0.0,0.17,0.1,0.4,0.57,0.5,0.22,0.25,0.25,0.2,0.25,0.45,0.8
what,0.0,0.0,0.0,0.0,0.0,0.0,0.0,0.0,0.0,0.0,0.4,0.43,0.25,0.11,0.38,0.75,0.2,0.5,0.36,0.4
when,0.0,0.0,0.0,0.0,0.0,0.0,0.0,0.0,0.0,0.0,0.0,0.0,0.0,0.11,0.12,0.0,0.0,0.25,0.27,0.2
who,0.0,0.0,0.0,0.0,0.0,0.0,0.0,0.0,0.0,0.0,0.0,0.29,0.25,0.11,0.12,0.5,0.4,0.5,0.27,0.4
which,0.0,0.0,0.0,0.0,0.0,0.0,0.0,0.0,0.0,0.0,0.0,0.0,0.0,0.11,0.0,0.25,0.0,0.0,0.18,0.0
why,0.0,0.0,0.0,0.0,0.0,0.25,0.0,0.0,0.0,0.1,0.2,0.43,0.5,0.11,0.12,0.25,0.4,0.5,0.36,0.4
how,0.0,0.0,0.0,0.0,0.0,0.0,0.0,0.0,0.0,0.0,0.0,0.29,0.25,0.11,0.0,0.5,0.0,0.0,0.36,0.4
at,0.0,0.0,0.0,0.0,0.0,0.0,0.0,0.0,0.0,0.0,0.2,0.43,0.0,0.11,0.0,0.5,0.0,0.25,0.27,0.2
place,0.0,0.0,0.0,0.0,0.0,0.0,0.0,0.0,0.0,0.0,0.0,0.14,0.0,0.11,0.0,0.25,0.0,0.0,0.18,0.0
there,0.0,0.0,0.0,0.0,0.0,0.0,0.0,0.25,0.17,0.0,0.4,0.14,0.25,0.11,0.25,0.25,0.2,0.25,0.45,0.4
there(inthatplace),0.0,0.0,0.0,0.0,0.0,0.0,0.0,0.25,0.33,0.0,0.4,0.14,0.25,0.11,0.12,0.5,0.2,0.25,0.27,0.2
downward,0.0,0.0,0.0,0.0,0.0,0.0,0.0,0.0,0.0,0.0,0.0,0.0,0.0,0.11,0.0,0.25,0.2,0.25,0.09,0.0
upward,0.0,0.0,0.0,0.0,0.0,0.0,0.0,0.0,0.0,0.0,0.0,0.0,0.0,0.11,0.0,0.25,0.0,0.25,0.09,0.0
here,0.0,0.0,0.0,0.0,0.0,0.0,0.0,0.25,0.17,0.0,0.4,0.29,0.25,0.11,0.25,0.5,0.2,0.0,0.45,0.6
on,0.0,0.0,0.0,0.0,0.0,0.0,0.0,0.0,0.0,0.0,0.2,0.0,0.25,0.11,0.0,0.5,0.4,0.25,0.18,0.4
out,0.0,0.0,0.0,0.0,0.33,0.0,0.0,0.0,0.17,0.1,0.2,0.43,0.25,0.11,0.25,0.5,0.2,0.5,0.27,0.4
as,0.0,0.0,0.0,0.0,0.0,0.0,0.5,0.5,0.17,0.1,0.2,0.0,0.25,0.33,0.25,0.25,0.6,0.5,0.45,0.6
of,0.0,0.0,0.0,0.0,0.0,0.0,0.0,0.0,0.0,0.0,0.0,0.0,0.25,0.11,0.0,0.0,0.2,0.0,0.18,0.2
top,0.0,0.0,0.0,0.0,0.0,0.0,0.0,0.25,0.0,0.0,0.2,0.0,0.25,0.11,0.12,0.25,0.2,0.25,0.36,0.6
bottom,0.0,0.0,0.0,0.0,0.0,0.0,0.0,0.0,0.0,0.0,0.0,0.0,0.25,0.11,0.0,0.25,0.0,0.5,0.27,0.2
behind,0.0,0.0,0.0,0.0,0.0,0.0,0.0,0.0,0.0,0.0,0.0,0.14,0.25,0.11,0.12,0.25,0.0,0.0,0.27,0.2
off,0.0,0.0,0.0,0.0,0.0,0.0,0.0,0.25,0.0,0.0,0.0,0.14,0.25,0.11,0.12,0.25,0.0,0.0,0.27,0.0
do,0.0,0.0,0.0,0.0,0.0,0.0,0.25,0.25,0.17,0.2,0.2,0.29,0.25,0.44,0.5,0.25,0.4,0.5,0.73,0.6
for,0.0,0.0,0.0,0.0,0.0,0.25,0.0,0.0,0.0,0.0,0.0,0.0,0.0,0.11,0.25,0.25,0.0,0.0,0.27,0.2
under,0.0,0.0,0.0,0.0,0.0,0.0,0.0,0.25,0.0,0.0,0.0,0.0,0.0,0.11,0.12,0.25,0.0,0.0,0.27,0.6
to,0.0,0.0,0.0,0.0,0.0,0.0,0.0,0.25,0.0,0.0,0.0,0.14,0.0,0.11,0.0,0.25,0.0,0.0,0.27,0.2
far,0.0,0.0,0.0,0.0,0.0,0.0,0.0,0.0,0.0,0.0,0.0,0.0,0.0,0.11,0.0,0.25,0.2,0.0,0.27,0.0
in,0.0,0.0,0.0,0.0,0.0,0.0,0.0,0.0,0.0,0.0,0.2,0.0,0.0,0.11,0.12,0.25,0.4,0.25,0.36,0.4
beside,0.0,0.0,0.0,0.0,0.0,0.0,0.0,0.0,0.0,0.0,0.2,0.0,0.25,0.11,0.0,0.0,0.0,0.0,0.27,0.2
inside,0.0,0.0,0.0,0.0,0.0,0.0,0.0,0.25,0.33,0.1,0.2,0.14,0.5,0.11,0.25,0.25,0.2,0.25,0.36,0.4
middle,0.0,0.0,0.0,0.0,0.0,0.0,0.0,0.0,0.0,0.0,0.0,0.0,0.25,0.11,0.0,0.25,0.0,0.0,0.27,0.2
outside,0.0,0.0,0.0,0.0,0.0,0.0,0.0,0.25,0.17,0.0,0.2,0.14,0.5,0.11,0.5,0.25,0.2,0.5,0.45,0.4
with,0.0,0.0,0.0,0.0,0.0,0.0,0.0,0.0,0.0,0.0,0.0,0.0,0.5,0.11,0.0,0.25,0.4,0.5,0.36,0.4
from,0.0,0.0,0.0,0.0,0.0,0.0,0.0,0.0,0.0,0.0,0.0,0.0,0.25,0.11,0.0,0.25,0.0,0.0,0.36,0.0
down,0.0,0.0,0.0,0.0,0.0,0.0,0.0,0.25,0.0,0.0,0.2,0.14,0.25,0.22,0.0,0.5,0.2,0.25,0.45,0.6
up,0.0,0.0,0.0,0.0,0.33,0.0,0.0,0.25,0.0,0.0,0.2,0.14,0.25,0.22,0.0,0.5,0.2,0.5,0.45,0.8
side,0.0,0.0,0.0,0.0,0.0,0.0,0.0,0.0,0.0,0.0,0.2,0.0,0.25,0.11,0.12,0.25,0.2,0.0,0.27,0.0
over,0.0,0.0,0.0,0.0,0.0,0.0,0.0,0.0,0.0,0.0,0.2,0.0,0.25,0.11,0.12,0.0,0.0,0.25,0.45,0.4
round,0.0,0.0,0.0,0.0,0.0,0.0,0.0,0.25,0.0,0.0,0.0,0.0,0.0,0.11,0.12,0.5,0.0,0.0,0.27,0.4
across,0.0,0.0,0.0,0.0,0.0,0.0,0.0,0.0,0.0,0.0,0.0,0.0,0.0,0.11,0.0,0.0,0.0,0.0,0.27,0.0
alot,0.0,0.0,0.0,0.0,0.0,0.0,0.0,0.25,0.0,0.0,0.0,0.0,0.25,0.11,0.0,0.5,0.0,0.0,0.27,0.4
the,0.0,0.0,0.0,0.0,0.0,0.0,0.0,0.25,0.0,0.1,0.2,0.29,0.25,0.11,0.12,0.25,0.2,0.0,0.27,0.2
very,0.0,0.0,0.0,0.0,0.0,0.0,0.0,0.25,0.0,0.1,0.2,0.43,0.25,0.11,0.12,0.5,0.4,0.25,0.18,0.4
any(thing),0.0,0.0,0.0,0.0,0.0,0.0,0.0,0.25,0.0,0.1,0.0,0.14,0.0,0.11,0.0,0.25,0.4,0.0,0.18,0.2
one,0.0,0.0,0.0,0.0,0.0,0.0,0.0,0.25,0.0,0.0,0.2,0.14,0.5,0.11,0.0,0.25,0.4,0.0,0.36,0.6
again,0.0,0.0,0.0,0.0,0.0,0.0,0.0,0.25,0.0,0.0,0.0,0.43,0.5,0.11,0.5,0.25,0.2,0.5,0.45,0.8
more,0.0,0.0,0.0,0.0,0.33,0.0,0.0,0.75,0.17,0.1,0.4,0.29,0.5,0.11,0.38,0.5,0.4,0.5,0.55,0.4
same,0.0,0.0,0.0,0.0,0.0,0.0,0.0,0.0,0.0,0.0,0.0,0.29,0.25,0.11,0.0,0.5,0.0,0.0,0.36,0.2
another,0.0,0.0,0.0,0.0,0.0,0.0,0.0,0.25,0.0,0.1,0.2,0.29,0.25,0.11,0.0,0.25,0.0,0.0,0.36,0.4
each,0.0,0.0,0.0,0.0,0.0,0.0,0.0,0.0,0.0,0.0,0.0,0.0,0.0,0.11,0.0,0.0,0.0,0.0,0.18,0.0
every,0.0,0.0,0.0,0.0,0.0,0.0,0.0,0.25,0.0,0.0,0.0,0.0,0.0,0.11,0.12,0.0,0.2,0.0,0.27,0.2
none,0.0,0.0,0.0,0.0,0.0,0.0,0.0,0.0,0.0,0.0,0.0,0.0,0.0,0.11,0.0,0.25,0.0,0.0,0.18,0.0
many,0.0,0.0,0.0,0.0,0.0,0.0,0.0,0.0,0.0,0.0,0.0,0.0,0.0,0.11,0.0,0.0,0.2,0.0,0.09,0.0
na,0.0,0.0,0.5,0.0,0.0,0.0,0.25,0.25,0.17,0.1,0.4,0.29,0.25,0.44,0.12,0.5,0.4,0.5,0.45,0.6
piece,0.0,0.0,0.0,0.0,0.0,0.0,0.0,0.25,0.0,0.0,0.0,0.29,0.5,0.11,0.12,0.25,0.2,0.25,0.27,0.0
too,0.0,0.0,0.0,0.0,0.0,0.0,0.0,0.0,0.0,0.0,0.2,0.14,0.25,0.11,0.0,0.25,0.2,0.0,0.27,0.2
some,0.0,0.0,0.0,0.0,0.0,0.0,0.0,0.25,0.0,0.0,0.2,0.14,0.25,0.11,0.12,0.25,0.2,0.25,0.18,0.2
kindof,0.0,0.0,0.0,0.0,0.0,0.0,0.0,0.25,0.0,0.0,0.0,0.0,0.0,0.11,0.0,0.25,0.2,0.0,0.18,0.0
try(to),0.0,0.0,0.0,0.0,0.0,0.0,0.25,0.25,0.0,0.0,0.0,0.0,0.25,0.11,0.12,0.5,0.4,0.25,0.36,0.2
can,0.0,0.0,0.0,0.0,0.0,0.0,0.25,0.0,0.17,0.0,0.0,0.14,0.25,0.11,0.12,0.5,0.2,0.0,0.36,0.4
was,0.0,0.0,0.0,0.0,0.0,0.0,0.25,0.0,0.0,0.0,0.0,0.14,0.25,0.11,0.12,0.25,0.2,0.0,0.27,0.0
be,0.0,0.0,0.0,0.0,0.0,0.0,0.25,0.0,0.0,0.0,0.2,0.0,0.0,0.11,0.0,0.5,0.2,0.0,0.27,0.0
am,0.0,0.0,0.0,0.0,0.0,0.0,0.25,0.25,0.0,0.1,0.0,0.0,0.0,0.11,0.0,0.5,0.2,0.0,0.27,0.4
is,0.0,0.0,0.0,0.0,0.0,0.0,0.0,0.25,0.17,0.5,0.6,0.43,0.25,0.67,0.5,0.25,0.6,0.5,0.91,0.4
(is(copula,0.0,0.0,0.0,0.0,0.0,0.0,0.25,0.0,0.0,0.0,0.0,0.0,0.25,0.11,0.25,0.5,0.0,0.0,0.36,0.2
dont,0.0,0.0,0.0,0.0,0.0,0.0,0.25,0.25,0.0,0.0,0.2,0.14,0.25,0.11,0.12,0.75,0.4,0.0,0.27,0.4
not,0.0,0.0,0.0,0.0,0.0,0.0,0.0,0.0,0.0,0.0,0.0,0.0,0.25,0.11,0.38,0.25,0.0,0.25,0.27,0.4
but,0.0,0.0,0.0,0.0,0.0,0.0,0.0,0.25,0.0,0.0,0.2,0.0,0.25,0.11,0.25,0.25,0.2,0.25,0.45,0.4
and,0.0,0.0,0.0,0.0,0.0,0.0,0.0,0.25,0.0,0.0,0.2,0.29,0.25,0.11,0.38,0.5,0.2,0.25,0.45,0.6
then,0.0,0.0,0.0,0.0,0.0,0.0,0.0,0.25,0.0,0.0,0.2,0.0,0.25,0.11,0.0,0.0,0.0,0.0,0.27,0.0
aso,0.0,0.0,0.0,0.0,0.0,0.0,0.0,0.25,0.0,0.0,0.0,0.0,0.25,0.11,0.12,0.25,0.0,0.25,0.36,0.2
d,0.0,0.0,0.0,0.0,0.0,0.0,0.0,0.25,0.17,0.0,0.0,0.0,0.0,0.33,0.12,0.0,0.4,0.5,0.36,0.0
if,0.0,0.0,0.0,0.0,0.0,0.0,0.0,0.0,0.0,0.0,0.0,0.0,0.0,0.11,0.0,0.25,0.2,0.0,0.27,0.0
mar,0.0,0.0,0.0,0.0,0.0,0.0,0.0,0.25,0.17,0.2,0.0,0.0,0.25,0.56,0.0,0.25,0.4,0.5,0.64,0.4
because,0.0,0.0,0.0,0.0,0.0,0.0,0.0,0.0,0.0,0.0,0.0,0.0,0.25,0.22,0.12,0.75,0.8,0.5,0.36,0.4
huair,0.0,0.0,0.0,0.0,0.0,0.0,0.0,0.25,0.17,0.0,0.0,0.0,0.0,0.33,0.0,0.75,1.0,0.5,0.64,0.4
when,0.0,0.0,0.0,0.0,0.0,0.0,0.0,0.0,0.0,0.0,0.0,0.0,0.25,0.11,0.0,0.75,0.6,0.25,0.18,0.0
TotIrish,,,,,,,,,,,,,,,,,,,,
TotEnglish,,,,,,,,,,,,,,,,,,,,
TotVocab,,,,,,,,,,,,,,,,,,,,
TotConcepVoc,,,,,,,,,,,,,,,,,,,,
ComplexityNew,,,,,,,,,,,,,,,,,,,,