,age_24,age_26,age_28,age_29,age_30,age_31,age_32,age_34,age_35,age_36,age_40,age_41,age_42,age_43,age_45,age_47
Child,"['Child1', 'Child3', 'Child4']","['Child2', 'Child10']",['Child28'],['Child9'],['Child26'],"['Child18', 'Child34', 'Child35']","['Child11', 'Child12', 'Child13', 'Child19', 'Child24']","['Child7', 'Child8', 'Child15', 'Child20', 'Child38']","['Child22', 'Child37']","['Child5', 'Child6', 'Child14', 'Child16', 'Child17']","['Child25', 'Child29', 'Child40']",['Child30'],"['Child21', 'Child23', 'Child32']","['Child33', 'Child39']","['Child27', 'Child36']",['Child31']
baa baa,1.0,0.5,1.0,1.0,1.0,0.67,0.4,0.4,1.0,0.8,1.0,1.0,0.0,0.5,1.0,1.0
choo choo,0.67,0.5,1.0,1.0,0.0,0.67,0.4,0.2,1.0,0.8,0.67,1.0,0.33,1.0,1.0,0.0
cockadoodledoo,0.33,0.0,1.0,1.0,0.0,0.0,0.2,0.4,0.0,0.8,0.33,1.0,0.33,1.0,0.0,1.0
grrr,0.33,0.0,1.0,0.0,0.0,1.0,0.2,0.4,1.0,0.8,0.67,1.0,0.33,1.0,0.5,1.0
meow,0.67,1.0,1.0,1.0,1.0,1.0,1.0,1.0,1.0,1.0,1.0,1.0,1.0,1.0,1.0,1.0
moo,1.0,1.0,1.0,1.0,1.0,1.0,0.8,1.0,1.0,1.0,1.0,1.0,1.0,1.0,1.0,1.0
ouch,0.67,0.5,1.0,1.0,0.0,1.0,0.6,0.6,1.0,0.8,0.67,1.0,0.33,0.5,1.0,1.0
quack quack,0.33,0.5,1.0,1.0,1.0,1.0,0.6,0.6,1.0,0.8,1.0,1.0,0.33,1.0,1.0,1.0
uh oh,0.67,0.5,1.0,1.0,1.0,1.0,0.4,0.8,1.0,0.8,1.0,1.0,0.33,1.0,1.0,1.0
vroom,0.33,0.0,1.0,1.0,0.0,0.33,0.4,0.0,1.0,0.8,0.33,1.0,0.33,0.5,0.0,1.0
woof woof,1.0,1.0,1.0,1.0,1.0,0.67,0.6,0.8,1.0,1.0,0.67,1.0,0.33,0.5,0.5,1.0
yum yum,0.33,0.5,1.0,0.0,0.0,1.0,0.2,0.6,1.0,0.8,0.67,0.0,0.33,0.5,1.0,1.0
alligator,0.33,0.0,1.0,0.0,1.0,0.0,0.4,0.2,0.0,0.6,0.67,0.0,0.33,0.5,0.0,1.0
animal,0.33,1.0,1.0,1.0,1.0,0.67,0.6,0.6,1.0,0.8,0.67,0.0,1.0,1.0,0.5,1.0
ant,0.0,0.0,1.0,0.0,0.0,0.33,0.2,0.6,1.0,0.4,0.67,0.0,0.33,0.5,0.5,1.0
bear,0.33,0.5,1.0,0.0,0.0,0.33,0.2,0.2,1.0,0.6,0.67,0.0,0.67,0.5,1.0,1.0
bee,0.0,0.0,1.0,1.0,0.0,0.0,0.4,0.4,1.0,0.8,0.67,0.0,0.67,0.5,1.0,1.0
bird,0.33,1.0,1.0,1.0,1.0,1.0,0.6,0.4,1.0,1.0,1.0,0.0,1.0,0.5,1.0,1.0
bug,0.0,0.5,1.0,0.0,0.0,0.33,0.0,0.4,0.5,0.6,0.33,0.0,1.0,0.5,1.0,1.0
bunny,0.33,1.0,1.0,1.0,0.0,0.33,0.2,0.6,1.0,0.6,0.67,0.0,0.67,0.5,0.5,0.0
butterfly,0.33,0.5,1.0,1.0,1.0,0.33,0.4,0.8,1.0,0.6,1.0,0.0,1.0,1.0,1.0,1.0
cat,0.67,1.0,1.0,1.0,1.0,1.0,0.8,1.0,1.0,0.8,0.67,0.0,1.0,1.0,1.0,1.0
chicken,0.67,1.0,1.0,0.0,1.0,0.67,0.8,1.0,1.0,1.0,0.67,0.0,1.0,1.0,1.0,1.0
cow,0.33,0.0,1.0,1.0,1.0,0.67,0.8,1.0,1.0,0.6,0.67,0.0,1.0,1.0,1.0,1.0
deer,0.0,0.0,1.0,0.0,0.0,0.0,0.0,0.0,1.0,0.0,0.0,0.0,0.0,0.5,0.0,0.0
dog,0.33,1.0,1.0,1.0,1.0,1.0,0.8,1.0,1.0,0.6,0.67,0.0,1.0,1.0,1.0,1.0
donkey,0.0,0.5,1.0,0.0,0.0,0.33,0.2,0.2,1.0,0.4,0.67,0.0,0.67,0.5,0.5,1.0
duck,0.33,1.0,1.0,0.0,1.0,0.33,0.6,0.6,1.0,0.6,0.67,0.0,1.0,0.5,1.0,1.0
elephant,0.67,1.0,0.0,1.0,1.0,0.67,0.6,0.8,1.0,0.6,0.67,0.0,1.0,1.0,1.0,1.0
fish,0.67,1.0,1.0,0.0,1.0,0.67,1.0,1.0,1.0,0.8,1.0,0.0,1.0,1.0,1.0,1.0
frog,0.33,1.0,1.0,0.0,0.0,0.33,0.6,0.8,1.0,0.8,0.67,0.0,0.67,1.0,1.0,1.0
giraffe,0.33,1.0,1.0,0.0,0.0,0.67,0.6,0.8,1.0,1.0,0.67,0.0,1.0,1.0,1.0,1.0
goose,0.0,0.0,1.0,0.0,0.0,0.0,0.0,0.6,0.5,0.0,0.33,0.0,0.33,0.5,0.0,0.0
hen,0.0,0.0,1.0,0.0,0.0,0.0,0.0,0.2,0.0,0.0,0.0,0.0,0.33,0.5,0.0,0.0
horse,0.67,0.5,1.0,1.0,1.0,0.67,0.4,0.8,1.0,0.8,0.67,0.0,1.0,0.5,1.0,1.0
kitty,0.33,0.0,0.0,1.0,0.0,0.0,0.0,0.0,1.0,0.6,0.67,0.0,0.0,0.5,0.5,1.0
lamb,0.33,0.0,1.0,0.0,0.0,0.0,0.0,0.0,1.0,0.2,0.33,0.0,0.0,0.5,0.0,0.0
lion,0.67,1.0,1.0,0.0,0.0,0.67,0.6,0.8,1.0,0.8,1.0,0.0,1.0,1.0,1.0,1.0
monkey,0.67,1.0,1.0,0.0,1.0,1.0,0.6,1.0,1.0,1.0,1.0,0.0,1.0,0.5,1.0,1.0
moose,0.33,0.0,1.0,0.0,0.0,0.0,0.0,0.0,0.5,0.2,0.33,0.0,0.0,0.5,0.5,0.0
mouse,0.33,0.0,1.0,0.0,0.0,0.33,0.0,0.8,1.0,0.6,0.67,0.0,0.67,0.5,1.0,0.0
owl,0.0,0.0,1.0,0.0,0.0,0.0,0.2,0.6,1.0,0.4,0.67,0.0,0.0,0.5,0.5,0.0
penguin,0.33,0.5,1.0,1.0,0.0,0.0,0.4,0.2,1.0,0.6,0.67,0.0,0.67,0.5,0.5,1.0
pig,0.33,0.0,1.0,1.0,1.0,0.33,0.6,0.4,1.0,0.6,0.67,0.0,0.0,0.5,1.0,1.0
pony,0.0,0.0,1.0,0.0,0.0,0.0,0.0,0.0,0.5,0.4,0.67,0.0,0.0,0.5,0.0,0.0
puppy,0.0,0.5,1.0,0.0,0.0,0.0,0.4,0.6,0.5,0.8,0.67,0.0,0.0,0.5,0.5,0.0
rooster,0.0,0.0,1.0,0.0,0.0,0.0,0.2,0.2,0.5,0.4,0.33,0.0,0.33,0.5,0.0,1.0
sheep,0.67,0.5,1.0,0.0,1.0,0.33,0.6,0.6,1.0,0.8,0.67,0.0,1.0,0.5,1.0,1.0
squirrel,0.0,0.0,1.0,0.0,1.0,0.0,0.0,0.0,1.0,0.6,0.0,0.0,0.0,0.5,0.0,0.0
teddybear,0.67,0.5,1.0,0.0,0.0,0.0,0.2,0.2,1.0,0.4,0.33,0.0,0.33,0.5,0.0,1.0
tiger,0.67,0.0,1.0,0.0,0.0,0.33,0.4,0.4,1.0,0.8,1.0,0.0,1.0,0.5,0.5,1.0
turkey,0.0,0.0,1.0,0.0,0.0,0.0,0.0,0.0,0.5,0.0,0.33,0.0,0.33,0.5,0.5,0.0
turtle,0.33,0.5,1.0,0.0,0.0,0.33,0.4,0.4,1.0,0.6,0.67,0.0,1.0,0.5,1.0,1.0
wolf,0.0,0.0,1.0,0.0,0.0,0.0,0.0,0.0,1.0,0.2,0.33,0.0,0.0,0.5,0.0,0.0
zebra,0.33,0.5,1.0,0.0,1.0,0.33,0.2,0.4,1.0,0.8,0.67,0.0,1.0,0.5,1.0,1.0
airplane,0.67,1.0,1.0,1.0,1.0,1.0,0.6,0.8,1.0,1.0,1.0,0.0,1.0,0.5,1.0,1.0
bicycle,0.33,0.5,1.0,1.0,1.0,0.67,0.8,0.6,1.0,0.8,0.67,0.0,0.67,0.5,0.5,1.0
boat,0.33,0.0,1.0,0.0,1.0,0.33,0.6,0.6,1.0,1.0,1.0,0.0,1.0,0.5,1.0,1.0
bus,0.67,1.0,1.0,0.0,1.0,0.67,0.8,1.0,1.0,0.6,0.67,0.0,1.0,1.0,1.0,1.0
car,0.67,1.0,0.0,1.0,1.0,1.0,0.8,0.8,1.0,1.0,1.0,0.0,1.0,1.0,1.0,1.0
firetruck,0.0,0.0,1.0,0.0,0.0,0.33,0.4,0.2,1.0,0.6,0.67,0.0,0.67,0.5,0.5,1.0
helicopter,0.67,0.5,1.0,0.0,0.0,0.0,0.2,0.6,1.0,0.6,0.33,0.0,1.0,0.5,1.0,1.0
motorcycle,0.33,0.5,1.0,0.0,0.0,0.33,0.6,0.4,1.0,0.8,0.67,0.0,0.67,1.0,0.5,1.0
sled,0.0,0.0,1.0,0.0,0.0,0.0,0.0,0.0,0.0,0.0,0.0,0.0,0.0,0.5,0.0,0.0
stroller,0.67,1.0,1.0,1.0,1.0,0.33,0.4,0.6,1.0,0.6,0.33,0.0,0.67,0.5,0.5,1.0
tractor,0.67,0.5,1.0,0.0,1.0,0.67,0.4,1.0,0.5,0.8,1.0,0.0,1.0,1.0,0.0,1.0
train,0.33,0.0,1.0,1.0,1.0,1.0,0.6,0.8,1.0,0.8,1.0,0.0,1.0,1.0,1.0,1.0
tricycle,0.0,0.0,1.0,1.0,0.0,0.0,0.2,0.2,0.0,0.4,0.33,0.0,0.0,0.5,0.5,0.0
truck,0.67,0.5,1.0,1.0,1.0,0.67,0.8,1.0,1.0,0.8,1.0,0.0,0.67,0.5,0.5,1.0
ball,1.0,1.0,1.0,1.0,1.0,1.0,0.8,1.0,1.0,0.8,1.0,0.0,1.0,1.0,1.0,1.0
balloon,0.67,1.0,1.0,1.0,1.0,1.0,0.8,0.8,1.0,0.8,1.0,0.0,1.0,1.0,1.0,1.0
bat,0.0,0.0,1.0,0.0,0.0,0.0,0.0,0.0,1.0,0.2,0.33,0.0,0.33,0.5,0.0,0.0
block,0.33,0.0,1.0,0.0,1.0,0.33,0.6,0.8,1.0,0.8,0.67,0.0,1.0,1.0,0.5,0.0
book,1.0,1.0,1.0,1.0,1.0,1.0,0.8,1.0,1.0,0.8,1.0,0.0,1.0,1.0,1.0,1.0
bubbles,0.33,1.0,1.0,1.0,1.0,1.0,0.6,0.6,1.0,1.0,1.0,0.0,1.0,1.0,1.0,1.0
chalk,0.0,0.0,1.0,0.0,0.0,0.33,0.0,0.0,0.5,0.2,0.33,0.0,0.33,1.0,0.5,1.0
crayon,0.33,0.5,1.0,1.0,1.0,1.0,0.2,0.4,1.0,0.6,0.67,0.0,1.0,0.5,0.5,1.0
doll,0.67,0.5,1.0,1.0,0.0,0.67,0.4,0.6,1.0,0.6,0.67,0.0,0.67,1.0,1.0,1.0
game,0.33,0.0,1.0,1.0,0.0,1.0,0.2,0.2,1.0,0.8,0.33,0.0,1.0,1.0,1.0,1.0
glue,0.0,0.0,1.0,0.0,0.0,0.33,0.2,0.0,1.0,0.4,0.33,0.0,1.0,1.0,0.5,1.0
pen,0.0,0.0,1.0,1.0,0.0,0.67,0.2,0.2,1.0,0.4,0.67,0.0,1.0,1.0,1.0,1.0
pencil,0.0,0.0,1.0,0.0,0.0,0.0,0.2,0.2,1.0,0.4,0.33,0.0,1.0,1.0,1.0,1.0
play dough,0.0,0.0,1.0,1.0,0.0,0.33,0.4,0.4,0.5,0.6,0.33,0.0,0.67,0.5,0.5,1.0
present,0.33,0.0,1.0,1.0,1.0,0.67,0.6,0.6,1.0,0.8,0.67,0.0,1.0,1.0,1.0,1.0
puzzle,0.33,1.0,1.0,1.0,1.0,0.67,0.6,0.8,1.0,0.8,1.0,0.0,1.0,1.0,1.0,1.0
story,0.0,0.5,1.0,1.0,1.0,0.67,0.6,0.6,1.0,0.8,1.0,0.0,1.0,1.0,1.0,1.0
toy,0.33,0.5,1.0,1.0,1.0,0.33,0.6,0.4,1.0,0.8,0.67,0.0,1.0,1.0,1.0,1.0
apple,0.67,1.0,1.0,1.0,1.0,1.0,0.8,0.8,1.0,0.8,1.0,0.0,1.0,1.0,1.0,1.0
applesauce,0.33,0.5,1.0,0.0,0.0,0.33,0.0,0.6,0.5,0.4,0.33,0.0,0.0,0.5,1.0,1.0
banana,1.0,1.0,1.0,1.0,1.0,1.0,0.8,1.0,1.0,1.0,1.0,0.0,1.0,1.0,1.0,1.0
beans,0.0,0.0,1.0,0.0,1.0,0.0,0.0,0.4,0.5,0.4,0.67,0.0,0.0,0.5,0.5,1.0
bread,0.33,0.5,1.0,1.0,1.0,0.33,0.4,0.4,1.0,0.8,0.67,0.0,1.0,1.0,1.0,1.0
butter,0.0,0.0,1.0,1.0,1.0,0.0,0.2,0.0,0.5,0.4,0.33,0.0,1.0,1.0,0.5,0.0
cake,0.33,1.0,1.0,1.0,1.0,1.0,0.8,0.6,1.0,0.8,0.67,0.0,1.0,1.0,1.0,1.0
candy,0.33,0.5,1.0,1.0,1.0,0.67,0.8,0.4,1.0,0.8,0.33,0.0,0.67,1.0,1.0,1.0
carrots,0.33,0.5,1.0,0.0,1.0,1.0,0.6,0.8,1.0,0.8,0.67,0.0,1.0,1.0,1.0,1.0
cereal,0.67,1.0,1.0,1.0,0.0,0.33,0.6,0.6,1.0,0.4,0.67,0.0,0.67,1.0,0.5,1.0
cheerios,0.67,1.0,1.0,1.0,1.0,0.33,0.4,0.8,1.0,0.8,1.0,0.0,1.0,1.0,1.0,1.0
cheese,1.0,1.0,1.0,1.0,1.0,0.67,0.6,0.8,1.0,0.8,1.0,0.0,1.0,1.0,1.0,1.0
chocolate,0.67,1.0,1.0,1.0,1.0,0.67,0.6,0.6,1.0,0.8,0.67,0.0,1.0,1.0,1.0,1.0
coffee,0.67,0.5,1.0,1.0,1.0,0.67,0.6,0.6,1.0,0.6,0.33,0.0,1.0,1.0,1.0,1.0
coke,0.0,0.0,1.0,0.0,0.0,0.33,0.4,0.2,0.0,0.2,0.33,0.0,0.67,0.5,1.0,0.0
cookie,0.67,1.0,1.0,1.0,1.0,1.0,0.8,0.8,1.0,1.0,1.0,0.0,1.0,1.0,1.0,1.0
corn,0.33,0.5,1.0,1.0,0.0,0.33,0.6,0.4,1.0,0.6,0.67,0.0,0.33,1.0,0.5,1.0
cracker,0.33,0.5,1.0,1.0,0.0,1.0,0.6,1.0,1.0,1.0,1.0,0.0,1.0,1.0,1.0,1.0
doughnut,0.5,0.0,1.0,0.0,0.0,0.0,0.2,0.0,0.5,0.2,0.0,0.0,0.0,0.5,0.5,1.0
drink,0.67,0.5,1.0,0.0,0.0,0.67,0.6,0.8,1.0,0.6,0.33,0.0,1.0,1.0,1.0,1.0
egg,0.67,0.5,0.0,1.0,1.0,0.33,0.8,0.6,1.0,0.8,1.0,0.0,1.0,1.0,1.0,1.0
food,0.67,0.5,1.0,0.0,1.0,0.67,0.6,0.6,1.0,0.8,0.33,0.0,1.0,1.0,1.0,1.0
french fries,0.33,0.5,1.0,1.0,0.0,0.33,0.4,0.2,0.5,0.4,0.33,0.0,0.0,1.0,0.5,1.0
grapes,0.33,0.0,1.0,1.0,0.0,0.33,0.6,1.0,1.0,0.8,0.67,0.0,0.67,1.0,1.0,1.0
green beans,0.0,0.0,1.0,0.0,0.0,0.33,0.0,0.2,0.5,0.2,0.33,0.0,0.33,0.5,0.5,0.0
gum,0.0,0.0,1.0,0.0,0.0,0.0,0.4,0.2,0.0,0.6,0.0,0.0,1.0,1.0,1.0,0.0
hamburger,0.33,0.5,1.0,1.0,0.0,0.0,0.6,0.2,0.5,0.4,0.67,0.0,0.67,0.5,1.0,1.0
ice,0.33,0.0,1.0,0.0,0.0,0.33,0.4,0.6,1.0,0.6,0.67,0.0,1.0,1.0,0.5,1.0
ice cream,0.33,0.5,1.0,1.0,1.0,0.67,0.6,0.4,1.0,0.8,1.0,0.0,1.0,1.0,1.0,1.0
jello,0.33,0.5,1.0,0.0,0.0,0.0,0.0,0.0,0.5,0.4,0.0,0.0,0.33,1.0,0.5,0.0
jelly,0.33,0.5,1.0,0.0,0.0,0.67,0.4,0.0,1.0,0.4,0.67,0.0,0.33,1.0,0.5,1.0
juice,1.0,1.0,1.0,1.0,1.0,0.33,0.8,1.0,1.0,0.6,0.33,0.0,1.0,1.0,1.0,1.0
lollipop,0.33,0.0,1.0,1.0,0.0,0.67,0.6,0.0,1.0,0.4,0.33,0.0,0.33,1.0,1.0,0.0
meat,0.0,0.0,1.0,1.0,0.0,0.33,0.2,0.4,0.5,0.8,0.67,0.0,0.67,1.0,0.5,1.0
melon,0.67,1.0,1.0,1.0,0.0,0.67,0.4,0.8,1.0,0.6,1.0,0.0,0.33,1.0,1.0,0.0
milk,1.0,1.0,1.0,1.0,0.0,0.33,0.8,1.0,1.0,0.8,0.67,0.0,1.0,1.0,1.0,1.0
muffin,0.0,0.0,1.0,0.0,0.0,0.33,0.0,0.2,0.0,0.2,0.67,0.0,0.0,1.0,0.5,1.0
noodles,0.67,0.5,1.0,1.0,0.0,0.67,0.6,0.2,0.5,0.4,0.33,0.0,0.67,1.0,1.0,1.0
nuts,0.0,0.0,1.0,0.0,1.0,0.0,0.2,0.0,0.5,0.4,0.33,0.0,0.33,0.5,0.5,1.0
orange,0.33,0.5,1.0,1.0,1.0,0.33,0.6,0.6,1.0,0.8,0.67,0.0,0.33,1.0,1.0,1.0
pancake,0.33,0.5,1.0,0.0,1.0,0.33,0.6,0.2,1.0,0.6,0.67,0.0,0.67,0.5,1.0,1.0
peanut butter,0.0,0.5,1.0,0.0,0.0,0.67,0.6,0.4,1.0,0.4,1.0,0.0,0.67,1.0,0.5,1.0
peas,0.33,0.5,1.0,0.0,0.0,0.0,0.6,0.2,0.5,0.4,0.33,0.0,0.0,1.0,0.5,0.0
pickle,0.33,0.5,1.0,1.0,0.0,0.33,0.6,0.4,0.5,0.6,0.33,0.0,0.33,1.0,0.5,1.0
pizza,0.33,1.0,1.0,1.0,1.0,1.0,1.0,1.0,1.0,1.0,1.0,0.0,1.0,1.0,1.0,1.0
popcorn,0.0,0.0,1.0,0.0,0.0,0.33,0.6,0.2,1.0,0.6,0.67,0.0,0.67,1.0,1.0,1.0
popsicle,0.0,0.0,1.0,1.0,0.0,0.33,0.2,0.0,0.5,0.2,0.33,0.0,0.0,0.5,0.5,1.0
potato,0.33,0.0,1.0,0.0,0.0,0.67,0.6,0.6,1.0,0.8,1.0,0.0,0.67,1.0,1.0,1.0
potato chip,0.33,0.0,1.0,1.0,0.0,0.33,0.6,0.2,0.5,0.6,0.0,0.0,0.33,1.0,1.0,1.0
prezel,0.33,0.0,1.0,0.0,0.0,0.33,0.4,0.6,1.0,0.8,0.0,0.0,0.67,0.5,1.0,1.0
pudding,0.0,0.0,1.0,0.0,0.0,0.0,0.0,0.0,0.0,0.2,0.33,0.0,0.33,0.5,0.0,0.0
pumpkin,0.0,0.0,1.0,0.0,0.0,0.0,0.0,0.0,0.5,0.4,0.33,0.0,0.0,0.5,0.0,0.0
raisin,0.33,0.5,1.0,1.0,0.0,0.33,0.6,0.2,1.0,1.0,0.67,0.0,0.0,1.0,0.5,1.0
salt,0.0,0.5,1.0,0.0,1.0,0.33,0.8,0.4,0.5,0.8,0.67,0.0,0.33,1.0,1.0,1.0
sandwich,0.33,1.0,1.0,0.0,1.0,0.67,0.6,0.6,1.0,0.6,1.0,0.0,0.33,1.0,1.0,1.0
sauce,0.0,0.0,1.0,0.0,1.0,0.33,0.4,0.2,0.5,0.4,0.33,0.0,0.0,1.0,0.5,1.0
soda/pop,0.0,0.0,1.0,0.0,0.0,0.0,0.0,0.2,0.0,0.4,0.67,0.0,0.0,0.5,1.0,1.0
soup,0.67,1.0,1.0,1.0,1.0,0.67,0.6,0.6,1.0,0.8,0.67,0.0,1.0,1.0,1.0,1.0
spaghetti,0.0,1.0,1.0,1.0,1.0,0.67,0.6,0.4,1.0,0.6,0.67,0.0,0.33,1.0,1.0,1.0
strawberry,0.33,0.0,1.0,0.0,1.0,0.33,0.4,0.2,1.0,0.6,0.67,0.0,0.33,1.0,1.0,1.0
toast,0.0,0.0,1.0,0.0,0.0,0.0,0.6,0.6,0.5,0.6,0.67,0.0,1.0,1.0,1.0,1.0
tuna,0.0,0.5,1.0,0.0,1.0,0.33,0.6,0.6,1.0,1.0,1.0,0.0,1.0,1.0,1.0,1.0
vanilla,0.0,0.0,1.0,0.0,0.0,0.0,0.0,0.2,0.0,0.4,0.67,0.0,0.0,1.0,0.5,1.0
vitamins,0.0,0.5,1.0,0.0,0.0,0.33,0.2,0.0,0.0,0.2,0.67,0.0,0.0,1.0,0.5,0.0
water,0.67,1.0,1.0,1.0,1.0,0.67,0.6,1.0,1.0,0.8,1.0,0.0,1.0,1.0,1.0,1.0
yogurt,1.0,0.5,1.0,1.0,0.0,1.0,0.6,0.4,1.0,0.6,1.0,0.0,1.0,1.0,1.0,1.0
beads ,0.0,0.0,1.0,0.0,0.0,0.33,0.0,0.0,0.5,0.4,0.33,0.0,0.0,1.0,0.5,1.0
belt,0.0,0.0,1.0,1.0,0.0,0.33,0.4,0.4,1.0,0.6,0.67,0.0,1.0,1.0,0.5,1.0
bib,0.33,0.5,1.0,0.0,1.0,0.33,0.4,0.2,0.5,0.8,0.67,0.0,1.0,1.0,1.0,1.0
boots,0.33,0.5,1.0,1.0,0.0,0.33,0.6,0.4,1.0,0.6,0.67,0.0,1.0,1.0,1.0,1.0
button,0.33,0.0,1.0,0.0,1.0,0.67,0.6,0.8,1.0,0.6,0.67,0.0,1.0,1.0,1.0,1.0
coat,0.0,0.5,0.0,0.0,1.0,0.33,0.4,0.4,1.0,0.6,0.33,0.0,1.0,1.0,1.0,1.0
diaper,1.0,1.0,1.0,1.0,1.0,1.0,0.6,0.8,1.0,0.8,0.67,0.0,1.0,1.0,1.0,1.0
dress,0.33,1.0,1.0,1.0,1.0,0.33,0.2,0.6,1.0,0.6,0.67,0.0,1.0,0.5,1.0,1.0
gloves,0.0,0.0,1.0,1.0,0.0,0.33,0.2,0.2,1.0,0.4,0.67,0.0,1.0,1.0,1.0,1.0
hat,0.67,1.0,1.0,1.0,1.0,0.67,0.6,0.6,1.0,0.8,0.67,0.0,1.0,1.0,1.0,1.0
jacket,0.33,0.0,1.0,0.0,1.0,0.0,0.6,0.4,0.5,0.6,0.67,0.0,1.0,0.5,0.5,1.0
jeans,0.0,0.0,1.0,0.0,0.0,0.33,0.2,0.2,1.0,0.6,0.33,0.0,0.33,0.5,0.5,0.0
mittens,0.33,0.0,1.0,0.0,0.0,0.0,0.0,0.0,0.5,0.2,0.33,0.0,0.33,0.5,0.5,1.0
necklace,0.0,0.0,1.0,1.0,1.0,0.33,0.6,0.6,1.0,0.4,0.67,0.0,0.67,1.0,0.5,1.0
pajamas,0.67,1.0,1.0,1.0,1.0,1.0,0.8,1.0,1.0,0.6,1.0,0.0,1.0,1.0,1.0,1.0
pants,0.67,0.5,1.0,1.0,1.0,1.0,0.6,0.8,1.0,0.8,0.67,0.0,1.0,1.0,1.0,1.0
scarf,0.0,0.0,1.0,0.0,0.0,0.33,0.2,0.2,1.0,0.4,0.33,0.0,0.67,0.5,0.5,1.0
shirt,0.33,0.5,1.0,1.0,1.0,0.67,0.6,0.6,1.0,0.6,0.67,0.0,1.0,1.0,1.0,1.0
shoe,0.67,1.0,1.0,1.0,1.0,0.67,0.8,1.0,1.0,0.8,1.0,0.0,1.0,1.0,1.0,1.0
shorts,0.0,0.0,1.0,1.0,0.0,0.33,0.4,0.4,1.0,0.4,0.67,0.0,0.33,1.0,0.5,1.0
slipper,0.0,1.0,1.0,0.0,1.0,0.67,0.4,0.0,1.0,0.6,0.67,0.0,1.0,0.5,1.0,1.0
sneaker,0.0,0.5,1.0,0.0,1.0,0.0,0.2,0.0,1.0,0.6,0.0,0.0,0.67,0.5,0.5,1.0
snowsuit,0.0,0.0,1.0,0.0,0.0,0.0,0.0,0.0,0.0,0.0,0.0,0.0,0.0,0.5,0.5,0.0
sock,1.0,0.5,1.0,0.0,1.0,1.0,0.6,0.8,1.0,1.0,1.0,0.0,1.0,1.0,0.5,1.0
sweater,0.0,0.5,1.0,0.0,1.0,0.67,0.4,0.4,1.0,0.6,1.0,0.0,1.0,1.0,1.0,1.0
tights,0.0,0.5,1.0,0.0,0.0,0.33,0.0,0.6,1.0,0.4,1.0,0.0,0.33,0.5,1.0,1.0
underpants,0.0,0.5,1.0,1.0,0.0,0.67,0.6,0.6,1.0,0.6,0.67,0.0,0.67,1.0,1.0,1.0
zipper,0.0,0.5,1.0,0.0,0.0,0.33,0.2,0.4,1.0,0.4,0.67,0.0,1.0,0.5,1.0,1.0
ankle,0.0,0.0,1.0,0.0,0.0,0.0,0.0,0.0,0.5,0.2,0.0,0.0,0.33,0.5,0.5,0.0
arm,0.33,0.0,1.0,1.0,1.0,0.33,0.2,0.2,1.0,0.6,0.67,0.0,0.33,1.0,0.5,1.0
belly button,0.33,0.5,1.0,1.0,1.0,0.33,0.6,0.8,1.0,0.8,1.0,0.0,1.0,1.0,1.0,1.0
buttocks/buttom,0.33,0.5,1.0,1.0,1.0,0.33,0.4,0.8,1.0,0.6,0.67,0.0,0.67,1.0,1.0,1.0
cheek,0.33,0.0,1.0,1.0,1.0,0.67,0.6,0.6,1.0,0.6,0.67,0.0,0.67,0.5,1.0,1.0
chin,0.33,0.5,1.0,1.0,1.0,0.33,0.4,0.6,1.0,0.8,0.67,0.0,0.67,0.5,1.0,0.0
ear,0.67,0.5,1.0,1.0,1.0,0.67,0.6,0.8,1.0,0.8,0.67,0.0,1.0,1.0,1.0,1.0
eye,1.0,1.0,1.0,1.0,1.0,0.67,0.8,0.8,1.0,0.8,1.0,0.0,0.67,1.0,1.0,1.0
face,0.33,0.5,1.0,1.0,1.0,0.67,0.4,0.4,1.0,0.8,0.67,0.0,1.0,1.0,1.0,1.0
feet,0.67,0.5,1.0,1.0,1.0,0.67,0.8,0.8,1.0,0.8,0.67,0.0,1.0,1.0,1.0,1.0
finger,0.33,0.5,1.0,1.0,1.0,0.67,0.6,0.8,1.0,0.8,0.67,0.0,1.0,1.0,1.0,1.0
hair,0.67,0.5,1.0,1.0,1.0,0.67,0.6,0.8,1.0,0.8,0.67,0.0,1.0,1.0,1.0,1.0
hand,0.67,0.5,1.0,1.0,1.0,1.0,0.8,0.6,1.0,0.8,1.0,0.0,1.0,1.0,1.0,1.0
head,0.67,1.0,0.0,1.0,1.0,1.0,0.8,0.6,1.0,0.8,0.67,0.0,1.0,1.0,1.0,1.0
knee,0.33,0.5,1.0,1.0,0.0,0.33,0.4,0.6,0.5,0.8,0.67,0.0,1.0,1.0,1.0,1.0
leg,0.33,0.5,1.0,1.0,1.0,0.67,0.4,0.2,0.5,0.6,0.67,0.0,1.0,1.0,0.5,1.0
lips,0.33,0.0,1.0,0.0,1.0,0.33,0.2,0.0,0.5,0.6,0.33,0.0,0.67,1.0,0.5,1.0
mouth,0.67,0.5,1.0,1.0,0.0,0.67,0.8,0.8,1.0,0.8,1.0,0.0,0.67,1.0,1.0,1.0
nose,1.0,1.0,1.0,1.0,1.0,1.0,0.8,0.8,1.0,0.8,1.0,0.0,1.0,1.0,1.0,1.0
owie/boo boo,0.67,0.5,1.0,1.0,0.0,0.33,0.4,0.8,1.0,0.6,0.67,0.0,0.67,1.0,1.0,1.0
penis,0.0,0.0,1.0,0.0,0.0,0.0,0.6,0.6,0.5,0.8,0.33,0.0,0.67,1.0,0.5,0.0
shoulder,0.33,1.0,1.0,0.0,0.0,0.33,0.6,0.6,0.5,0.8,0.67,0.0,0.33,0.5,0.5,1.0
tooth,0.33,0.5,1.0,0.0,0.0,0.67,0.8,0.6,1.0,0.8,0.67,0.0,1.0,1.0,1.0,1.0
toe,0.33,0.5,1.0,1.0,0.0,0.33,0.6,0.8,1.0,0.6,0.67,0.0,1.0,1.0,1.0,1.0
tongue,0.33,0.5,1.0,0.0,1.0,0.33,0.6,0.6,1.0,0.8,0.67,0.0,1.0,1.0,0.5,1.0
tummy,0.67,1.0,1.0,1.0,1.0,1.0,0.8,0.8,1.0,0.8,1.0,0.0,1.0,1.0,0.5,1.0
vagina,0.0,0.0,1.0,1.0,0.0,0.33,0.0,0.4,0.5,0.2,0.0,0.0,0.33,0.0,1.0,0.0
basket,0.0,0.5,1.0,0.0,0.0,0.33,0.2,0.2,0.5,0.2,0.67,0.0,0.0,0.5,0.5,1.0
blanket,1.0,1.0,1.0,1.0,1.0,0.67,0.6,0.8,1.0,0.8,0.67,0.0,1.0,1.0,1.0,1.0
bottle,1.0,1.0,1.0,1.0,1.0,0.67,0.6,1.0,1.0,0.8,0.67,0.0,1.0,1.0,1.0,1.0
box,0.33,0.5,1.0,0.0,1.0,0.67,0.4,0.8,1.0,0.8,0.67,0.0,1.0,1.0,1.0,1.0
bowl,0.67,0.5,1.0,1.0,1.0,0.67,0.6,0.4,1.0,0.6,0.67,0.0,0.67,1.0,1.0,1.0
broom,0.0,1.0,1.0,1.0,1.0,0.33,0.4,0.4,1.0,0.4,0.67,0.0,1.0,1.0,1.0,1.0
brush,0.33,1.0,1.0,0.0,0.0,0.33,0.6,0.8,0.5,0.6,0.67,0.0,0.67,1.0,1.0,1.0
bucket,0.33,0.0,1.0,0.0,0.0,0.33,0.2,0.2,0.0,0.0,0.33,0.0,0.33,1.0,0.5,1.0
camera,0.0,0.5,1.0,1.0,1.0,0.33,0.4,0.4,1.0,0.6,0.67,0.0,1.0,1.0,1.0,1.0
can,0.0,0.5,1.0,0.0,0.0,0.0,0.0,0.2,0.5,0.6,0.33,0.0,0.0,0.5,0.5,0.0
clock,0.67,0.5,1.0,0.0,0.0,0.33,0.4,0.2,1.0,0.4,0.67,0.0,0.67,1.0,0.5,0.0
comb,0.67,0.5,1.0,0.0,0.0,0.33,0.2,0.0,0.5,0.4,0.33,0.0,0.33,0.5,0.5,0.0
cup,0.67,1.0,1.0,1.0,1.0,1.0,0.6,0.8,1.0,0.8,0.67,0.0,1.0,1.0,1.0,1.0
dish,0.0,0.0,1.0,0.0,0.0,0.0,0.4,0.0,0.5,0.2,0.0,0.0,0.33,0.5,0.5,0.0
fork,0.33,1.0,1.0,1.0,1.0,0.67,0.6,0.6,1.0,0.8,0.67,0.0,1.0,1.0,1.0,1.0
garbage,0.67,0.5,1.0,1.0,1.0,0.33,0.8,0.8,1.0,0.8,0.67,0.0,1.0,1.0,1.0,1.0
glass,0.0,0.0,1.0,0.0,1.0,0.33,0.6,0.2,1.0,0.6,0.33,0.0,0.67,0.5,1.0,1.0
glasses,0.0,1.0,1.0,0.0,1.0,0.67,0.6,0.4,1.0,0.8,0.67,0.0,1.0,1.0,1.0,1.0
hammer,0.0,0.0,1.0,0.0,0.0,0.0,0.4,0.4,1.0,0.4,0.67,0.0,0.33,1.0,0.0,1.0
jar,0.0,0.0,1.0,0.0,0.0,0.0,0.0,0.2,0.5,0.2,0.33,0.0,0.0,0.5,0.5,0.0
keys,0.67,1.0,1.0,1.0,0.0,0.67,0.6,0.4,1.0,1.0,0.67,0.0,1.0,1.0,1.0,1.0
knife,0.33,0.5,1.0,1.0,1.0,0.33,0.6,0.4,1.0,0.8,0.67,0.0,1.0,1.0,0.5,1.0
lamp,0.0,0.0,1.0,0.0,0.0,0.0,0.0,0.2,0.5,0.0,0.0,0.0,0.33,1.0,0.5,0.0
light,0.33,0.5,1.0,1.0,1.0,0.67,0.8,0.8,1.0,0.8,0.67,0.0,0.67,1.0,1.0,1.0
medicine,0.0,0.5,1.0,0.0,1.0,0.33,0.4,0.8,1.0,0.4,0.67,0.0,0.67,1.0,1.0,1.0
money,0.0,0.0,1.0,0.0,1.0,0.33,0.8,0.4,1.0,0.4,0.67,0.0,1.0,1.0,1.0,1.0
mop,0.0,0.0,1.0,0.0,0.0,0.0,0.0,0.0,0.0,0.0,0.0,0.0,0.0,0.5,0.0,1.0
nail,0.0,0.0,1.0,0.0,0.0,0.33,0.2,0.2,1.0,0.6,0.33,0.0,0.0,1.0,0.5,1.0
napkin,0.33,0.5,1.0,1.0,1.0,0.67,0.6,0.4,1.0,0.8,0.67,0.0,1.0,1.0,1.0,1.0
paper,0.33,0.5,1.0,1.0,1.0,0.33,0.6,0.8,1.0,1.0,0.67,0.0,1.0,1.0,0.5,1.0
penny,0.0,0.0,1.0,0.0,0.0,0.0,0.0,0.2,0.5,0.0,0.0,0.0,0.0,0.5,0.0,1.0
picture,0.33,1.0,1.0,0.0,1.0,0.67,0.8,0.4,1.0,0.8,0.67,0.0,1.0,1.0,1.0,1.0
pillow,0.0,1.0,1.0,1.0,1.0,0.67,0.6,0.6,1.0,0.8,0.67,0.0,1.0,1.0,0.5,1.0
plant,0.0,0.0,1.0,0.0,0.0,0.0,0.0,0.2,0.0,0.2,0.33,0.0,0.33,1.0,0.5,1.0
plate,0.33,0.5,1.0,1.0,1.0,0.33,0.6,0.4,1.0,0.8,0.67,0.0,1.0,1.0,1.0,1.0
purse,0.0,0.5,1.0,0.0,0.0,0.33,0.2,0.0,0.5,0.0,0.67,0.0,0.33,0.5,0.5,0.0
radio,0.0,0.0,1.0,0.0,0.0,0.0,0.2,0.4,1.0,0.4,0.67,0.0,0.0,0.5,0.0,0.0
scissors,0.0,0.5,0.0,0.0,0.0,0.33,0.4,0.4,1.0,0.8,0.67,0.0,1.0,1.0,0.5,1.0
soap,0.33,0.5,0.0,1.0,1.0,0.67,0.8,0.8,1.0,0.8,0.67,0.0,1.0,1.0,0.5,1.0
spoon,0.67,0.5,1.0,1.0,1.0,1.0,0.8,0.8,1.0,0.8,0.67,0.0,1.0,1.0,1.0,1.0
tape,0.0,0.5,1.0,0.0,0.0,0.67,0.4,0.0,0.5,0.2,0.67,0.0,0.67,1.0,0.5,1.0
telephone,0.67,1.0,1.0,1.0,0.0,1.0,1.0,1.0,1.0,1.0,1.0,0.0,1.0,1.0,1.0,1.0
tissue/kleenex,0.0,0.5,1.0,1.0,0.0,0.67,1.0,1.0,1.0,0.6,0.67,0.0,1.0,1.0,0.5,1.0
toothbrush,0.67,0.5,1.0,1.0,1.0,0.67,0.8,0.6,1.0,0.8,0.67,0.0,1.0,1.0,1.0,1.0
towel,0.33,0.5,1.0,1.0,1.0,0.67,0.6,0.8,1.0,0.8,0.67,0.0,1.0,1.0,1.0,1.0
trash,0.0,0.0,1.0,0.0,0.0,0.0,0.0,0.0,0.5,0.2,0.33,0.0,0.0,0.5,0.5,1.0
tray,0.0,0.5,1.0,0.0,0.0,0.0,0.0,0.2,0.5,0.2,0.33,0.0,0.0,0.5,0.0,1.0
vacuum,0.33,0.5,1.0,0.0,0.0,0.33,0.2,0.4,0.0,0.4,0.33,0.0,0.33,0.5,0.0,1.0
walker,0.0,0.0,1.0,0.0,0.0,0.0,0.2,0.0,0.0,0.2,0.33,0.0,0.33,0.5,0.0,0.0
watch,0.33,0.0,1.0,1.0,0.0,0.33,0.6,0.4,1.0,0.6,0.67,0.0,1.0,1.0,0.5,1.0
basement,0.0,0.0,0.0,0.0,0.0,0.33,0.2,0.0,0.0,0.0,0.0,0.0,0.33,0.5,0.0,0.0
bathroom,0.33,0.5,1.0,1.0,1.0,0.67,0.6,0.6,1.0,0.8,0.67,0.0,1.0,1.0,1.0,1.0
bathtub,0.33,0.5,1.0,1.0,1.0,1.0,0.6,0.4,1.0,0.8,1.0,0.0,0.67,1.0,1.0,1.0
bed,0.67,1.0,1.0,1.0,1.0,1.0,0.6,0.8,1.0,0.8,0.67,0.0,1.0,1.0,1.0,1.0
bedroom,0.0,0.5,1.0,1.0,0.0,0.33,0.2,0.2,0.5,0.6,0.33,0.0,0.33,0.5,0.5,1.0
bench,0.0,0.5,1.0,0.0,0.0,0.33,0.0,0.2,0.0,0.6,0.67,0.0,0.33,0.5,0.5,1.0
chair,0.67,0.5,1.0,1.0,1.0,0.67,0.6,0.8,1.0,0.8,0.67,0.0,1.0,1.0,1.0,1.0
closet,0.33,0.5,1.0,1.0,0.0,0.33,0.6,0.2,1.0,0.6,0.33,0.0,0.67,0.5,0.5,1.0
couch,0.33,0.5,1.0,1.0,1.0,0.67,0.6,1.0,1.0,0.8,0.67,0.0,1.0,1.0,1.0,1.0
crib,0.0,0.5,0.0,1.0,1.0,0.33,0.4,0.4,0.5,0.6,0.33,0.0,0.67,1.0,0.5,0.0
door,0.33,0.5,1.0,1.0,1.0,1.0,0.6,0.6,1.0,0.8,1.0,0.0,1.0,1.0,1.0,1.0
drawer,0.0,0.5,1.0,0.0,0.0,0.33,0.4,0.2,1.0,0.6,0.33,0.0,0.67,1.0,0.5,1.0
dryer,0.0,0.5,1.0,0.0,0.0,0.33,0.0,0.2,0.5,0.4,0.33,0.0,0.0,1.0,0.5,1.0
garage,0.0,0.0,0.0,0.0,0.0,0.0,0.2,0.0,0.0,0.2,0.0,0.0,0.0,0.5,0.0,0.0
high chair,0.33,0.5,1.0,0.0,1.0,0.33,0.2,0.2,0.5,0.6,0.67,0.0,0.67,0.5,0.5,1.0
kitchen,0.33,0.5,1.0,1.0,1.0,1.0,0.6,0.8,1.0,0.6,0.67,0.0,1.0,1.0,1.0,1.0
living room,0.0,0.0,1.0,0.0,0.0,0.33,0.4,0.8,1.0,0.6,0.33,0.0,0.33,1.0,1.0,1.0
oven,0.0,0.5,1.0,0.0,1.0,1.0,0.4,0.6,1.0,0.8,0.67,0.0,1.0,1.0,1.0,1.0
play pen,0.0,0.0,1.0,0.0,0.0,0.0,0.0,0.0,0.0,0.2,0.0,0.0,0.0,0.5,0.0,0.0
porch ,0.0,0.5,1.0,0.0,0.0,0.33,0.2,0.0,0.5,0.2,0.0,0.0,0.0,0.5,0.5,0.0
potty,1.0,0.0,1.0,0.0,0.0,0.67,0.0,0.8,1.0,0.4,0.33,0.0,0.33,1.0,0.5,0.0
refrigerator,0.0,0.5,1.0,1.0,1.0,0.67,0.6,0.4,1.0,0.6,0.67,0.0,1.0,1.0,1.0,1.0
rocking chair,0.0,0.0,1.0,0.0,0.0,0.0,0.0,0.0,0.0,0.0,0.33,0.0,0.33,0.5,0.5,0.0
room,0.33,0.5,1.0,0.0,1.0,0.67,0.6,0.8,1.0,0.8,0.67,0.0,1.0,1.0,1.0,1.0
shower,0.67,0.5,1.0,1.0,1.0,1.0,0.6,1.0,1.0,0.8,0.67,0.0,0.67,1.0,1.0,1.0
sink,0.33,0.5,1.0,1.0,1.0,0.67,0.6,0.4,1.0,0.6,0.67,0.0,1.0,1.0,0.5,1.0
sofa,0.0,0.5,1.0,1.0,1.0,0.0,0.0,0.0,0.5,0.6,0.33,0.0,0.33,1.0,0.5,0.0
stairs,0.33,0.5,1.0,0.0,1.0,0.67,0.6,0.6,1.0,0.6,1.0,0.0,1.0,1.0,1.0,1.0
stove,0.0,0.0,1.0,0.0,0.0,0.33,0.0,0.0,0.5,0.4,0.33,0.0,0.0,0.5,0.5,1.0
table,0.33,0.5,1.0,0.0,1.0,0.33,0.6,0.6,1.0,0.8,0.67,0.0,1.0,1.0,1.0,1.0
TV,0.67,0.0,1.0,1.0,1.0,0.33,0.4,0.2,1.0,0.4,0.33,0.0,0.0,0.5,0.5,0.0
washing machine,0.0,0.5,1.0,0.0,1.0,0.0,0.4,0.8,0.5,0.6,0.33,0.0,0.67,1.0,1.0,1.0
window,0.33,0.5,1.0,0.0,1.0,1.0,0.4,0.4,1.0,0.8,0.67,0.0,1.0,1.0,1.0,1.0
backyard,0.0,0.0,1.0,0.0,0.0,0.0,0.0,0.0,0.0,0.0,0.0,0.0,0.0,0.5,0.5,0.0
cloud,0.33,0.0,1.0,1.0,1.0,0.33,0.4,0.4,1.0,0.6,0.33,0.0,0.33,1.0,0.5,1.0
flag,0.0,0.0,1.0,1.0,1.0,0.33,0.2,0.2,1.0,0.4,0.67,0.0,1.0,0.5,0.5,1.0
flower,0.33,0.5,1.0,0.0,1.0,0.33,0.6,0.8,1.0,0.8,0.67,0.0,1.0,1.0,1.0,1.0
garden ,0.0,0.0,1.0,0.0,0.0,0.0,0.2,0.2,0.5,0.8,0.33,0.0,0.67,0.5,1.0,1.0
grass,0.0,0.5,1.0,1.0,1.0,0.33,0.6,0.4,1.0,0.8,0.67,0.0,0.33,1.0,1.0,1.0
hose,0.0,0.0,1.0,0.0,0.0,0.0,0.2,0.6,0.5,0.6,0.33,0.0,0.0,0.5,0.0,0.0
ladder,0.0,0.0,1.0,0.0,0.0,0.33,0.6,0.2,0.5,0.4,0.33,0.0,0.33,1.0,0.5,1.0
lawn mower,0.0,0.0,0.0,0.0,0.0,0.0,0.0,0.0,0.0,0.0,0.0,0.0,0.0,0.5,0.0,0.0
moon,0.67,1.0,1.0,1.0,1.0,0.67,0.4,1.0,1.0,1.0,0.67,0.0,1.0,1.0,1.0,1.0
pool,0.33,0.0,1.0,1.0,1.0,1.0,0.6,0.8,1.0,0.8,0.67,0.0,0.67,1.0,1.0,1.0
rain,0.33,1.0,1.0,1.0,1.0,0.67,0.4,0.6,1.0,0.8,0.67,0.0,1.0,1.0,1.0,1.0
rock,0.33,0.0,1.0,0.0,1.0,0.33,0.4,0.4,0.5,0.6,0.67,0.0,0.67,1.0,0.5,1.0
roof,0.0,0.0,1.0,0.0,0.0,0.33,0.4,0.2,0.0,0.4,0.33,0.0,0.67,1.0,0.5,1.0
sandbox,0.33,0.0,1.0,0.0,0.0,0.0,0.2,0.0,0.0,0.2,0.33,0.0,0.0,0.5,0.0,1.0
shovel,0.0,0.0,0.0,0.0,0.0,0.0,0.2,0.0,0.5,0.2,0.67,0.0,0.0,0.5,0.0,1.0
sidewalk,0.0,0.5,1.0,0.0,0.0,0.33,0.4,0.2,1.0,0.8,0.33,0.0,0.33,1.0,0.5,0.0
sky,0.67,0.5,1.0,0.0,0.0,0.33,0.4,0.8,1.0,0.8,0.67,0.0,1.0,1.0,0.5,1.0
slide,0.33,1.0,1.0,1.0,0.0,0.67,0.6,0.6,1.0,0.6,0.67,0.0,0.67,1.0,1.0,1.0
snow,0.0,0.5,1.0,0.0,1.0,0.33,0.4,0.2,1.0,0.4,0.33,0.0,0.67,1.0,0.5,1.0
snowman,0.0,0.5,1.0,0.0,0.0,0.0,0.2,0.0,1.0,0.4,0.33,0.0,0.33,1.0,0.5,0.0
sprinkler,0.0,0.0,1.0,0.0,0.0,0.0,0.0,0.0,0.5,0.2,0.0,0.0,0.33,0.5,0.0,1.0
star,0.67,0.0,1.0,1.0,0.0,0.67,0.4,0.8,1.0,0.6,0.67,0.0,0.67,1.0,0.5,1.0
stick,0.0,0.0,1.0,0.0,0.0,0.33,0.4,0.6,1.0,0.6,0.67,0.0,0.67,1.0,0.5,1.0
stone,0.0,0.0,1.0,0.0,0.0,0.0,0.2,0.4,0.0,0.6,0.33,0.0,0.33,0.5,0.5,1.0
street,0.33,0.5,1.0,0.0,0.0,0.67,0.6,0.4,1.0,0.8,0.67,0.0,1.0,1.0,0.5,1.0
sun,0.67,1.0,1.0,1.0,1.0,0.33,0.6,0.8,1.0,0.8,0.67,0.0,1.0,1.0,1.0,1.0
swing,0.33,1.0,1.0,0.0,0.0,0.33,0.4,0.8,1.0,0.8,0.67,0.0,0.67,1.0,1.0,1.0
tree,0.33,1.0,1.0,1.0,1.0,1.0,0.6,0.6,1.0,0.8,0.67,0.0,1.0,1.0,1.0,1.0
wind,0.0,0.0,1.0,1.0,1.0,0.33,0.4,0.4,1.0,0.6,0.33,0.0,0.33,0.5,0.5,1.0
beach,0.0,0.0,1.0,1.0,1.0,0.33,0.2,0.0,0.5,0.6,0.33,0.0,0.67,0.5,0.5,0.0
camping,0.0,0.0,1.0,0.0,0.0,0.0,0.2,0.0,0.0,0.0,0.33,0.0,0.0,0.5,0.0,1.0
church,0.0,0.0,0.0,1.0,0.0,0.0,0.2,0.4,1.0,0.4,0.67,0.0,0.33,0.5,0.5,1.0
circus,0.0,0.0,1.0,0.0,0.0,0.0,0.2,0.0,0.0,0.0,0.33,0.0,0.0,0.5,0.5,0.0
country,0.0,0.0,1.0,0.0,0.0,0.0,0.0,0.0,0.5,0.0,0.0,0.0,0.0,0.5,0.0,0.0
downtown,0.0,0.0,1.0,0.0,0.0,0.0,0.0,0.0,0.5,0.0,0.0,0.0,0.33,0.0,0.5,0.0
farm,0.0,0.0,1.0,0.0,0.0,0.0,0.2,0.2,1.0,0.2,0.0,0.0,0.0,0.5,0.5,1.0
gas station,0.0,0.0,1.0,0.0,0.0,0.0,0.4,0.0,0.5,0.2,0.0,0.0,1.0,0.5,0.5,0.0
home,0.67,1.0,1.0,1.0,1.0,0.67,0.8,0.8,1.0,1.0,0.67,0.0,1.0,1.0,0.5,1.0
house,0.33,0.0,1.0,0.0,1.0,0.67,0.4,0.6,0.5,0.6,0.67,0.0,1.0,1.0,0.5,1.0
movie,0.0,0.0,1.0,0.0,0.0,0.33,0.4,0.4,0.5,0.6,0.33,0.0,0.33,0.5,1.0,0.0
outside,0.33,0.5,1.0,1.0,1.0,0.67,0.6,0.8,1.0,0.4,0.67,0.0,1.0,0.5,0.5,1.0
park,0.67,1.0,1.0,1.0,1.0,1.0,0.6,1.0,1.0,0.8,1.0,0.0,1.0,1.0,1.0,1.0
party,0.33,0.0,1.0,0.0,0.0,0.67,0.6,0.0,1.0,0.6,0.33,0.0,1.0,1.0,0.5,1.0
picnic,0.0,0.0,1.0,0.0,1.0,0.67,0.4,0.2,1.0,0.6,0.67,0.0,0.33,0.5,1.0,0.0
playground,0.0,0.0,1.0,0.0,0.0,0.33,0.2,0.2,0.5,0.6,0.33,0.0,0.0,0.5,1.0,0.0
school,0.0,0.0,1.0,1.0,1.0,0.33,0.2,0.4,0.5,0.6,0.33,0.0,0.67,1.0,1.0,1.0
store,0.33,0.5,1.0,1.0,1.0,0.67,0.6,0.6,1.0,0.6,0.67,0.0,1.0,1.0,0.5,1.0
woods,0.0,0.0,1.0,0.0,0.0,0.0,0.0,0.0,0.0,0.0,0.33,0.0,0.0,0.5,0.0,0.0
work,0.0,0.5,1.0,1.0,1.0,0.67,0.4,0.8,1.0,1.0,0.33,0.0,0.33,1.0,0.5,1.0
yard,0.0,0.0,1.0,0.0,0.0,0.33,0.0,0.2,0.0,0.0,0.33,0.0,0.0,0.5,0.0,0.0
zoo,0.0,0.5,1.0,0.0,1.0,1.0,0.4,0.2,1.0,0.8,0.67,0.0,1.0,1.0,0.5,1.0
aunt,0.33,0.0,1.0,1.0,0.0,0.67,0.0,0.0,0.5,0.4,0.67,0.0,0.67,0.5,0.5,0.0
baby,1.0,1.0,1.0,1.0,1.0,1.0,1.0,0.8,1.0,0.8,1.0,0.0,1.0,1.0,1.0,1.0
babysitter,0.0,0.5,1.0,1.0,0.0,0.0,0.2,0.2,0.5,0.4,0.0,0.0,0.33,1.0,1.0,1.0
babysitter's name,0.33,0.0,1.0,0.0,1.0,0.33,0.8,0.8,0.5,0.8,1.0,0.0,0.33,1.0,1.0,1.0
boy,0.33,0.5,1.0,1.0,1.0,0.33,0.6,0.8,1.0,0.6,0.67,0.0,1.0,1.0,1.0,1.0
brother,0.33,0.5,1.0,0.0,0.0,0.33,0.2,0.2,0.5,0.8,0.33,0.0,0.33,1.0,1.0,1.0
child,0.0,0.0,1.0,0.0,0.0,0.0,0.0,0.2,0.5,0.4,0.33,0.0,0.0,1.0,0.5,1.0
clown,0.33,0.0,1.0,0.0,0.0,0.0,0.0,0.2,0.5,0.6,0.33,0.0,0.33,1.0,1.0,1.0
cowboy,0.0,0.0,1.0,0.0,0.0,0.0,0.0,0.0,0.5,0.2,0.33,0.0,0.0,1.0,0.0,0.0
daddy,1.0,1.0,1.0,1.0,1.0,0.67,0.8,1.0,1.0,1.0,1.0,0.0,1.0,1.0,1.0,1.0
doctor,0.33,0.5,1.0,0.0,1.0,1.0,0.8,0.8,1.0,0.6,0.67,0.0,0.67,1.0,1.0,1.0
fireman,0.0,0.0,1.0,0.0,0.0,0.67,0.2,0.2,0.5,0.4,0.33,0.0,0.33,0.5,0.5,1.0
friend,0.33,0.5,1.0,0.0,0.0,0.67,0.2,0.4,1.0,0.4,0.0,0.0,0.67,1.0,0.5,1.0
girl,0.33,0.5,1.0,1.0,1.0,0.33,0.4,0.8,1.0,0.6,0.67,0.0,1.0,1.0,1.0,1.0
grandma,0.67,1.0,1.0,1.0,1.0,0.67,0.8,0.8,1.0,1.0,0.67,0.0,1.0,1.0,0.5,1.0
grandpa,0.67,1.0,1.0,1.0,1.0,0.67,0.8,0.8,1.0,1.0,0.67,0.0,1.0,1.0,0.5,1.0
lady,0.33,0.5,1.0,0.0,0.0,0.33,0.2,0.4,1.0,0.2,0.33,0.0,0.33,1.0,0.0,1.0
mailman,0.0,0.0,0.0,0.0,0.0,0.0,0.0,0.0,0.0,0.2,0.33,0.0,0.0,0.5,0.0,0.0
man,0.33,0.5,1.0,0.0,1.0,0.33,0.6,0.6,1.0,0.2,0.33,0.0,0.33,1.0,0.5,1.0
mommy,1.0,1.0,1.0,1.0,1.0,0.67,0.8,1.0,1.0,0.8,1.0,0.0,1.0,1.0,1.0,1.0
nurse,0.0,0.0,1.0,0.0,0.0,0.33,0.4,0.0,0.0,0.4,0.0,0.0,0.0,0.5,0.0,0.0
child's own name,1.0,1.0,1.0,1.0,1.0,0.67,1.0,1.0,1.0,0.8,1.0,0.0,1.0,1.0,1.0,1.0
people,0.33,0.0,1.0,0.0,1.0,0.33,0.0,0.2,1.0,0.4,0.67,0.0,0.33,1.0,0.5,1.0
person,0.0,0.0,1.0,0.0,0.0,0.33,0.0,0.0,0.5,0.2,0.33,0.0,0.0,1.0,0.5,1.0
pet's name,0.67,0.0,1.0,0.0,0.0,0.33,0.0,0.0,0.0,0.6,0.33,0.0,0.0,1.0,0.0,0.0
police,0.0,0.0,1.0,0.0,0.0,0.33,0.0,0.0,1.0,0.4,0.33,0.0,0.67,1.0,0.5,1.0
sister,0.33,0.5,1.0,1.0,0.0,0.33,0.2,0.2,0.5,0.6,0.33,0.0,0.33,0.5,1.0,1.0
teacher,0.0,0.0,1.0,1.0,0.0,0.33,0.0,0.0,0.5,0.2,0.33,0.0,0.33,1.0,0.5,0.0
uncle,0.33,0.0,1.0,1.0,1.0,0.33,0.0,0.2,0.5,0.2,0.67,0.0,0.33,0.5,0.5,1.0
bath,1.0,1.0,1.0,1.0,1.0,1.0,0.6,0.8,1.0,0.8,1.0,0.0,1.0,1.0,1.0,1.0
breakfast,0.33,1.0,1.0,1.0,0.0,0.67,0.6,0.2,0.5,0.8,0.33,0.0,1.0,1.0,1.0,1.0
bye,1.0,1.0,1.0,1.0,1.0,1.0,1.0,1.0,1.0,0.8,1.0,0.0,0.67,1.0,1.0,1.0
call (on phone),0.33,0.5,1.0,1.0,1.0,0.67,0.6,0.4,1.0,0.8,0.67,0.0,1.0,1.0,1.0,1.0
dinner,0.33,0.5,1.0,1.0,0.0,0.67,0.2,0.2,0.5,0.4,0.67,0.0,0.67,1.0,0.5,1.0
give me five!,0.33,0.0,1.0,1.0,0.0,0.33,0.4,0.0,1.0,0.6,0.67,0.0,0.67,0.5,0.5,1.0
gonna get you!,0.0,0.5,1.0,1.0,0.0,0.33,0.0,0.0,1.0,0.6,0.67,0.0,0.67,1.0,0.5,1.0
go potty,1.0,0.5,1.0,1.0,0.0,0.67,0.4,0.4,1.0,0.6,0.33,0.0,0.67,1.0,0.5,1.0
hi,0.67,0.5,1.0,1.0,0.0,1.0,0.8,1.0,1.0,0.8,1.0,0.0,1.0,1.0,1.0,1.0
hello,1.0,0.5,1.0,1.0,0.0,0.33,0.8,1.0,1.0,0.8,1.0,0.0,1.0,1.0,1.0,1.0
lunch,0.0,0.5,1.0,1.0,0.0,0.33,0.2,0.2,0.5,0.8,0.33,0.0,1.0,1.0,1.0,1.0
nap,0.33,0.5,1.0,1.0,0.0,0.33,0.2,0.6,1.0,0.6,0.67,0.0,0.67,0.5,0.5,1.0
night night,0.33,0.5,1.0,1.0,0.0,0.33,0.4,0.2,1.0,0.8,0.67,0.0,0.33,0.5,0.5,1.0
no,0.67,1.0,1.0,1.0,1.0,1.0,0.8,1.0,1.0,0.8,1.0,0.0,0.67,0.5,1.0,1.0
patty cake,0.0,0.5,1.0,0.0,0.0,0.33,0.2,0.0,0.5,0.2,0.33,0.0,0.67,0.5,0.5,0.0
peekaboo,1.0,0.5,1.0,1.0,0.0,0.67,0.6,0.2,0.5,0.6,1.0,0.0,1.0,0.5,0.5,1.0
please,0.67,1.0,1.0,1.0,1.0,0.67,0.8,1.0,1.0,0.4,1.0,0.0,1.0,1.0,1.0,1.0
shh/shush/hush,1.0,1.0,1.0,1.0,0.0,1.0,1.0,0.8,1.0,0.6,1.0,0.0,0.67,1.0,0.5,1.0
shopping,0.0,0.0,1.0,1.0,0.0,0.33,0.2,0.2,0.5,0.4,0.33,0.0,0.67,1.0,0.5,1.0
snack,0.0,0.0,1.0,1.0,1.0,0.33,0.2,0.6,1.0,0.4,0.67,0.0,0.67,1.0,0.5,1.0
so big!,0.33,1.0,1.0,1.0,0.0,0.67,0.6,1.0,1.0,0.8,0.67,0.0,0.67,1.0,0.5,1.0
thank you,1.0,0.5,1.0,1.0,1.0,0.67,0.8,1.0,1.0,0.8,0.67,0.0,1.0,1.0,1.0,1.0
this little piggy,0.33,0.0,1.0,0.0,1.0,0.67,0.4,0.0,0.5,0.4,0.33,0.0,0.67,0.5,0.5,0.0
turn around,0.0,0.0,1.0,1.0,0.0,0.33,0.2,0.4,0.5,0.4,0.67,0.0,0.0,1.0,0.5,1.0
yes,0.67,1.0,1.0,1.0,0.0,1.0,0.8,1.0,1.0,0.8,1.0,0.0,0.67,1.0,1.0,1.0
bite ,0.33,0.5,1.0,1.0,0.0,0.67,0.6,0.2,0.5,0.8,0.33,0.0,1.0,1.0,1.0,1.0
blow,0.33,0.5,1.0,0.0,0.0,0.67,0.4,0.2,0.5,0.4,0.67,0.0,0.67,1.0,1.0,1.0
break,0.33,0.5,1.0,1.0,0.0,0.67,0.4,0.8,1.0,0.8,0.67,0.0,1.0,1.0,0.5,1.0
bring,0.0,0.5,1.0,1.0,1.0,0.67,0.4,0.4,1.0,0.6,0.67,0.0,1.0,1.0,1.0,1.0
build,0.33,0.0,1.0,0.0,0.0,0.33,0.2,0.2,1.0,0.4,0.33,0.0,1.0,1.0,0.5,1.0
bump,0.33,0.5,1.0,0.0,0.0,0.33,0.4,0.2,0.5,0.4,0.33,0.0,0.33,1.0,0.5,1.0
buy,0.0,0.5,1.0,1.0,0.0,0.67,0.2,0.4,1.0,0.6,0.33,0.0,1.0,1.0,0.5,1.0
carry,0.0,0.5,1.0,1.0,0.0,0.67,0.2,0.0,0.5,0.4,0.67,0.0,0.33,1.0,0.5,1.0
catch,0.33,0.0,1.0,1.0,0.0,0.67,0.2,0.2,1.0,0.8,0.33,0.0,0.67,1.0,1.0,1.0
chase,0.0,0.0,1.0,0.0,0.0,0.33,0.0,0.0,0.5,0.0,0.33,0.0,0.0,0.5,0.5,1.0
clap,0.67,0.5,1.0,1.0,0.0,0.33,0.4,0.2,1.0,0.6,0.67,0.0,1.0,1.0,0.5,1.0
clean,0.67,0.5,1.0,1.0,1.0,0.67,0.8,0.6,1.0,0.6,0.67,0.0,1.0,1.0,1.0,1.0
climb,0.0,0.0,1.0,0.0,0.0,0.67,0.4,0.4,1.0,0.4,0.67,0.0,0.67,1.0,0.5,1.0
close,0.33,0.5,1.0,0.0,1.0,1.0,0.6,0.6,1.0,0.4,0.67,0.0,1.0,1.0,0.5,1.0
cook,0.0,0.5,1.0,0.0,1.0,0.33,0.2,0.2,1.0,0.4,0.33,0.0,1.0,1.0,0.5,1.0
cover,0.0,0.5,1.0,1.0,0.0,0.33,0.4,0.8,1.0,0.4,0.33,0.0,0.67,1.0,0.5,1.0
cry,0.33,0.5,1.0,1.0,0.0,0.67,0.6,0.8,1.0,0.8,0.67,0.0,1.0,1.0,1.0,1.0
cut,0.0,0.5,1.0,0.0,0.0,0.67,0.6,0.4,0.5,0.8,0.33,0.0,1.0,1.0,0.5,1.0
dance,0.33,0.5,1.0,1.0,1.0,0.67,0.4,0.8,1.0,0.6,0.67,0.0,1.0,0.5,0.5,1.0
draw,0.0,0.5,1.0,1.0,0.0,0.67,0.4,0.4,1.0,0.8,0.33,0.0,0.33,0.5,0.5,1.0
drive,0.0,0.0,1.0,1.0,0.0,0.33,0.4,0.0,1.0,0.6,0.67,0.0,1.0,0.5,0.5,1.0
drop,0.0,0.5,1.0,0.0,0.0,0.33,0.0,0.0,0.5,0.6,0.33,0.0,0.33,1.0,0.5,1.0
dry,0.0,0.5,1.0,0.0,1.0,0.33,0.4,0.2,0.5,0.6,0.33,0.0,0.67,1.0,0.5,1.0
dump,0.0,0.0,1.0,0.0,0.0,0.0,0.0,0.0,0.0,0.2,0.0,0.0,0.0,0.5,0.0,1.0
eat,0.33,1.0,1.0,1.0,1.0,0.67,0.8,1.0,1.0,0.8,0.67,0.0,1.0,1.0,1.0,1.0
fall,0.33,0.5,1.0,1.0,0.0,0.67,0.6,0.6,1.0,0.8,0.67,0.0,1.0,1.0,1.0,1.0
feed,0.0,0.5,1.0,0.0,1.0,0.67,0.4,0.2,0.5,0.8,0.33,0.0,1.0,1.0,1.0,1.0
find,0.33,0.5,1.0,0.0,1.0,0.33,0.4,0.4,1.0,0.6,0.67,0.0,1.0,1.0,0.5,1.0
finish,0.33,1.0,1.0,0.0,0.0,0.67,0.4,0.4,0.5,0.6,0.67,0.0,1.0,1.0,0.5,1.0
fit,0.0,0.5,1.0,0.0,0.0,0.33,0.2,0.2,0.5,0.4,0.67,0.0,0.67,1.0,0.5,1.0
fix,0.33,0.5,1.0,1.0,0.0,0.67,0.2,0.6,1.0,0.6,0.67,0.0,1.0,1.0,0.5,1.0
get,0.33,0.5,1.0,1.0,0.0,0.67,0.6,0.6,1.0,0.8,0.67,0.0,1.0,1.0,1.0,1.0
give,0.33,0.5,1.0,0.0,1.0,0.67,0.6,0.4,1.0,0.6,1.0,0.0,1.0,1.0,0.5,1.0
go,0.67,1.0,1.0,1.0,1.0,0.67,0.8,0.8,1.0,0.6,0.67,0.0,1.0,1.0,1.0,1.0
hate,0.0,0.0,1.0,0.0,0.0,0.0,0.0,0.0,0.5,0.2,0.33,0.0,0.0,0.5,0.5,0.0
have,0.0,0.5,1.0,0.0,0.0,0.67,0.6,0.4,0.5,0.4,0.67,0.0,1.0,1.0,0.5,1.0
hear,0.0,0.5,1.0,0.0,0.0,0.67,0.2,0.4,0.5,0.6,0.33,0.0,1.0,1.0,0.5,1.0
help,0.0,0.5,1.0,1.0,1.0,0.67,0.6,0.8,1.0,0.6,0.67,0.0,1.0,1.0,0.5,1.0
hide,0.0,0.5,1.0,0.0,0.0,0.33,0.4,0.4,1.0,0.6,0.33,0.0,0.67,0.5,0.5,1.0
hit,0.0,0.5,1.0,0.0,0.0,0.67,0.6,0.4,1.0,0.8,0.33,0.0,0.67,1.0,0.5,1.0
hold,0.0,0.5,1.0,0.0,0.0,0.67,0.6,0.6,1.0,0.6,0.67,0.0,1.0,1.0,0.5,1.0
hug,0.67,1.0,1.0,0.0,0.0,0.67,0.6,0.4,1.0,0.8,0.67,0.0,1.0,1.0,1.0,1.0
hurry,0.0,0.0,1.0,1.0,0.0,0.0,0.0,0.0,0.5,0.0,0.0,0.0,0.67,1.0,0.5,1.0
jump,0.33,1.0,1.0,1.0,1.0,0.67,0.6,0.8,1.0,0.6,0.67,0.0,1.0,1.0,1.0,1.0
kick,0.33,0.0,1.0,0.0,0.0,0.67,0.4,0.2,1.0,0.4,0.67,0.0,1.0,1.0,0.5,1.0
kiss,0.67,1.0,1.0,1.0,1.0,0.67,1.0,0.8,1.0,0.8,1.0,0.0,1.0,1.0,1.0,1.0
knock,0.0,0.5,1.0,0.0,0.0,0.33,0.2,0.4,1.0,0.6,0.67,0.0,0.33,1.0,1.0,1.0
lick,0.0,0.0,1.0,0.0,0.0,0.33,0.4,0.2,0.5,0.2,0.67,0.0,0.67,1.0,0.5,1.0
like,0.0,0.5,1.0,1.0,1.0,0.67,0.4,0.6,1.0,0.6,0.67,0.0,1.0,1.0,0.5,1.0
listen,0.0,0.5,1.0,0.0,1.0,0.67,0.2,0.4,0.5,0.8,0.33,0.0,0.67,1.0,0.5,1.0
look,0.33,0.5,1.0,0.0,1.0,0.67,0.6,0.8,1.0,0.8,0.67,0.0,1.0,1.0,1.0,1.0
love,0.67,1.0,1.0,1.0,1.0,0.67,0.6,0.8,1.0,0.8,1.0,0.0,1.0,1.0,1.0,1.0
make,0.0,0.5,1.0,1.0,0.0,0.67,0.6,0.4,1.0,0.6,0.33,0.0,1.0,1.0,0.5,1.0
open,0.33,1.0,1.0,1.0,1.0,0.67,0.8,0.8,1.0,0.8,0.67,0.0,1.0,1.0,0.5,1.0
paint,0.0,0.0,1.0,0.0,0.0,0.33,0.0,0.2,0.5,0.6,0.67,0.0,0.67,1.0,0.5,1.0
pick,0.0,0.0,1.0,0.0,0.0,0.67,0.2,0.2,0.5,0.6,0.33,0.0,0.33,1.0,0.5,1.0
play,0.33,1.0,1.0,1.0,1.0,0.67,0.6,0.8,1.0,0.8,0.67,0.0,1.0,1.0,1.0,1.0
pour,0.0,0.5,1.0,0.0,0.0,0.0,0.2,0.2,0.5,0.4,0.67,0.0,0.67,0.5,0.5,1.0
pretend,0.0,0.0,1.0,1.0,0.0,0.33,0.0,0.0,0.5,0.0,0.67,0.0,0.0,0.5,0.5,0.0
pull,0.0,0.5,1.0,0.0,0.0,0.0,0.4,0.2,0.5,0.4,0.33,0.0,0.67,0.5,0.5,1.0
push,0.0,0.5,1.0,0.0,0.0,0.33,0.4,0.6,0.5,0.8,0.33,0.0,0.67,0.5,0.5,1.0
put,0.0,0.5,1.0,0.0,1.0,0.33,0.6,0.4,0.5,0.8,0.33,0.0,1.0,0.5,1.0,1.0
read,0.33,1.0,1.0,0.0,1.0,0.33,0.6,0.4,1.0,0.6,0.67,0.0,1.0,0.5,1.0,1.0
ride,0.0,0.0,1.0,1.0,1.0,0.0,0.4,0.2,0.5,0.6,0.33,0.0,1.0,0.5,1.0,1.0
rip,0.0,0.0,1.0,0.0,0.0,0.33,0.0,0.0,0.5,0.4,0.0,0.0,0.67,0.5,0.5,1.0
run,0.33,0.5,1.0,1.0,1.0,0.67,0.4,0.4,1.0,0.6,0.67,0.0,1.0,0.5,1.0,1.0
say,0.0,0.5,1.0,0.0,1.0,0.67,0.4,0.4,1.0,0.4,0.33,0.0,0.67,0.5,0.5,1.0
see,0.33,0.5,1.0,1.0,0.0,0.67,0.6,0.8,1.0,0.8,1.0,0.0,1.0,0.5,1.0,1.0
shake,0.0,0.0,1.0,0.0,0.0,0.33,0.0,0.2,0.5,0.4,0.67,0.0,0.33,0.5,0.5,1.0
share,0.0,0.5,1.0,0.0,0.0,0.33,0.4,0.0,0.5,0.6,0.67,0.0,0.67,0.5,0.5,1.0
show,0.0,0.5,1.0,0.0,0.0,0.33,0.4,0.2,0.5,0.6,0.33,0.0,0.67,0.5,0.5,1.0
sing,0.33,1.0,1.0,1.0,1.0,0.67,0.4,0.8,1.0,0.6,0.67,0.0,1.0,0.5,0.5,1.0
sit,0.67,1.0,1.0,0.0,1.0,0.67,0.6,0.8,1.0,0.8,0.67,0.0,1.0,0.5,0.5,1.0
skate,0.0,0.0,1.0,0.0,0.0,0.0,0.0,0.0,1.0,0.0,0.0,0.0,0.0,0.5,0.5,0.0
sleep,0.33,1.0,1.0,1.0,1.0,0.67,1.0,1.0,1.0,0.6,1.0,0.0,1.0,0.5,1.0,1.0
smile,0.33,1.0,1.0,1.0,0.0,0.33,0.6,0.6,1.0,0.8,0.67,0.0,0.67,0.5,1.0,1.0
spill,0.0,0.0,1.0,0.0,0.0,0.33,0.4,0.4,1.0,0.6,0.67,0.0,0.67,0.5,1.0,1.0
splash,0.0,1.0,1.0,1.0,1.0,0.33,0.4,0.4,1.0,0.4,0.67,0.0,0.67,0.5,0.5,1.0
stand,0.33,1.0,1.0,0.0,0.0,0.33,0.4,0.4,1.0,0.8,0.67,0.0,1.0,0.5,1.0,1.0
stay,0.33,0.0,1.0,0.0,0.0,0.67,0.4,0.4,0.5,0.6,0.67,0.0,0.67,0.5,1.0,1.0
stop,0.33,0.5,1.0,0.0,0.0,0.67,0.4,0.8,1.0,0.6,0.67,0.0,0.67,0.5,1.0,1.0
sweep,0.0,0.5,1.0,0.0,0.0,0.33,0.4,0.2,0.5,0.2,0.67,0.0,0.67,0.5,1.0,1.0
swim,0.0,0.0,1.0,0.0,0.0,0.67,0.4,0.4,0.5,0.6,0.67,0.0,0.67,0.5,1.0,1.0
take,0.33,0.5,1.0,0.0,0.0,0.67,0.6,0.4,1.0,0.6,0.67,0.0,1.0,0.5,0.5,1.0
talk,0.0,0.0,1.0,0.0,1.0,0.67,0.4,0.6,1.0,0.6,0.33,0.0,1.0,0.5,0.5,1.0
taste,0.0,0.0,1.0,0.0,0.0,0.0,0.2,0.2,1.0,0.6,0.67,0.0,1.0,0.5,0.5,1.0
tear,0.0,0.0,1.0,0.0,0.0,0.0,0.2,0.0,0.5,0.4,0.33,0.0,0.33,0.5,0.0,1.0
think,0.0,0.0,1.0,1.0,0.0,0.0,0.0,0.0,0.5,0.4,0.33,0.0,0.33,0.5,0.5,1.0
throw,0.0,0.5,1.0,0.0,0.0,0.67,0.6,0.2,1.0,0.6,0.67,0.0,0.67,0.5,0.5,1.0
number of subjects,3,2,1,1,1,3,5,5,2,5,3,1,3,2,2,1
