,age_17,age_18,age_19,age_20,age_21,age_22,age_23,age_24,age_25,age_26,age_27,age_28,age_29,age_30,age_31,age_32,age_33,age_34,age_35,age_36
child_id,"['JM17M039', 'VE15F088']","['AC17F058', 'AM18F020', 'AM18M078', 'DY10M048', 'ED06M117', 'ES11M099', 'FM08F039', 'GR14M119', 'JM08M048', 'JM14F039', 'JR15M119', 'SB12M048']","['AA04M058', 'AR15F039', 'CC05M088', 'CG10M058', 'EG12M048', 'EJ19F108', 'EP14F109', 'EU10F048', 'GH11M098', 'JC18M088', 'JE09M048', 'KW16F048', 'MC07M058', 'MF04F117', 'MG00M068', 'MG04F057', 'RH19M048']","['EB19M039', 'FA20M039', 'NA00M058', 'VO19M039']","['CS21M078', 'HE03F038', 'LH19M049', 'NW07M108', 'SL03F038', 'SS11F058', 'ZZ21M049']","['AF01F058', 'AL13F039', 'JH11M058', 'KB09F049', 'KH06F098', 'MG21M039', 'SS07F088', 'TS20M118']","['AR15F039', 'CS23F039', 'CW02F097', 'JM08M048', 'JR23M049', 'MD06M048', 'MW02M048', 'TR12M048', 'VP23F039']","['AB03F057', 'AJ14M058', 'AL06F098', 'AM18M078', 'AM22M088', 'AP15F088', 'BC21M088', 'BN14M098', 'CC05M088', 'CK19F088', 'CT21M048', 'DG12M048', 'EA22F108', 'EG12M048', 'EO04F018', 'ER17M078', 'ET09F058', 'FA20M039', 'GM18F049', 'HS13M087', 'JM14F039', 'JM14M58B', 'JM17M039', 'JO21M068', 'JS20M058', 'KV23F108', 'MA05M018', 'MK03M057', 'MS11F038', 'OO18F088', 'PI20F058', 'RL17M058', 'SP24F039', 'VA24M030', 'VE15F088', 'VL18F058']","['AW04M057', 'CG10M058', 'CS04F047', 'DR13M038', 'DY10M048', 'GG17M078', 'GH11M098', 'GS24F058', 'JE25F058', 'JO25M059', 'JV04M057', 'KH24F010', 'LG21M058', 'LK24F068', 'LP21M088', 'MC07M058', 'MF04F117', 'MM16M088', 'MV11M058', 'PR20F078', 'RA25M039', 'SL14F038', 'SM17F039', 'VG11F088']","['AA04M058', 'CA26M039', 'CD26M020', 'CS07F078', 'DY10M048', 'EG03F107', 'JE18M088', 'PA26M109', 'RA26F039']","['AL16F039', 'CF27F089', 'CS21M078', 'EU10F048', 'IC14F039', 'IR22M018', 'JM04F048', 'MD27F020', 'VG27F049']","['AG06M058', 'AP28F030', 'CW02F097', 'IC28M039', 'JM17M039', 'KG23F019', 'KW16F048', 'SM25F069', 'TS20M118']","['AG21M059', 'AM18M078', 'AS28F039', 'CE24M068', 'CS23F039', 'DG29F098', 'EC29F030', 'EM25F039', 'IA25F058', 'JO21M068', 'JS25M019', 'OO18F088', 'RH19M048', 'VE15F088']","['AA30F039', 'AO31F030', 'AS24M088', 'BN14M098', 'CF27F089', 'CR29M098', 'CS04F047', 'CT21M048', 'DS29M039', 'DV27M058', 'EB19M039', 'ED06M117', 'EV23F088', 'GS24F058', 'JM30F048', 'KV23F108', 'MB30M078', 'MK03M057', 'ML27F028', 'PI20F058', 'RA25M039', 'RI30M058', 'SM17F039', 'VP23F039', 'YT29F049']","['AJ14M058', 'AW04M057', 'BC21M088', 'CK19F088', 'CP31F088', 'CW02F097', 'DB31M030', 'EG31M049', 'EJ19F108', 'GM24F098', 'IR30M058', 'JV04M057', 'KG23F019', 'MA05M018', 'SS11F058', 'TM30M058', 'VG11F088']","['AL28F118', 'AP15F088', 'CV32M038', 'DY10M048', 'ER31F058', 'ET32F098', 'GB21M058', 'JH11M058', 'MS31F058', 'MV11M058', 'OF32F058', 'RA25M039', 'SW31F048', 'ZZ21M049']","['EC30M058', 'JS32F059', 'PR20F078']",['MK03M057'],['NR19F069'],['JV04M057']
a,0.0,0.25,0.18,0.0,0.0,0.12,0.0,0.14,0.33,0.0,0.22,0.56,0.0,0.36,0.24,0.29,0.0,0.0,0.0,0.0
about,0.0,0.0,0.0,0.0,0.0,0.0,0.0,0.0,0.0,0.0,0.0,0.22,0.0,0.0,0.06,0.14,0.0,0.0,0.0,1.0
above,0.0,0.0,0.0,0.0,0.0,0.0,0.0,0.0,0.04,0.0,0.0,0.11,0.0,0.0,0.12,0.0,0.0,0.0,0.0,0.0
after,0.0,0.0,0.0,0.0,0.0,0.0,0.0,0.03,0.04,0.0,0.0,0.22,0.0,0.08,0.12,0.14,0.0,0.0,0.0,0.0
airplane,0.0,0.42,0.18,0.25,0.43,0.38,0.56,0.31,0.62,0.44,0.33,0.56,0.43,0.72,0.82,0.71,0.67,1.0,1.0,1.0
all,0.0,0.08,0.06,0.0,0.0,0.0,0.11,0.03,0.17,0.0,0.22,0.33,0.0,0.24,0.24,0.14,0.0,0.0,0.0,0.0
allgone,0.0,0.25,0.18,0.0,0.14,0.12,0.33,0.19,0.33,0.33,0.11,0.44,0.21,0.36,0.35,0.64,0.0,1.0,1.0,0.0
alligatr,0.0,0.17,0.06,0.0,0.0,0.0,0.11,0.11,0.29,0.11,0.11,0.22,0.07,0.32,0.35,0.43,0.33,1.0,0.0,0.0
alot,0.0,0.08,0.06,0.0,0.0,0.0,0.0,0.06,0.17,0.0,0.11,0.22,0.0,0.24,0.35,0.43,0.0,0.0,0.0,0.0
am,0.0,0.0,0.18,0.0,0.0,0.0,0.11,0.06,0.17,0.0,0.11,0.11,0.07,0.2,0.24,0.29,0.0,0.0,0.0,1.0
an,0.0,0.0,0.0,0.0,0.0,0.0,0.0,0.03,0.04,0.0,0.0,0.11,0.0,0.08,0.0,0.14,0.0,0.0,0.0,0.0
and,0.0,0.08,0.0,0.0,0.0,0.0,0.0,0.03,0.21,0.0,0.22,0.22,0.07,0.28,0.24,0.36,0.0,0.0,0.0,0.0
animal,0.0,0.17,0.12,0.0,0.0,0.0,0.22,0.25,0.33,0.22,0.33,0.33,0.36,0.6,0.53,0.43,0.67,1.0,1.0,1.0
ankle,0.0,0.0,0.0,0.0,0.0,0.0,0.0,0.06,0.12,0.22,0.11,0.11,0.0,0.08,0.24,0.14,0.0,0.0,0.0,0.0
another,0.0,0.0,0.06,0.0,0.0,0.0,0.0,0.03,0.08,0.0,0.11,0.22,0.0,0.08,0.24,0.21,0.0,1.0,1.0,0.0
ant,0.0,0.08,0.12,0.0,0.0,0.12,0.33,0.11,0.29,0.22,0.0,0.44,0.21,0.48,0.29,0.43,0.33,1.0,1.0,0.0
any,0.0,0.08,0.06,0.0,0.0,0.0,0.0,0.06,0.12,0.0,0.33,0.22,0.0,0.04,0.18,0.21,0.0,0.0,1.0,0.0
apple,0.0,0.33,0.41,0.25,0.14,0.38,0.44,0.56,0.67,0.67,0.67,0.89,0.79,0.88,0.88,0.79,0.67,1.0,1.0,1.0
applesac,0.0,0.0,0.12,0.0,0.0,0.12,0.11,0.11,0.17,0.22,0.22,0.33,0.14,0.28,0.18,0.14,0.0,1.0,1.0,0.0
are,0.0,0.0,0.0,0.0,0.0,0.0,0.0,0.06,0.17,0.0,0.11,0.22,0.07,0.24,0.12,0.29,0.0,0.0,0.0,0.0
arm,0.0,0.17,0.06,0.25,0.0,0.12,0.44,0.14,0.38,0.33,0.22,0.44,0.29,0.52,0.35,0.29,0.33,1.0,1.0,0.0
around,0.0,0.0,0.0,0.0,0.0,0.0,0.0,0.0,0.17,0.0,0.11,0.33,0.0,0.12,0.18,0.29,0.33,0.0,0.0,0.0
asleep,0.0,0.08,0.06,0.0,0.0,0.12,0.22,0.17,0.29,0.33,0.0,0.22,0.07,0.36,0.35,0.43,0.0,1.0,1.0,0.0
at,0.0,0.08,0.12,0.0,0.0,0.0,0.0,0.06,0.08,0.0,0.0,0.22,0.0,0.16,0.24,0.21,0.0,0.0,0.0,0.0
ate,0.0,0.08,0.06,0.0,0.0,0.0,0.0,0.08,0.25,0.11,0.0,0.22,0.07,0.2,0.12,0.29,0.0,0.0,0.0,0.0
ated,0.0,0.0,0.0,0.0,0.0,0.0,0.0,0.0,0.0,0.0,0.0,0.11,0.0,0.04,0.06,0.0,0.0,0.0,0.0,0.0
aunt,0.0,0.08,0.12,0.0,0.0,0.0,0.22,0.17,0.12,0.11,0.0,0.33,0.07,0.12,0.12,0.07,0.33,1.0,0.0,0.0
awake,0.0,0.0,0.0,0.0,0.0,0.0,0.22,0.08,0.12,0.11,0.11,0.11,0.0,0.24,0.24,0.43,0.33,0.0,0.0,0.0
away,0.0,0.17,0.0,0.0,0.0,0.0,0.11,0.03,0.21,0.11,0.33,0.33,0.07,0.2,0.29,0.5,0.33,0.0,0.0,0.0
baabaa,0.5,0.42,0.53,1.0,0.43,0.25,0.22,0.28,0.67,0.44,0.56,0.22,0.36,0.52,0.65,0.29,1.0,0.0,1.0,0.0
baby,0.5,0.83,0.65,0.75,0.71,0.62,0.56,0.83,0.83,0.78,0.89,0.89,0.79,0.84,0.94,0.86,1.0,1.0,1.0,1.0
babysttr,0.0,0.0,0.06,0.0,0.0,0.0,0.0,0.06,0.04,0.0,0.0,0.11,0.07,0.12,0.12,0.07,0.0,0.0,0.0,0.0
back,0.0,0.08,0.0,0.0,0.0,0.0,0.11,0.03,0.25,0.0,0.11,0.44,0.07,0.2,0.18,0.43,0.0,0.0,0.0,0.0
backyard,0.0,0.08,0.06,0.0,0.0,0.0,0.11,0.11,0.17,0.0,0.11,0.33,0.21,0.28,0.18,0.14,0.0,1.0,0.0,0.0
bad,0.5,0.08,0.12,0.0,0.0,0.0,0.11,0.14,0.25,0.0,0.33,0.22,0.29,0.48,0.47,0.43,0.33,1.0,0.0,0.0
ball,0.5,1.0,0.65,0.5,0.57,0.75,0.78,0.75,0.88,0.78,0.89,0.78,0.71,0.88,0.88,0.93,1.0,1.0,1.0,1.0
balloon,0.5,0.58,0.47,0.25,0.14,0.62,0.56,0.75,0.71,0.89,0.89,0.78,0.79,0.84,0.82,0.93,1.0,1.0,1.0,1.0
banana,0.5,0.58,0.59,0.75,0.14,0.75,0.56,0.75,0.79,0.56,0.78,0.89,0.86,0.88,0.94,0.93,0.67,1.0,1.0,1.0
basement,0.0,0.0,0.0,0.0,0.0,0.0,0.0,0.0,0.0,0.0,0.0,0.11,0.0,0.0,0.0,0.07,0.0,0.0,0.0,0.0
basket,0.0,0.08,0.0,0.25,0.0,0.0,0.22,0.11,0.21,0.0,0.11,0.22,0.14,0.28,0.29,0.14,0.0,1.0,0.0,0.0
bat,0.0,0.08,0.18,0.0,0.0,0.0,0.11,0.14,0.12,0.0,0.11,0.22,0.14,0.44,0.41,0.57,0.33,1.0,0.0,0.0
bath,0.0,0.33,0.24,0.0,0.0,0.12,0.67,0.36,0.58,0.33,0.33,0.44,0.14,0.6,0.65,0.36,0.33,1.0,1.0,0.0
bathroom,0.0,0.17,0.12,0.25,0.0,0.0,0.22,0.11,0.42,0.33,0.11,0.44,0.29,0.48,0.59,0.57,0.0,1.0,1.0,1.0
bathtub,0.0,0.08,0.06,0.0,0.0,0.0,0.11,0.14,0.25,0.22,0.22,0.44,0.14,0.32,0.41,0.21,0.0,1.0,0.0,0.0
be,0.0,0.08,0.12,0.0,0.0,0.0,0.0,0.0,0.08,0.0,0.0,0.22,0.0,0.16,0.18,0.14,0.0,0.0,0.0,0.0
beach,0.0,0.08,0.0,0.0,0.0,0.12,0.0,0.08,0.08,0.0,0.0,0.22,0.14,0.16,0.24,0.21,0.0,1.0,0.0,0.0
beads,0.0,0.0,0.06,0.0,0.0,0.0,0.11,0.06,0.04,0.0,0.0,0.22,0.0,0.24,0.12,0.07,0.0,0.0,0.0,0.0
beans,0.0,0.08,0.12,0.25,0.0,0.12,0.22,0.25,0.29,0.22,0.33,0.33,0.0,0.52,0.53,0.29,0.0,0.0,1.0,0.0
bear,0.0,0.17,0.18,0.0,0.14,0.12,0.22,0.39,0.5,0.33,0.44,0.67,0.5,0.68,0.65,0.5,1.0,1.0,1.0,1.0
because,0.0,0.0,0.12,0.0,0.0,0.0,0.11,0.03,0.08,0.11,0.11,0.22,0.07,0.08,0.06,0.36,0.0,0.0,0.0,0.0
bed,0.0,0.17,0.18,0.0,0.0,0.62,0.56,0.33,0.54,0.56,0.78,0.44,0.36,0.56,0.65,0.64,0.33,1.0,1.0,0.0
bedroom,0.0,0.08,0.0,0.0,0.0,0.0,0.11,0.08,0.12,0.22,0.33,0.33,0.07,0.28,0.35,0.36,0.0,1.0,0.0,0.0
bee,0.0,0.25,0.12,0.25,0.0,0.25,0.11,0.31,0.38,0.11,0.11,0.44,0.29,0.72,0.53,0.5,0.33,1.0,1.0,0.0
before,0.0,0.0,0.0,0.0,0.0,0.0,0.0,0.0,0.0,0.0,0.0,0.22,0.0,0.0,0.12,0.14,0.0,0.0,0.0,0.0
behind,0.0,0.0,0.0,0.0,0.0,0.0,0.0,0.0,0.12,0.0,0.11,0.22,0.0,0.08,0.18,0.21,0.0,1.0,0.0,0.0
belt,0.0,0.08,0.0,0.0,0.0,0.0,0.22,0.06,0.25,0.11,0.0,0.22,0.07,0.44,0.29,0.29,0.0,1.0,0.0,0.0
bench,0.0,0.0,0.0,0.0,0.0,0.0,0.0,0.03,0.04,0.0,0.11,0.22,0.0,0.08,0.12,0.07,0.0,0.0,0.0,0.0
beside,0.0,0.0,0.0,0.0,0.0,0.0,0.0,0.03,0.0,0.0,0.0,0.22,0.0,0.04,0.24,0.07,0.0,0.0,0.0,0.0
better,0.0,0.0,0.0,0.0,0.0,0.0,0.0,0.08,0.17,0.0,0.11,0.33,0.0,0.12,0.18,0.29,0.0,0.0,0.0,0.0
bib,0.0,0.17,0.06,0.0,0.0,0.12,0.22,0.11,0.17,0.11,0.0,0.33,0.07,0.16,0.24,0.07,0.0,0.0,0.0,0.0
bicycle,0.0,0.08,0.12,0.25,0.0,0.12,0.22,0.22,0.46,0.33,0.33,0.67,0.29,0.72,0.65,0.71,0.67,1.0,0.0,1.0
big,0.0,0.08,0.18,0.0,0.0,0.25,0.22,0.31,0.42,0.22,0.33,0.44,0.5,0.4,0.71,0.5,0.33,1.0,0.0,0.0
bird,0.5,0.58,0.47,0.25,0.29,0.5,0.44,0.39,0.71,0.56,0.56,0.67,0.5,0.68,0.65,0.71,0.67,1.0,1.0,0.0
bite,0.0,0.08,0.12,0.0,0.0,0.12,0.33,0.19,0.38,0.22,0.0,0.33,0.07,0.48,0.35,0.36,0.33,1.0,1.0,0.0
black,0.0,0.08,0.06,0.0,0.0,0.12,0.11,0.08,0.21,0.0,0.33,0.33,0.14,0.48,0.41,0.43,0.0,1.0,1.0,0.0
blanket,0.0,0.17,0.12,0.0,0.14,0.25,0.44,0.25,0.42,0.22,0.56,0.56,0.36,0.56,0.59,0.64,0.33,1.0,1.0,1.0
blew,0.0,0.0,0.0,0.0,0.0,0.0,0.11,0.06,0.08,0.0,0.11,0.22,0.07,0.04,0.12,0.21,0.0,0.0,0.0,0.0
blewed,0.0,0.0,0.0,0.0,0.0,0.0,0.0,0.0,0.0,0.0,0.0,0.0,0.0,0.0,0.0,0.0,0.0,0.0,0.0,0.0
bllybttn,0.0,0.33,0.18,0.0,0.0,0.12,0.33,0.31,0.38,0.22,0.11,0.44,0.14,0.56,0.53,0.5,0.33,1.0,0.0,0.0
block,0.0,0.17,0.0,0.0,0.14,0.12,0.22,0.14,0.25,0.44,0.22,0.44,0.14,0.44,0.35,0.5,0.0,1.0,1.0,0.0
blockses,0.0,0.0,0.0,0.0,0.0,0.12,0.0,0.0,0.04,0.0,0.0,0.0,0.0,0.0,0.0,0.0,0.0,0.0,0.0,0.0
blow,0.0,0.08,0.12,0.0,0.0,0.25,0.11,0.14,0.29,0.11,0.11,0.33,0.14,0.24,0.29,0.29,0.0,1.0,0.0,0.0
blowed,0.0,0.0,0.0,0.0,0.0,0.0,0.0,0.0,0.12,0.0,0.0,0.0,0.0,0.04,0.12,0.07,0.0,0.0,0.0,0.0
blue,0.0,0.08,0.06,0.0,0.0,0.12,0.22,0.19,0.38,0.11,0.33,0.44,0.36,0.64,0.65,0.43,0.33,1.0,1.0,0.0
boat,0.0,0.08,0.06,0.0,0.14,0.25,0.22,0.19,0.42,0.33,0.11,0.56,0.29,0.56,0.41,0.57,0.67,1.0,1.0,0.0
book,0.0,0.67,0.53,0.5,0.29,0.38,0.44,0.5,0.71,0.56,0.67,0.78,0.71,0.8,0.94,0.79,0.33,1.0,1.0,1.0
boots,0.5,0.25,0.06,0.0,0.0,0.12,0.33,0.22,0.21,0.33,0.22,0.56,0.14,0.48,0.35,0.36,0.33,1.0,0.0,0.0
bottle,0.5,0.42,0.24,0.25,0.29,0.38,0.44,0.19,0.5,0.22,0.22,0.56,0.21,0.52,0.41,0.43,0.33,1.0,1.0,0.0
bought,0.0,0.0,0.0,0.0,0.0,0.0,0.0,0.0,0.08,0.0,0.0,0.11,0.07,0.08,0.12,0.21,0.0,0.0,0.0,0.0
bowl,0.0,0.08,0.0,0.0,0.14,0.12,0.11,0.11,0.25,0.22,0.22,0.33,0.0,0.32,0.29,0.21,0.33,1.0,1.0,0.0
box,0.0,0.25,0.18,0.0,0.0,0.12,0.44,0.22,0.38,0.44,0.44,0.44,0.29,0.52,0.53,0.64,0.0,1.0,1.0,1.0
boy,0.0,0.25,0.35,0.0,0.0,0.25,0.33,0.36,0.29,0.33,0.33,0.56,0.36,0.64,0.76,0.79,0.33,0.0,1.0,0.0
bread,0.0,0.08,0.12,0.25,0.0,0.38,0.44,0.22,0.46,0.33,0.22,0.44,0.21,0.52,0.59,0.57,0.33,1.0,1.0,0.0
break,0.0,0.08,0.06,0.0,0.0,0.0,0.33,0.11,0.29,0.22,0.22,0.22,0.07,0.44,0.41,0.36,0.33,1.0,0.0,0.0
breaked,0.0,0.0,0.0,0.0,0.0,0.0,0.0,0.0,0.08,0.0,0.11,0.11,0.07,0.04,0.0,0.0,0.0,1.0,0.0,0.0
breakfst,0.0,0.0,0.0,0.0,0.0,0.12,0.22,0.08,0.29,0.22,0.33,0.44,0.14,0.2,0.41,0.36,0.0,1.0,1.0,1.0
bring,0.0,0.17,0.06,0.0,0.0,0.0,0.11,0.11,0.29,0.0,0.33,0.44,0.21,0.36,0.41,0.36,0.0,0.0,0.0,1.0
bringed,0.0,0.0,0.0,0.0,0.0,0.0,0.0,0.03,0.0,0.0,0.0,0.11,0.0,0.04,0.06,0.07,0.0,0.0,0.0,0.0
broke,0.0,0.17,0.0,0.0,0.0,0.12,0.33,0.17,0.33,0.33,0.22,0.44,0.21,0.36,0.53,0.57,0.0,1.0,0.0,0.0
broked,0.0,0.0,0.0,0.0,0.0,0.0,0.11,0.03,0.12,0.0,0.0,0.0,0.0,0.12,0.18,0.14,0.33,0.0,0.0,0.0
broken,0.0,0.08,0.06,0.0,0.14,0.12,0.44,0.17,0.33,0.44,0.33,0.44,0.07,0.4,0.59,0.5,0.33,1.0,0.0,0.0
broom,0.0,0.08,0.06,0.0,0.0,0.0,0.33,0.17,0.25,0.11,0.22,0.33,0.07,0.32,0.29,0.36,0.33,1.0,0.0,0.0
brother,0.0,0.17,0.06,0.0,0.14,0.12,0.44,0.14,0.25,0.11,0.0,0.22,0.14,0.28,0.24,0.21,0.33,1.0,0.0,0.0
brown,0.0,0.08,0.0,0.0,0.0,0.0,0.11,0.03,0.08,0.0,0.33,0.33,0.07,0.44,0.29,0.29,0.0,0.0,1.0,0.0
brush,0.0,0.33,0.06,0.0,0.0,0.12,0.44,0.17,0.42,0.33,0.33,0.56,0.0,0.52,0.59,0.36,0.0,1.0,1.0,0.0
bubbles,0.5,0.25,0.24,0.25,0.14,0.5,0.44,0.5,0.67,0.56,0.78,0.67,0.79,0.8,0.82,0.79,0.67,1.0,1.0,1.0
bucket,0.0,0.08,0.0,0.0,0.0,0.0,0.11,0.06,0.12,0.11,0.11,0.33,0.0,0.16,0.18,0.07,0.0,0.0,0.0,0.0
bug,0.0,0.17,0.18,0.0,0.0,0.25,0.44,0.19,0.38,0.33,0.33,0.56,0.29,0.56,0.65,0.36,0.33,1.0,1.0,0.0
build,0.0,0.0,0.0,0.0,0.0,0.0,0.11,0.03,0.04,0.0,0.11,0.22,0.0,0.12,0.24,0.14,0.0,0.0,0.0,0.0
bump,0.0,0.0,0.06,0.0,0.0,0.0,0.33,0.03,0.12,0.0,0.0,0.33,0.0,0.2,0.29,0.14,0.0,1.0,0.0,0.0
bunny,0.5,0.25,0.18,0.25,0.0,0.12,0.33,0.47,0.62,0.44,0.44,0.67,0.64,0.68,0.82,0.64,0.33,1.0,1.0,0.0
bus,0.0,0.33,0.29,0.25,0.0,0.5,0.33,0.44,0.58,0.67,0.67,0.89,0.5,0.64,0.71,0.71,0.33,1.0,1.0,1.0
but,0.0,0.08,0.12,0.0,0.0,0.12,0.0,0.0,0.04,0.0,0.11,0.11,0.0,0.08,0.0,0.14,0.0,0.0,0.0,0.0
butter,0.0,0.0,0.06,0.0,0.0,0.12,0.11,0.11,0.25,0.22,0.22,0.33,0.14,0.48,0.35,0.29,0.0,1.0,0.0,0.0
buttocks,0.0,0.17,0.06,0.0,0.0,0.12,0.44,0.17,0.42,0.33,0.11,0.33,0.07,0.4,0.47,0.57,0.33,1.0,0.0,0.0
button,0.0,0.08,0.06,0.0,0.0,0.12,0.22,0.14,0.33,0.33,0.22,0.33,0.21,0.52,0.41,0.36,0.0,1.0,0.0,0.0
buttrfly,0.0,0.08,0.12,0.25,0.0,0.12,0.22,0.17,0.5,0.33,0.33,0.67,0.43,0.52,0.59,0.43,0.67,1.0,1.0,1.0
buy,0.0,0.0,0.0,0.0,0.0,0.0,0.11,0.06,0.08,0.22,0.11,0.22,0.07,0.36,0.41,0.14,0.0,1.0,1.0,0.0
buyed,0.0,0.0,0.0,0.0,0.0,0.0,0.0,0.03,0.0,0.0,0.11,0.0,0.07,0.04,0.06,0.0,0.0,0.0,0.0,0.0
by,0.0,0.08,0.12,0.0,0.0,0.12,0.11,0.08,0.04,0.11,0.11,0.22,0.0,0.12,0.18,0.14,0.0,0.0,0.0,0.0
bye,1.0,0.75,0.88,0.5,0.71,0.75,0.89,0.89,0.92,0.78,0.78,0.67,0.86,0.88,0.88,0.93,1.0,1.0,1.0,1.0
cake,0.0,0.25,0.24,0.25,0.0,0.25,0.33,0.53,0.58,0.56,0.56,0.78,0.64,0.8,0.94,0.71,0.67,1.0,1.0,1.0
callnphn,0.0,0.17,0.18,0.25,0.14,0.5,0.44,0.36,0.38,0.11,0.56,0.56,0.36,0.44,0.29,0.5,0.67,1.0,1.0,0.0
came,0.5,0.0,0.0,0.0,0.0,0.12,0.0,0.06,0.17,0.0,0.11,0.33,0.14,0.2,0.06,0.21,0.0,0.0,0.0,0.0
camed,0.0,0.0,0.0,0.0,0.0,0.0,0.0,0.0,0.0,0.0,0.0,0.0,0.0,0.0,0.0,0.0,0.0,0.0,0.0,0.0
camera,0.0,0.0,0.06,0.0,0.0,0.12,0.22,0.14,0.25,0.22,0.33,0.56,0.21,0.48,0.41,0.57,0.0,1.0,1.0,1.0
camping,0.0,0.0,0.0,0.0,0.0,0.0,0.0,0.0,0.0,0.0,0.0,0.11,0.0,0.12,0.06,0.14,0.0,0.0,0.0,0.0
can1,0.0,0.08,0.06,0.0,0.0,0.12,0.22,0.11,0.25,0.0,0.11,0.22,0.0,0.24,0.29,0.29,0.0,0.0,0.0,0.0
can2,0.0,0.08,0.06,0.0,0.0,0.0,0.0,0.03,0.17,0.11,0.22,0.22,0.21,0.28,0.41,0.29,0.0,0.0,1.0,0.0
candy,0.0,0.42,0.29,0.5,0.14,0.75,0.33,0.72,0.75,0.67,0.67,0.78,0.79,0.88,0.88,0.93,1.0,1.0,1.0,1.0
car,0.5,0.58,0.53,0.5,0.14,0.5,0.67,0.69,0.71,0.56,0.56,0.67,0.71,0.84,0.94,0.86,0.67,1.0,1.0,0.0
careful,0.0,0.17,0.12,0.25,0.0,0.0,0.11,0.03,0.21,0.11,0.22,0.33,0.07,0.24,0.35,0.29,0.33,1.0,1.0,1.0
carrots,0.0,0.0,0.06,0.0,0.0,0.0,0.22,0.06,0.25,0.44,0.22,0.44,0.07,0.44,0.35,0.29,0.33,1.0,1.0,1.0
carry,0.0,0.08,0.06,0.0,0.0,0.0,0.11,0.06,0.29,0.22,0.22,0.33,0.07,0.2,0.35,0.21,0.0,0.0,0.0,0.0
cat,0.0,0.42,0.41,0.25,0.14,0.5,0.56,0.53,0.71,0.78,0.56,0.78,0.71,0.8,0.76,0.86,0.67,1.0,1.0,0.0
catch,0.0,0.25,0.12,0.25,0.0,0.12,0.22,0.17,0.21,0.22,0.22,0.44,0.21,0.48,0.47,0.21,0.67,1.0,1.0,0.0
cereal,0.5,0.17,0.24,0.0,0.0,0.25,0.22,0.39,0.54,0.67,0.44,0.56,0.57,0.72,0.53,0.5,0.33,1.0,1.0,1.0
chair,0.0,0.17,0.18,0.25,0.0,0.25,0.33,0.28,0.58,0.22,0.56,0.44,0.29,0.84,0.71,0.71,0.67,1.0,1.0,0.0
chalk,0.0,0.0,0.0,0.0,0.0,0.12,0.11,0.06,0.08,0.0,0.0,0.22,0.0,0.32,0.29,0.21,0.0,1.0,0.0,0.0
chase,0.0,0.0,0.12,0.0,0.0,0.0,0.11,0.03,0.17,0.0,0.0,0.11,0.0,0.12,0.12,0.21,0.0,1.0,0.0,0.0
cheek,0.0,0.08,0.06,0.0,0.0,0.12,0.33,0.08,0.29,0.33,0.11,0.33,0.07,0.36,0.29,0.36,0.0,0.0,1.0,0.0
cheerios,0.5,0.25,0.18,0.25,0.14,0.12,0.33,0.36,0.5,0.44,0.33,0.44,0.71,0.8,0.65,0.5,1.0,0.0,1.0,1.0
cheese,0.5,0.25,0.29,0.25,0.0,0.12,0.22,0.56,0.62,0.56,0.22,0.78,0.64,0.84,0.71,0.64,0.33,1.0,1.0,1.0
chicken1,0.0,0.25,0.18,0.0,0.0,0.0,0.33,0.33,0.5,0.56,0.67,0.67,0.43,0.88,0.59,0.64,0.67,1.0,1.0,1.0
chicken2,0.0,0.17,0.18,0.0,0.0,0.12,0.33,0.28,0.58,0.56,0.56,0.78,0.64,0.84,0.65,0.79,0.67,1.0,1.0,1.0
child,0.0,0.08,0.0,0.0,0.0,0.0,0.11,0.03,0.0,0.0,0.22,0.11,0.0,0.04,0.12,0.07,0.0,0.0,1.0,0.0
children,0.0,0.08,0.12,0.0,0.0,0.0,0.0,0.06,0.08,0.0,0.11,0.22,0.07,0.16,0.18,0.07,0.0,0.0,0.0,0.0
childrns,0.0,0.0,0.0,0.0,0.0,0.0,0.0,0.0,0.0,0.0,0.0,0.0,0.0,0.0,0.06,0.07,0.0,0.0,0.0,0.0
childs,0.0,0.0,0.0,0.0,0.0,0.0,0.0,0.0,0.0,0.0,0.22,0.0,0.0,0.04,0.0,0.0,0.0,0.0,0.0,0.0
chin,0.0,0.08,0.0,0.25,0.0,0.12,0.22,0.08,0.21,0.22,0.22,0.33,0.07,0.32,0.18,0.21,0.0,0.0,1.0,0.0
chocolat,1.0,0.0,0.12,0.25,0.0,0.0,0.22,0.39,0.25,0.11,0.44,0.56,0.64,0.64,0.65,0.57,0.67,1.0,1.0,0.0
choochoo,0.0,0.42,0.35,0.25,0.43,0.25,0.78,0.42,0.79,0.67,0.56,0.67,0.57,0.8,0.65,0.64,1.0,1.0,1.0,1.0
church,0.0,0.08,0.06,0.25,0.0,0.0,0.33,0.14,0.21,0.11,0.22,0.44,0.14,0.6,0.53,0.36,0.0,1.0,1.0,0.0
circus,0.0,0.0,0.0,0.0,0.0,0.0,0.0,0.06,0.04,0.0,0.11,0.11,0.07,0.2,0.35,0.21,0.33,0.0,1.0,1.0
clap,0.0,0.08,0.18,0.0,0.0,0.12,0.22,0.08,0.21,0.22,0.11,0.22,0.21,0.4,0.35,0.36,0.0,1.0,1.0,0.0
clean1,0.0,0.17,0.12,0.0,0.0,0.25,0.22,0.22,0.42,0.33,0.33,0.44,0.21,0.56,0.53,0.43,0.33,1.0,1.0,1.0
clean2,0.0,0.17,0.12,0.0,0.0,0.12,0.33,0.22,0.42,0.33,0.22,0.33,0.21,0.44,0.59,0.5,0.33,0.0,1.0,0.0
climb,0.0,0.0,0.06,0.0,0.0,0.12,0.0,0.06,0.17,0.0,0.0,0.22,0.07,0.24,0.12,0.14,0.0,1.0,0.0,0.0
clock,0.0,0.08,0.12,0.0,0.14,0.12,0.22,0.17,0.29,0.22,0.11,0.44,0.29,0.36,0.41,0.36,0.33,1.0,1.0,0.0
close,0.5,0.08,0.12,0.25,0.0,0.38,0.33,0.17,0.33,0.22,0.44,0.44,0.21,0.48,0.35,0.36,0.33,0.0,1.0,0.0
closet,0.0,0.08,0.0,0.25,0.0,0.0,0.11,0.19,0.29,0.11,0.33,0.56,0.43,0.56,0.41,0.43,0.0,1.0,1.0,0.0
cloud,0.5,0.08,0.0,0.0,0.0,0.0,0.11,0.11,0.25,0.11,0.0,0.33,0.21,0.28,0.24,0.29,0.33,1.0,1.0,0.0
clown,0.0,0.08,0.0,0.0,0.0,0.0,0.11,0.06,0.12,0.0,0.22,0.33,0.07,0.28,0.24,0.43,0.0,1.0,1.0,0.0
coat,0.0,0.17,0.0,0.0,0.0,0.12,0.33,0.08,0.21,0.33,0.11,0.22,0.21,0.36,0.29,0.43,0.0,1.0,0.0,0.0
cockddld,0.0,0.17,0.12,0.0,0.0,0.12,0.11,0.14,0.21,0.11,0.22,0.22,0.0,0.2,0.24,0.36,0.0,0.0,0.0,0.0
coffee,0.0,0.0,0.12,0.0,0.0,0.12,0.22,0.17,0.29,0.0,0.11,0.33,0.07,0.52,0.35,0.36,0.33,1.0,1.0,1.0
coke,0.0,0.25,0.24,0.25,0.0,0.38,0.44,0.42,0.5,0.67,0.33,0.78,0.36,0.76,0.76,0.64,0.67,0.0,1.0,1.0
cold,0.5,0.33,0.18,0.0,0.14,0.38,0.44,0.31,0.67,0.56,0.56,0.56,0.29,0.76,0.76,0.64,0.33,1.0,1.0,0.0
comb,0.0,0.0,0.0,0.0,0.0,0.12,0.11,0.06,0.12,0.0,0.0,0.44,0.0,0.16,0.29,0.21,0.0,0.0,0.0,0.0
combine,0.0,0.33,0.35,0.25,0.14,0.62,0.56,0.58,0.75,0.67,0.44,0.56,0.43,0.76,0.82,0.86,0.33,1.0,1.0,1.0
comed,0.0,0.0,0.0,0.0,0.0,0.0,0.0,0.0,0.0,0.0,0.0,0.0,0.0,0.0,0.0,0.0,0.0,0.0,0.0,0.0
complx01,0.0,0.08,0.06,0.0,0.0,0.0,0.33,0.19,0.5,0.11,0.11,0.33,0.21,0.44,0.35,0.43,0.0,1.0,0.0,0.0
complx02,0.0,0.0,0.0,0.0,0.0,0.0,0.11,0.03,0.17,0.22,0.11,0.22,0.07,0.36,0.29,0.43,0.0,1.0,1.0,0.0
complx03,0.0,0.08,0.0,0.0,0.0,0.0,0.33,0.06,0.38,0.33,0.33,0.33,0.0,0.52,0.53,0.43,0.0,0.0,0.0,0.0
complx04,0.0,0.0,0.0,0.0,0.0,0.12,0.11,0.14,0.25,0.33,0.0,0.33,0.07,0.44,0.41,0.36,0.33,1.0,1.0,0.0
complx05,0.0,0.0,0.0,0.0,0.0,0.0,0.11,0.06,0.12,0.11,0.0,0.22,0.07,0.24,0.24,0.21,0.0,1.0,0.0,0.0
complx06,0.0,0.0,0.0,0.0,0.0,0.12,0.0,0.0,0.08,0.0,0.11,0.11,0.0,0.2,0.06,0.36,0.0,0.0,0.0,0.0
complx07,0.0,0.17,0.0,0.0,0.0,0.12,0.11,0.17,0.25,0.33,0.33,0.33,0.14,0.6,0.59,0.5,0.33,1.0,1.0,1.0
complx08,0.0,0.08,0.06,0.0,0.0,0.12,0.22,0.08,0.33,0.33,0.11,0.22,0.07,0.44,0.35,0.29,0.0,1.0,1.0,0.0
complx09,0.0,0.08,0.0,0.0,0.0,0.0,0.22,0.14,0.17,0.33,0.11,0.33,0.0,0.36,0.18,0.36,0.33,0.0,1.0,0.0
complx10,0.0,0.0,0.0,0.0,0.0,0.0,0.0,0.0,0.0,0.22,0.0,0.22,0.0,0.16,0.18,0.14,0.0,0.0,0.0,0.0
complx11,0.0,0.0,0.0,0.0,0.0,0.0,0.0,0.03,0.04,0.0,0.0,0.0,0.0,0.08,0.24,0.0,0.33,0.0,0.0,0.0
complx12,0.0,0.0,0.0,0.0,0.0,0.0,0.0,0.0,0.0,0.0,0.11,0.0,0.0,0.08,0.12,0.14,0.0,0.0,0.0,0.0
complx13,0.0,0.0,0.0,0.0,0.0,0.0,0.0,0.14,0.21,0.0,0.11,0.22,0.14,0.36,0.29,0.29,0.0,1.0,0.0,0.0
complx14,0.0,0.0,0.0,0.0,0.0,0.0,0.0,0.08,0.12,0.11,0.11,0.33,0.07,0.48,0.35,0.36,0.0,0.0,0.0,1.0
complx15,0.0,0.0,0.0,0.0,0.0,0.0,0.0,0.0,0.04,0.0,0.0,0.22,0.0,0.24,0.18,0.29,0.33,0.0,0.0,0.0
complx16,0.0,0.0,0.0,0.0,0.0,0.0,0.0,0.0,0.0,0.0,0.0,0.0,0.07,0.16,0.06,0.29,0.0,0.0,0.0,0.0
complx17,0.0,0.0,0.0,0.0,0.0,0.0,0.0,0.06,0.08,0.0,0.0,0.11,0.07,0.24,0.18,0.29,0.0,0.0,0.0,0.0
complx18,0.0,0.0,0.0,0.0,0.0,0.0,0.0,0.03,0.12,0.0,0.0,0.11,0.0,0.2,0.24,0.14,0.0,1.0,0.0,0.0
complx19,0.0,0.0,0.0,0.0,0.0,0.0,0.0,0.08,0.25,0.11,0.22,0.11,0.07,0.16,0.12,0.29,0.0,1.0,0.0,0.0
complx20,0.0,0.08,0.0,0.0,0.0,0.0,0.0,0.08,0.17,0.11,0.0,0.33,0.14,0.4,0.29,0.36,0.0,0.0,0.0,0.0
complx21,0.0,0.08,0.0,0.0,0.0,0.0,0.0,0.08,0.08,0.11,0.11,0.22,0.07,0.36,0.29,0.29,0.0,1.0,0.0,0.0
complx22,0.0,0.0,0.0,0.0,0.0,0.0,0.0,0.0,0.04,0.0,0.0,0.22,0.0,0.24,0.12,0.29,0.0,0.0,0.0,0.0
complx23,0.0,0.0,0.0,0.0,0.0,0.0,0.0,0.08,0.08,0.0,0.0,0.11,0.14,0.2,0.24,0.36,0.0,0.0,0.0,0.0
complx24,0.0,0.0,0.0,0.0,0.0,0.0,0.0,0.08,0.17,0.22,0.11,0.22,0.14,0.24,0.24,0.36,0.33,1.0,1.0,0.0
complx25,0.0,0.0,0.0,0.0,0.0,0.0,0.0,0.0,0.12,0.0,0.0,0.11,0.0,0.2,0.12,0.29,0.0,0.0,0.0,0.0
complx26,0.0,0.0,0.0,0.0,0.0,0.0,0.0,0.0,0.12,0.0,0.0,0.11,0.07,0.2,0.18,0.21,0.0,1.0,0.0,0.0
complx27,0.0,0.0,0.0,0.0,0.0,0.0,0.0,0.03,0.0,0.0,0.0,0.0,0.0,0.08,0.12,0.14,0.0,0.0,0.0,0.0
complx28,0.0,0.0,0.0,0.0,0.0,0.0,0.0,0.0,0.0,0.0,0.0,0.11,0.0,0.12,0.12,0.21,0.0,0.0,0.0,0.0
complx29,0.0,0.0,0.0,0.0,0.0,0.0,0.0,0.14,0.12,0.0,0.0,0.11,0.0,0.24,0.24,0.36,0.0,1.0,0.0,0.0
complx30,0.0,0.0,0.0,0.0,0.0,0.0,0.11,0.11,0.12,0.11,0.0,0.22,0.07,0.28,0.24,0.36,0.0,1.0,0.0,0.0
complx31,0.0,0.0,0.0,0.0,0.0,0.0,0.11,0.06,0.17,0.11,0.0,0.22,0.07,0.28,0.18,0.21,0.0,1.0,0.0,0.0
complx32,0.0,0.0,0.0,0.0,0.0,0.0,0.11,0.06,0.12,0.11,0.11,0.11,0.0,0.28,0.18,0.36,0.0,0.0,0.0,0.0
complx33,0.0,0.0,0.0,0.0,0.0,0.0,0.11,0.03,0.08,0.0,0.0,0.22,0.07,0.16,0.18,0.36,0.0,1.0,0.0,0.0
complx34,0.0,0.0,0.0,0.0,0.0,0.0,0.0,0.03,0.0,0.0,0.0,0.11,0.0,0.0,0.06,0.07,0.0,0.0,0.0,0.0
complx35,0.0,0.0,0.0,0.0,0.0,0.0,0.11,0.06,0.04,0.0,0.0,0.22,0.0,0.04,0.06,0.36,0.0,1.0,0.0,0.0
complx36,0.0,0.0,0.0,0.0,0.0,0.0,0.0,0.0,0.0,0.0,0.0,0.11,0.0,0.16,0.18,0.14,0.0,0.0,0.0,0.0
complx37,0.0,0.0,0.0,0.0,0.0,0.0,0.0,0.0,0.12,0.0,0.0,0.22,0.0,0.16,0.12,0.07,0.0,1.0,0.0,0.0
cook,0.0,0.0,0.06,0.0,0.0,0.12,0.11,0.08,0.29,0.11,0.22,0.33,0.07,0.4,0.35,0.21,0.0,0.0,1.0,0.0
cookie,1.0,0.58,0.41,0.5,0.43,0.75,0.56,0.75,0.88,0.89,0.67,0.89,0.86,0.96,0.88,0.79,1.0,1.0,1.0,1.0
corn,0.0,0.08,0.29,0.0,0.0,0.12,0.56,0.08,0.42,0.22,0.33,0.44,0.21,0.56,0.41,0.21,0.33,0.0,1.0,1.0
couch,0.0,0.08,0.0,0.0,0.0,0.0,0.11,0.08,0.33,0.33,0.33,0.33,0.07,0.24,0.35,0.29,0.0,1.0,0.0,0.0
could,0.0,0.0,0.0,0.0,0.0,0.0,0.0,0.03,0.04,0.0,0.0,0.11,0.0,0.04,0.0,0.14,0.0,0.0,0.0,0.0
country,0.0,0.0,0.0,0.0,0.0,0.0,0.0,0.0,0.0,0.0,0.0,0.11,0.0,0.04,0.0,0.07,0.0,0.0,0.0,0.0
cover,0.0,0.0,0.0,0.0,0.0,0.0,0.22,0.03,0.21,0.11,0.11,0.22,0.0,0.12,0.18,0.29,0.0,0.0,1.0,0.0
cow,0.5,0.17,0.47,0.0,0.14,0.25,0.44,0.31,0.46,0.33,0.44,0.67,0.43,0.76,0.65,0.5,0.67,1.0,1.0,1.0
cowboy,0.0,0.08,0.0,0.0,0.0,0.0,0.11,0.03,0.17,0.0,0.0,0.11,0.07,0.12,0.29,0.29,0.0,1.0,0.0,0.0
cracker,0.0,0.33,0.24,0.0,0.14,0.25,0.44,0.17,0.46,0.33,0.56,0.33,0.21,0.48,0.47,0.36,0.33,1.0,0.0,1.0
crayon,0.0,0.17,0.06,0.0,0.0,0.25,0.22,0.22,0.33,0.33,0.44,0.56,0.57,0.6,0.53,0.5,0.0,1.0,0.0,0.0
crib,0.0,0.0,0.06,0.0,0.0,0.0,0.22,0.03,0.25,0.0,0.0,0.22,0.07,0.2,0.29,0.07,0.0,0.0,0.0,0.0
cry,0.0,0.25,0.18,0.25,0.0,0.25,0.33,0.11,0.46,0.33,0.33,0.33,0.14,0.6,0.71,0.43,0.33,1.0,1.0,0.0
cup,0.0,0.25,0.12,0.0,0.14,0.38,0.33,0.25,0.62,0.33,0.44,0.44,0.21,0.64,0.71,0.79,0.33,1.0,1.0,0.0
cut,0.5,0.0,0.06,0.0,0.0,0.0,0.11,0.06,0.25,0.0,0.22,0.33,0.07,0.32,0.35,0.43,0.0,1.0,1.0,0.0
cute,0.0,0.17,0.0,0.0,0.0,0.12,0.0,0.08,0.25,0.11,0.0,0.22,0.14,0.32,0.18,0.29,0.33,1.0,1.0,0.0
daddy,0.5,0.75,0.59,0.5,0.71,0.75,0.67,0.83,0.71,0.56,0.78,0.56,0.64,0.88,0.88,0.86,0.67,1.0,1.0,0.0
dance,0.0,0.0,0.18,0.25,0.0,0.12,0.44,0.19,0.46,0.33,0.22,0.44,0.36,0.56,0.59,0.5,0.33,1.0,0.0,0.0
dark,0.0,0.0,0.0,0.0,0.0,0.12,0.0,0.08,0.12,0.0,0.22,0.33,0.0,0.12,0.24,0.43,0.33,0.0,1.0,0.0
day,0.5,0.0,0.0,0.0,0.0,0.0,0.11,0.14,0.17,0.0,0.33,0.22,0.29,0.24,0.24,0.21,0.0,0.0,0.0,0.0
deer,0.0,0.08,0.18,0.0,0.14,0.0,0.0,0.0,0.12,0.0,0.0,0.22,0.07,0.24,0.18,0.21,0.33,0.0,1.0,0.0
diaper,0.0,0.58,0.24,0.0,0.29,0.38,0.56,0.33,0.67,0.44,0.56,0.56,0.64,0.8,0.53,0.57,0.33,1.0,1.0,0.0
did,0.0,0.08,0.06,0.0,0.0,0.0,0.0,0.03,0.12,0.0,0.11,0.22,0.0,0.2,0.12,0.5,0.0,0.0,0.0,0.0
dinner,0.0,0.0,0.0,0.0,0.0,0.25,0.11,0.06,0.12,0.22,0.22,0.33,0.07,0.2,0.35,0.21,0.0,1.0,1.0,0.0
dirty,0.0,0.17,0.06,0.0,0.14,0.12,0.33,0.19,0.42,0.11,0.44,0.44,0.21,0.56,0.53,0.64,0.33,1.0,1.0,0.0
dish,0.0,0.08,0.0,0.0,0.0,0.0,0.11,0.08,0.04,0.0,0.11,0.44,0.07,0.12,0.24,0.29,0.0,0.0,0.0,0.0
do,0.0,0.0,0.06,0.0,0.0,0.12,0.33,0.08,0.25,0.11,0.22,0.22,0.0,0.24,0.29,0.43,0.0,0.0,0.0,0.0
doctor,0.0,0.08,0.06,0.0,0.0,0.0,0.22,0.17,0.25,0.0,0.33,0.67,0.36,0.64,0.59,0.64,0.33,1.0,1.0,1.0
doed,0.0,0.0,0.0,0.0,0.0,0.0,0.0,0.03,0.04,0.11,0.11,0.0,0.0,0.0,0.06,0.0,0.0,0.0,0.0,0.0
does,0.0,0.0,0.06,0.0,0.0,0.0,0.0,0.0,0.04,0.0,0.11,0.22,0.0,0.12,0.06,0.21,0.0,0.0,0.0,0.0
dog,0.5,0.58,0.59,0.25,0.43,0.75,0.56,0.69,0.67,0.78,0.89,0.78,0.86,0.92,0.88,0.86,0.67,1.0,1.0,0.0
doll,0.0,0.33,0.12,0.0,0.0,0.0,0.22,0.14,0.21,0.22,0.33,0.44,0.21,0.52,0.35,0.43,0.33,1.0,0.0,0.0
donkey,0.0,0.08,0.06,0.25,0.0,0.0,0.33,0.08,0.04,0.11,0.22,0.44,0.14,0.2,0.18,0.29,0.67,0.0,0.0,0.0
dont,0.0,0.17,0.06,0.0,0.0,0.0,0.22,0.17,0.17,0.22,0.22,0.22,0.21,0.36,0.24,0.29,0.0,1.0,1.0,1.0
donut,0.0,0.0,0.06,0.0,0.0,0.0,0.11,0.06,0.12,0.22,0.22,0.33,0.07,0.56,0.41,0.43,0.0,1.0,1.0,1.0
door,0.0,0.42,0.18,0.25,0.29,0.38,0.56,0.47,0.58,0.56,0.78,0.67,0.5,0.76,0.76,0.71,0.67,1.0,1.0,1.0
down,0.0,0.5,0.18,0.0,0.14,0.25,0.44,0.25,0.54,0.11,0.56,0.44,0.21,0.44,0.47,0.64,0.33,0.0,1.0,0.0
downtown,0.0,0.0,0.0,0.0,0.0,0.0,0.0,0.0,0.04,0.0,0.11,0.11,0.0,0.04,0.06,0.07,0.0,0.0,0.0,0.0
drank,0.0,0.08,0.0,0.0,0.0,0.0,0.0,0.03,0.04,0.0,0.11,0.22,0.07,0.08,0.06,0.29,0.0,0.0,0.0,0.0
dranked,0.0,0.0,0.0,0.0,0.0,0.0,0.0,0.03,0.04,0.0,0.0,0.11,0.0,0.04,0.06,0.0,0.0,1.0,0.0,0.0
draw,0.0,0.0,0.12,0.0,0.0,0.0,0.11,0.11,0.33,0.0,0.22,0.22,0.07,0.16,0.29,0.21,0.0,0.0,1.0,0.0
drawer,0.0,0.0,0.06,0.0,0.0,0.12,0.0,0.06,0.12,0.11,0.0,0.22,0.0,0.12,0.18,0.21,0.0,1.0,0.0,0.0
dress,0.0,0.08,0.06,0.0,0.0,0.0,0.11,0.11,0.12,0.22,0.22,0.44,0.07,0.48,0.29,0.21,0.0,1.0,1.0,0.0
drink1,0.0,0.17,0.12,0.0,0.0,0.25,0.33,0.11,0.5,0.33,0.56,0.33,0.14,0.52,0.41,0.29,0.33,1.0,1.0,0.0
drink2,0.0,0.08,0.18,0.0,0.0,0.25,0.44,0.17,0.46,0.22,0.44,0.44,0.36,0.64,0.59,0.36,0.0,1.0,1.0,0.0
drinked,0.0,0.0,0.0,0.0,0.0,0.0,0.0,0.03,0.04,0.0,0.0,0.11,0.07,0.08,0.12,0.07,0.33,1.0,0.0,0.0
drive,0.0,0.0,0.06,0.25,0.0,0.12,0.33,0.06,0.17,0.0,0.22,0.33,0.07,0.36,0.35,0.21,0.0,1.0,1.0,0.0
drop,0.0,0.08,0.06,0.0,0.0,0.0,0.22,0.06,0.25,0.11,0.11,0.22,0.07,0.2,0.24,0.21,0.0,0.0,0.0,0.0
drove,0.0,0.0,0.0,0.0,0.0,0.0,0.0,0.0,0.0,0.0,0.0,0.11,0.0,0.0,0.06,0.14,0.0,0.0,0.0,0.0
dry1,0.0,0.0,0.06,0.0,0.0,0.0,0.22,0.06,0.04,0.0,0.11,0.44,0.0,0.08,0.24,0.14,0.0,0.0,0.0,0.0
dry2,0.0,0.0,0.0,0.0,0.0,0.0,0.22,0.08,0.12,0.0,0.11,0.44,0.0,0.16,0.29,0.21,0.0,1.0,0.0,0.0
dryer,0.0,0.0,0.0,0.0,0.0,0.0,0.0,0.03,0.12,0.11,0.0,0.33,0.0,0.16,0.29,0.21,0.0,1.0,0.0,0.0
duck,0.5,0.42,0.24,0.5,0.29,0.5,0.33,0.36,0.5,0.44,0.67,0.67,0.64,0.84,0.59,0.57,0.67,1.0,1.0,0.0
dump,0.0,0.0,0.0,0.0,0.0,0.0,0.0,0.03,0.08,0.0,0.11,0.33,0.0,0.08,0.06,0.07,0.0,0.0,0.0,0.0
each,0.0,0.0,0.0,0.0,0.0,0.0,0.0,0.03,0.04,0.0,0.11,0.22,0.0,0.04,0.12,0.21,0.0,0.0,0.0,0.0
ear,0.0,0.5,0.35,0.25,0.0,0.5,0.56,0.42,0.67,0.44,0.44,0.67,0.36,0.72,0.71,0.79,0.33,1.0,1.0,0.0
eat,0.0,0.25,0.35,0.0,0.0,0.25,0.44,0.22,0.54,0.44,0.44,0.44,0.43,0.64,0.71,0.5,0.33,1.0,1.0,0.0
eated,0.0,0.0,0.0,0.0,0.0,0.0,0.0,0.0,0.04,0.0,0.22,0.0,0.07,0.04,0.0,0.07,0.0,0.0,0.0,0.0
ed,0.0,0.0,0.0,0.0,0.0,0.0,0.11,0.11,0.21,0.11,0.11,0.22,0.07,0.32,0.12,0.5,0.0,1.0,0.0,1.0
egg,0.0,0.08,0.12,0.25,0.0,0.12,0.22,0.17,0.33,0.22,0.22,0.44,0.43,0.48,0.53,0.64,0.33,1.0,1.0,0.0
elephant,0.0,0.17,0.18,0.25,0.0,0.0,0.22,0.22,0.46,0.22,0.44,0.56,0.43,0.68,0.59,0.71,0.67,1.0,1.0,1.0
empty,0.0,0.0,0.06,0.25,0.0,0.0,0.22,0.06,0.12,0.0,0.22,0.33,0.0,0.16,0.24,0.14,0.33,1.0,1.0,0.0
every,0.0,0.0,0.0,0.0,0.0,0.0,0.0,0.0,0.04,0.0,0.11,0.22,0.0,0.04,0.12,0.14,0.0,0.0,0.0,0.0
eye,0.0,0.67,0.41,0.25,0.43,0.62,0.56,0.53,0.67,0.56,0.78,0.78,0.5,0.92,0.82,0.71,0.33,1.0,1.0,0.0
face,0.0,0.33,0.06,0.0,0.0,0.25,0.44,0.22,0.29,0.33,0.33,0.44,0.57,0.68,0.53,0.64,0.0,1.0,1.0,0.0
fall,0.0,0.08,0.06,0.0,0.0,0.25,0.22,0.11,0.42,0.22,0.33,0.33,0.14,0.4,0.41,0.43,0.33,1.0,0.0,0.0
falled,0.0,0.0,0.0,0.0,0.0,0.0,0.0,0.0,0.04,0.0,0.0,0.11,0.07,0.04,0.06,0.07,0.0,0.0,0.0,0.0
farm,0.0,0.08,0.0,0.0,0.0,0.0,0.11,0.03,0.12,0.11,0.11,0.33,0.14,0.12,0.29,0.14,0.0,0.0,0.0,0.0
fast,0.0,0.08,0.0,0.0,0.0,0.12,0.22,0.03,0.25,0.0,0.11,0.44,0.07,0.28,0.18,0.36,0.0,1.0,0.0,0.0
feed,0.0,0.0,0.12,0.0,0.0,0.0,0.11,0.03,0.25,0.0,0.11,0.22,0.0,0.08,0.18,0.21,0.0,0.0,0.0,0.0
feet,0.0,0.25,0.12,0.0,0.0,0.5,0.44,0.31,0.58,0.56,0.33,0.33,0.07,0.4,0.53,0.57,0.0,0.0,1.0,0.0
feets,0.0,0.08,0.12,0.0,0.0,0.25,0.0,0.03,0.12,0.0,0.22,0.22,0.0,0.24,0.18,0.14,0.0,1.0,0.0,0.0
fell,0.0,0.08,0.06,0.0,0.0,0.12,0.11,0.11,0.29,0.11,0.11,0.33,0.14,0.36,0.12,0.5,0.0,1.0,0.0,0.0
find,0.0,0.08,0.06,0.0,0.0,0.0,0.11,0.06,0.17,0.11,0.22,0.33,0.14,0.24,0.18,0.43,0.0,0.0,1.0,0.0
fine,0.0,0.0,0.0,0.0,0.0,0.12,0.11,0.11,0.12,0.0,0.11,0.22,0.0,0.2,0.12,0.21,0.0,0.0,0.0,0.0
finger,0.0,0.08,0.12,0.0,0.0,0.0,0.33,0.33,0.46,0.33,0.33,0.44,0.36,0.76,0.59,0.57,0.33,1.0,1.0,0.0
finish,0.0,0.0,0.12,0.25,0.0,0.12,0.11,0.17,0.21,0.22,0.22,0.33,0.21,0.52,0.53,0.5,0.67,0.0,1.0,0.0
fireman,0.0,0.08,0.0,0.0,0.0,0.0,0.0,0.03,0.08,0.0,0.11,0.44,0.07,0.28,0.29,0.29,0.33,1.0,0.0,1.0
firetrck,0.0,0.08,0.0,0.25,0.14,0.25,0.44,0.08,0.29,0.33,0.22,0.56,0.21,0.48,0.29,0.43,0.67,1.0,0.0,1.0
first,0.0,0.0,0.0,0.0,0.0,0.0,0.0,0.06,0.17,0.0,0.11,0.22,0.14,0.24,0.29,0.29,0.0,0.0,1.0,0.0
fish1,0.0,0.42,0.47,0.5,0.0,0.5,0.56,0.56,0.79,0.56,0.56,0.78,0.71,0.88,0.88,0.86,0.67,1.0,1.0,1.0
fish2,0.0,0.25,0.29,0.0,0.0,0.5,0.33,0.39,0.54,0.33,0.67,0.78,0.64,0.8,0.76,0.71,0.33,0.0,1.0,1.0
fit,0.0,0.0,0.06,0.0,0.0,0.0,0.0,0.06,0.12,0.0,0.11,0.33,0.0,0.16,0.06,0.14,0.0,0.0,0.0,0.0
fix,0.0,0.0,0.06,0.0,0.0,0.0,0.22,0.11,0.25,0.0,0.22,0.22,0.07,0.36,0.24,0.29,0.0,0.0,0.0,0.0
flag,0.0,0.0,0.06,0.0,0.0,0.0,0.11,0.08,0.08,0.11,0.11,0.33,0.0,0.4,0.47,0.29,0.33,1.0,0.0,0.0
flew,0.0,0.0,0.0,0.0,0.0,0.0,0.0,0.0,0.04,0.0,0.0,0.11,0.0,0.04,0.12,0.14,0.0,0.0,0.0,0.0
flied,0.0,0.0,0.0,0.0,0.0,0.0,0.0,0.0,0.04,0.0,0.11,0.0,0.0,0.0,0.0,0.0,0.0,0.0,0.0,0.0
flower,0.0,0.25,0.12,0.25,0.14,0.12,0.33,0.36,0.46,0.33,0.67,0.67,0.71,0.6,0.71,0.71,0.67,1.0,1.0,1.0
food,0.0,0.33,0.18,0.25,0.0,0.0,0.11,0.14,0.38,0.22,0.11,0.22,0.29,0.48,0.35,0.57,0.0,0.0,1.0,0.0
foot,0.0,0.25,0.06,0.25,0.0,0.25,0.56,0.42,0.71,0.56,0.33,0.44,0.36,0.76,0.76,0.64,0.33,1.0,1.0,0.0
foots,0.0,0.0,0.12,0.0,0.0,0.0,0.0,0.0,0.12,0.11,0.0,0.11,0.0,0.12,0.29,0.07,0.33,0.0,0.0,0.0
for,0.0,0.0,0.06,0.0,0.0,0.0,0.0,0.06,0.04,0.0,0.22,0.22,0.14,0.2,0.18,0.29,0.0,0.0,0.0,0.0
fork,0.0,0.08,0.06,0.0,0.0,0.12,0.33,0.14,0.38,0.22,0.44,0.56,0.07,0.44,0.59,0.43,0.33,1.0,1.0,0.0
friend,0.0,0.0,0.0,0.0,0.0,0.0,0.22,0.11,0.17,0.0,0.11,0.22,0.07,0.44,0.41,0.14,0.0,1.0,0.0,0.0
frnchfrs,0.0,0.17,0.18,0.0,0.0,0.0,0.33,0.22,0.54,0.33,0.44,0.44,0.36,0.48,0.47,0.57,0.33,1.0,0.0,1.0
frog,0.0,0.25,0.06,0.0,0.0,0.12,0.22,0.22,0.38,0.44,0.33,0.56,0.36,0.56,0.41,0.5,0.67,1.0,1.0,0.0
full,0.0,0.08,0.0,0.0,0.0,0.0,0.0,0.06,0.08,0.11,0.22,0.33,0.0,0.28,0.24,0.36,0.0,0.0,1.0,0.0
game,0.0,0.17,0.0,0.0,0.0,0.0,0.11,0.08,0.17,0.22,0.22,0.22,0.14,0.52,0.29,0.43,0.0,1.0,0.0,0.0
garage,0.0,0.0,0.0,0.25,0.0,0.0,0.11,0.11,0.12,0.0,0.33,0.44,0.21,0.4,0.29,0.21,0.0,1.0,0.0,0.0
garbage,0.0,0.08,0.0,0.0,0.0,0.0,0.22,0.11,0.17,0.0,0.22,0.44,0.14,0.24,0.12,0.14,0.33,0.0,0.0,0.0
garden,0.0,0.0,0.0,0.25,0.0,0.0,0.0,0.03,0.0,0.0,0.11,0.22,0.07,0.12,0.18,0.07,0.0,0.0,0.0,0.0
gasstatn,0.0,0.0,0.0,0.0,0.0,0.12,0.11,0.03,0.08,0.0,0.22,0.33,0.14,0.16,0.12,0.29,0.0,1.0,0.0,0.0
gentle,0.0,0.0,0.0,0.0,0.0,0.0,0.11,0.0,0.04,0.0,0.11,0.22,0.0,0.04,0.18,0.07,0.0,0.0,0.0,0.0
get,0.0,0.25,0.06,0.0,0.0,0.0,0.22,0.11,0.38,0.33,0.33,0.33,0.14,0.52,0.47,0.36,0.33,0.0,1.0,1.0
getted,0.0,0.0,0.0,0.0,0.0,0.0,0.11,0.0,0.04,0.0,0.0,0.0,0.0,0.0,0.0,0.0,0.33,0.0,0.0,0.0
giraffe,0.0,0.08,0.06,0.0,0.0,0.12,0.11,0.17,0.38,0.11,0.22,0.33,0.14,0.44,0.41,0.36,0.67,0.0,1.0,0.0
girl,0.0,0.08,0.06,0.0,0.0,0.25,0.22,0.19,0.25,0.22,0.22,0.33,0.29,0.52,0.53,0.36,0.33,1.0,1.0,0.0
give,0.0,0.17,0.06,0.25,0.14,0.0,0.11,0.11,0.29,0.22,0.44,0.33,0.14,0.44,0.41,0.36,0.33,0.0,1.0,0.0
givemefv,0.0,0.58,0.29,0.25,0.0,0.25,0.33,0.5,0.71,0.56,0.67,0.67,0.5,0.64,0.71,0.71,0.33,1.0,1.0,1.0
glass,0.0,0.17,0.0,0.0,0.0,0.0,0.11,0.14,0.29,0.11,0.22,0.22,0.21,0.48,0.35,0.36,0.0,1.0,1.0,0.0
glasses,0.0,0.0,0.06,0.0,0.14,0.0,0.22,0.11,0.38,0.44,0.22,0.33,0.14,0.36,0.41,0.29,0.33,1.0,1.0,1.0
gloves,0.0,0.0,0.0,0.0,0.0,0.0,0.11,0.06,0.04,0.11,0.33,0.33,0.07,0.16,0.29,0.29,0.0,0.0,0.0,0.0
glue,0.0,0.0,0.06,0.0,0.0,0.0,0.0,0.08,0.04,0.0,0.22,0.44,0.14,0.28,0.65,0.21,0.0,1.0,0.0,0.0
go,0.5,0.42,0.41,0.25,0.29,0.88,0.56,0.58,0.71,0.56,0.56,0.78,0.57,0.72,0.71,0.79,0.67,1.0,1.0,1.0
goed,0.0,0.0,0.0,0.0,0.0,0.0,0.0,0.0,0.08,0.0,0.0,0.0,0.0,0.0,0.12,0.0,0.0,0.0,0.0,0.0
gonna,0.0,0.0,0.0,0.0,0.0,0.12,0.0,0.03,0.12,0.11,0.22,0.22,0.07,0.24,0.35,0.21,0.0,1.0,0.0,1.0
gonnagty,0.0,0.25,0.18,0.0,0.0,0.0,0.33,0.28,0.42,0.44,0.22,0.44,0.14,0.48,0.53,0.29,0.0,1.0,0.0,1.0
good,0.0,0.25,0.24,0.25,0.0,0.0,0.11,0.28,0.42,0.11,0.56,0.44,0.57,0.4,0.59,0.57,0.0,0.0,0.0,0.0
goose,0.0,0.08,0.06,0.0,0.0,0.0,0.0,0.0,0.08,0.22,0.11,0.22,0.0,0.2,0.12,0.14,0.0,0.0,0.0,0.0
gopotty,0.0,0.08,0.12,0.0,0.0,0.12,0.56,0.36,0.46,0.22,0.33,0.44,0.36,0.48,0.53,0.36,0.33,1.0,0.0,0.0
got,0.0,0.0,0.12,0.0,0.0,0.0,0.0,0.06,0.17,0.11,0.22,0.33,0.0,0.32,0.18,0.36,0.0,0.0,1.0,1.0
gotta,0.0,0.0,0.06,0.0,0.0,0.0,0.0,0.03,0.12,0.0,0.11,0.11,0.0,0.04,0.18,0.36,0.0,0.0,0.0,1.0
gotted,0.0,0.0,0.0,0.0,0.0,0.0,0.0,0.0,0.0,0.0,0.0,0.0,0.0,0.0,0.0,0.07,0.0,0.0,0.0,0.0
grandma,0.0,0.33,0.18,0.0,0.43,0.38,0.44,0.5,0.58,0.44,0.56,0.44,0.36,0.64,0.71,0.71,0.33,1.0,1.0,0.0
grandpa,0.0,0.33,0.18,0.0,0.14,0.5,0.33,0.39,0.54,0.44,0.44,0.44,0.21,0.64,0.65,0.5,0.33,1.0,0.0,0.0
grapes,0.0,0.08,0.06,0.0,0.0,0.12,0.44,0.17,0.42,0.33,0.22,0.56,0.21,0.6,0.41,0.5,0.33,1.0,1.0,1.0
grass,0.0,0.08,0.06,0.0,0.0,0.12,0.22,0.03,0.25,0.22,0.44,0.44,0.07,0.44,0.35,0.5,0.33,1.0,0.0,0.0
green,0.0,0.08,0.0,0.0,0.0,0.12,0.22,0.08,0.29,0.0,0.22,0.44,0.29,0.64,0.35,0.36,0.33,0.0,1.0,0.0
greenbns,0.0,0.0,0.0,0.0,0.0,0.0,0.22,0.06,0.12,0.11,0.0,0.22,0.07,0.16,0.24,0.14,0.0,0.0,0.0,0.0
grr,0.5,0.58,0.24,0.75,0.57,0.38,0.67,0.5,0.46,0.44,0.33,0.67,0.36,0.72,0.65,0.5,0.67,0.0,1.0,1.0
gum,0.0,0.17,0.06,0.0,0.0,0.12,0.44,0.11,0.33,0.22,0.11,0.33,0.21,0.56,0.53,0.64,0.0,1.0,0.0,1.0
had,0.0,0.08,0.0,0.0,0.0,0.0,0.0,0.03,0.04,0.0,0.11,0.22,0.0,0.16,0.06,0.29,0.0,0.0,0.0,0.0
hafta,0.0,0.08,0.0,0.0,0.0,0.0,0.0,0.03,0.12,0.0,0.11,0.22,0.0,0.12,0.29,0.29,0.0,0.0,0.0,0.0
hair,0.0,0.33,0.12,0.0,0.0,0.25,0.56,0.31,0.58,0.44,0.44,0.56,0.43,0.72,0.82,0.71,0.33,1.0,1.0,0.0
hamburgr,0.0,0.0,0.0,0.25,0.0,0.12,0.33,0.17,0.33,0.22,0.33,0.44,0.57,0.72,0.47,0.71,0.33,1.0,1.0,1.0
hammer,0.0,0.0,0.0,0.0,0.0,0.0,0.11,0.06,0.25,0.11,0.11,0.33,0.14,0.2,0.24,0.29,0.0,1.0,0.0,0.0
hand,0.0,0.17,0.06,0.0,0.0,0.12,0.44,0.39,0.62,0.44,0.44,0.56,0.43,0.72,0.71,0.71,0.33,1.0,1.0,0.0
happy,0.0,0.08,0.18,0.0,0.0,0.25,0.11,0.25,0.42,0.11,0.56,0.33,0.5,0.6,0.59,0.43,0.33,1.0,1.0,0.0
hard,0.0,0.0,0.0,0.0,0.0,0.0,0.11,0.03,0.17,0.0,0.0,0.22,0.0,0.12,0.18,0.29,0.0,0.0,1.0,0.0
hat,0.5,0.17,0.18,0.25,0.14,0.38,0.44,0.28,0.58,0.44,0.22,0.44,0.36,0.52,0.53,0.64,0.33,1.0,1.0,0.0
hate,0.0,0.0,0.0,0.0,0.0,0.0,0.0,0.0,0.04,0.0,0.11,0.22,0.0,0.04,0.06,0.21,0.0,1.0,0.0,0.0
have,0.0,0.08,0.06,0.0,0.0,0.0,0.0,0.08,0.25,0.22,0.22,0.33,0.07,0.32,0.24,0.14,0.0,0.0,1.0,0.0
haved,0.0,0.0,0.0,0.0,0.0,0.0,0.0,0.03,0.04,0.0,0.0,0.0,0.0,0.0,0.0,0.0,0.0,0.0,0.0,0.0
he,0.0,0.25,0.12,0.0,0.0,0.12,0.0,0.06,0.17,0.11,0.22,0.22,0.07,0.24,0.18,0.21,0.33,1.0,0.0,0.0
head,0.0,0.17,0.12,0.25,0.0,0.25,0.33,0.31,0.46,0.44,0.22,0.56,0.29,0.68,0.59,0.64,0.33,1.0,1.0,0.0
hear,0.0,0.0,0.0,0.0,0.0,0.0,0.0,0.06,0.21,0.0,0.0,0.22,0.0,0.12,0.18,0.21,0.33,1.0,0.0,0.0
heard,0.0,0.0,0.0,0.0,0.0,0.0,0.0,0.03,0.08,0.0,0.0,0.33,0.0,0.08,0.12,0.21,0.0,0.0,0.0,0.0
heared,0.0,0.0,0.0,0.0,0.0,0.0,0.0,0.0,0.0,0.0,0.0,0.0,0.0,0.0,0.0,0.0,0.0,0.0,0.0,0.0
heavy,0.0,0.08,0.06,0.0,0.0,0.12,0.22,0.08,0.29,0.22,0.22,0.33,0.0,0.28,0.41,0.64,0.33,1.0,1.0,0.0
held,0.0,0.0,0.0,0.0,0.0,0.0,0.0,0.03,0.0,0.0,0.0,0.11,0.0,0.04,0.0,0.14,0.0,0.0,0.0,0.0
helicptr,0.0,0.17,0.06,0.0,0.0,0.12,0.33,0.06,0.33,0.33,0.22,0.56,0.07,0.44,0.47,0.43,0.33,1.0,0.0,0.0
hello,0.5,0.58,0.29,0.25,0.29,0.62,0.56,0.75,0.54,0.44,0.78,0.67,0.71,0.84,0.76,0.5,0.67,1.0,1.0,1.0
help,0.0,0.08,0.06,0.0,0.0,0.25,0.22,0.17,0.46,0.44,0.44,0.44,0.29,0.56,0.47,0.64,0.33,0.0,1.0,0.0
hen,0.0,0.0,0.0,0.0,0.0,0.0,0.11,0.03,0.04,0.0,0.0,0.44,0.0,0.12,0.06,0.14,0.67,1.0,0.0,0.0
her,0.0,0.0,0.0,0.0,0.0,0.0,0.0,0.03,0.12,0.0,0.0,0.22,0.07,0.12,0.18,0.14,0.0,1.0,0.0,0.0
here,0.0,0.17,0.06,0.0,0.0,0.25,0.0,0.19,0.29,0.44,0.33,0.33,0.21,0.32,0.41,0.36,0.33,0.0,1.0,0.0
hers,0.0,0.0,0.06,0.0,0.0,0.0,0.0,0.0,0.08,0.11,0.0,0.22,0.0,0.12,0.06,0.21,0.0,0.0,0.0,0.0
hi,1.0,0.67,0.59,0.5,0.57,0.5,0.78,0.69,0.79,1.0,0.89,0.67,0.71,0.84,0.88,0.93,0.67,1.0,1.0,1.0
hide,0.0,0.0,0.06,0.0,0.0,0.12,0.11,0.11,0.17,0.0,0.11,0.22,0.0,0.2,0.24,0.36,0.33,0.0,1.0,0.0
high,0.0,0.08,0.0,0.0,0.0,0.12,0.11,0.03,0.17,0.0,0.11,0.22,0.0,0.24,0.24,0.36,0.33,1.0,0.0,0.0
highchar,0.0,0.08,0.0,0.0,0.0,0.0,0.11,0.06,0.08,0.22,0.0,0.22,0.07,0.12,0.18,0.07,0.0,0.0,1.0,0.0
him,0.0,0.0,0.0,0.0,0.0,0.0,0.0,0.03,0.12,0.0,0.11,0.22,0.07,0.04,0.12,0.14,0.0,1.0,0.0,0.0
his,0.0,0.0,0.06,0.0,0.0,0.0,0.11,0.0,0.12,0.11,0.11,0.22,0.07,0.12,0.06,0.14,0.0,0.0,0.0,0.0
hit,0.0,0.0,0.12,0.0,0.0,0.0,0.33,0.08,0.21,0.0,0.33,0.33,0.14,0.28,0.41,0.36,0.33,1.0,1.0,0.0
hold,0.0,0.0,0.12,0.25,0.0,0.12,0.11,0.06,0.25,0.33,0.22,0.22,0.0,0.28,0.35,0.21,0.33,1.0,1.0,0.0
holded,0.0,0.0,0.0,0.0,0.0,0.0,0.0,0.03,0.0,0.0,0.0,0.0,0.0,0.0,0.06,0.0,0.0,0.0,0.0,0.0
home,0.0,0.17,0.06,0.0,0.0,0.38,0.22,0.31,0.42,0.22,0.44,0.56,0.29,0.6,0.59,0.57,0.33,1.0,1.0,0.0
horse,0.0,0.25,0.24,0.0,0.0,0.5,0.44,0.28,0.54,0.56,0.56,0.78,0.5,0.8,0.65,0.64,1.0,1.0,1.0,0.0
hose,0.0,0.0,0.12,0.0,0.0,0.0,0.11,0.11,0.12,0.0,0.0,0.44,0.0,0.12,0.24,0.21,0.0,0.0,0.0,0.0
hot,0.5,0.42,0.41,0.5,0.29,0.62,0.33,0.44,0.67,0.67,0.33,0.56,0.43,0.72,0.82,0.71,0.67,1.0,1.0,1.0
house,0.0,0.25,0.29,0.25,0.0,0.12,0.11,0.31,0.46,0.33,0.22,0.44,0.43,0.72,0.47,0.64,0.33,0.0,1.0,1.0
how,0.0,0.0,0.0,0.25,0.0,0.0,0.0,0.03,0.04,0.0,0.22,0.11,0.07,0.08,0.12,0.29,0.0,0.0,1.0,0.0
hug,0.0,0.25,0.24,0.0,0.14,0.25,0.56,0.31,0.5,0.44,0.56,0.44,0.21,0.56,0.59,0.57,0.33,1.0,1.0,0.0
hungry,0.0,0.0,0.06,0.0,0.0,0.12,0.22,0.28,0.21,0.11,0.44,0.44,0.14,0.44,0.47,0.57,0.33,1.0,1.0,0.0
hurry,0.0,0.08,0.0,0.0,0.0,0.12,0.11,0.14,0.29,0.22,0.22,0.22,0.14,0.28,0.35,0.36,0.67,1.0,1.0,0.0
hurt,0.0,0.08,0.06,0.0,0.0,0.12,0.33,0.19,0.33,0.22,0.22,0.44,0.07,0.32,0.47,0.43,0.33,1.0,0.0,0.0
i,0.0,0.42,0.18,0.25,0.0,0.5,0.11,0.08,0.25,0.22,0.44,0.33,0.29,0.4,0.41,0.43,0.67,1.0,0.0,1.0
ice,0.0,0.25,0.24,0.0,0.14,0.12,0.44,0.19,0.54,0.22,0.22,0.56,0.21,0.52,0.65,0.57,0.33,1.0,1.0,0.0
icecream,0.5,0.17,0.12,0.0,0.0,0.25,0.56,0.36,0.58,0.56,0.56,0.78,0.43,0.76,0.82,0.86,1.0,1.0,1.0,1.0
if,0.0,0.0,0.0,0.0,0.0,0.0,0.0,0.0,0.0,0.0,0.0,0.11,0.0,0.08,0.0,0.14,0.0,0.0,0.0,0.0
ing,0.0,0.17,0.06,0.0,0.0,0.25,0.44,0.22,0.46,0.33,0.11,0.44,0.14,0.56,0.53,0.64,0.67,1.0,1.0,0.0
inside,0.0,0.08,0.06,0.0,0.0,0.12,0.11,0.08,0.33,0.33,0.33,0.33,0.0,0.32,0.41,0.29,0.0,0.0,1.0,0.0
into,0.0,0.0,0.0,0.0,0.0,0.0,0.0,0.0,0.04,0.0,0.0,0.22,0.0,0.08,0.06,0.14,0.0,0.0,0.0,0.0
is,0.0,0.08,0.0,0.0,0.0,0.0,0.11,0.08,0.21,0.0,0.33,0.33,0.07,0.32,0.18,0.36,0.33,0.0,0.0,1.0
it,0.0,0.08,0.12,0.0,0.0,0.0,0.0,0.11,0.21,0.11,0.11,0.33,0.07,0.2,0.12,0.29,0.0,1.0,0.0,0.0
jacket,0.0,0.25,0.06,0.5,0.0,0.38,0.22,0.25,0.42,0.44,0.44,0.56,0.36,0.56,0.53,0.5,0.0,1.0,1.0,1.0
jar,0.0,0.0,0.06,0.0,0.0,0.0,0.0,0.0,0.0,0.0,0.11,0.22,0.0,0.04,0.18,0.07,0.0,0.0,0.0,0.0
jeans,0.0,0.0,0.0,0.0,0.0,0.12,0.22,0.14,0.08,0.11,0.33,0.33,0.14,0.24,0.35,0.14,0.0,1.0,0.0,0.0
jello,0.0,0.08,0.12,0.0,0.14,0.0,0.22,0.25,0.17,0.11,0.33,0.44,0.14,0.4,0.47,0.43,0.33,1.0,1.0,1.0
jelly,0.0,0.0,0.06,0.0,0.0,0.0,0.11,0.17,0.12,0.11,0.22,0.22,0.0,0.32,0.24,0.29,0.0,1.0,1.0,0.0
juice,0.5,0.33,0.53,0.25,0.57,0.38,0.44,0.42,0.75,0.33,0.67,0.78,0.36,0.76,0.94,0.57,0.33,1.0,0.0,1.0
jump,0.0,0.08,0.12,0.25,0.0,0.12,0.33,0.28,0.46,0.44,0.33,0.56,0.29,0.6,0.71,0.5,0.33,1.0,1.0,0.0
keys,0.0,0.42,0.24,0.25,0.14,0.25,0.56,0.39,0.67,0.44,0.33,0.56,0.29,0.72,0.76,0.79,0.33,1.0,1.0,1.0
kick,0.0,0.08,0.12,0.0,0.0,0.0,0.22,0.08,0.33,0.11,0.33,0.44,0.07,0.44,0.35,0.5,0.33,1.0,0.0,0.0
kiss,0.0,0.33,0.29,0.25,0.14,0.38,0.33,0.44,0.62,0.78,0.67,0.67,0.71,0.84,0.94,0.79,0.33,1.0,1.0,0.0
kitchen,0.0,0.17,0.0,0.25,0.0,0.12,0.44,0.06,0.33,0.11,0.44,0.44,0.21,0.68,0.59,0.43,0.0,1.0,1.0,1.0
kitty,0.0,0.58,0.35,0.25,0.0,0.12,0.33,0.42,0.5,0.44,0.56,0.56,0.64,0.76,0.76,0.5,1.0,1.0,1.0,0.0
knee,0.0,0.08,0.06,0.25,0.0,0.0,0.33,0.03,0.46,0.33,0.22,0.33,0.14,0.32,0.35,0.21,0.33,1.0,1.0,0.0
knife,0.0,0.0,0.0,0.0,0.0,0.12,0.11,0.06,0.17,0.22,0.11,0.33,0.0,0.44,0.35,0.29,0.33,1.0,1.0,0.0
knock,0.0,0.08,0.12,0.0,0.0,0.12,0.11,0.14,0.17,0.22,0.33,0.22,0.0,0.28,0.24,0.36,0.0,1.0,0.0,0.0
ladder,0.0,0.0,0.0,0.0,0.0,0.0,0.0,0.0,0.17,0.0,0.22,0.22,0.0,0.16,0.18,0.14,0.0,1.0,0.0,0.0
lady,0.0,0.08,0.0,0.0,0.0,0.0,0.0,0.08,0.17,0.11,0.0,0.11,0.0,0.2,0.24,0.21,0.0,1.0,0.0,0.0
lamb,0.0,0.08,0.12,0.0,0.0,0.12,0.11,0.08,0.08,0.11,0.22,0.33,0.07,0.16,0.24,0.21,0.67,0.0,0.0,0.0
lamp,0.5,0.08,0.06,0.0,0.0,0.12,0.0,0.08,0.04,0.0,0.11,0.44,0.07,0.24,0.41,0.21,0.0,1.0,0.0,0.0
last,0.0,0.0,0.0,0.0,0.0,0.0,0.0,0.03,0.04,0.0,0.11,0.22,0.0,0.04,0.12,0.07,0.0,0.0,0.0,0.0
later,0.0,0.08,0.06,0.0,0.0,0.0,0.11,0.03,0.08,0.11,0.22,0.33,0.0,0.28,0.24,0.36,0.0,1.0,0.0,0.0
lawnmowr,0.0,0.0,0.0,0.0,0.0,0.0,0.11,0.0,0.12,0.11,0.0,0.33,0.0,0.2,0.24,0.21,0.0,0.0,0.0,0.0
leg,0.0,0.17,0.12,0.25,0.0,0.25,0.33,0.17,0.42,0.33,0.22,0.44,0.14,0.52,0.35,0.29,0.33,1.0,0.0,0.0
lemme,0.0,0.0,0.12,0.0,0.0,0.12,0.0,0.11,0.29,0.11,0.33,0.33,0.07,0.36,0.41,0.71,0.0,1.0,0.0,0.0
lick,0.0,0.0,0.0,0.0,0.0,0.0,0.11,0.03,0.08,0.11,0.11,0.22,0.0,0.08,0.24,0.07,0.33,1.0,0.0,0.0
light,0.5,0.33,0.0,0.25,0.14,0.25,0.44,0.25,0.62,0.44,0.33,0.67,0.29,0.6,0.76,0.71,0.33,1.0,1.0,0.0
like,0.0,0.0,0.0,0.0,0.0,0.0,0.11,0.03,0.21,0.22,0.22,0.44,0.14,0.36,0.29,0.29,0.0,1.0,1.0,0.0
lion,0.0,0.33,0.12,0.25,0.0,0.25,0.44,0.17,0.46,0.22,0.33,0.44,0.43,0.64,0.76,0.5,0.67,1.0,1.0,1.0
lips,0.0,0.08,0.06,0.0,0.0,0.0,0.22,0.06,0.33,0.33,0.33,0.33,0.14,0.44,0.35,0.36,0.33,1.0,1.0,0.0
listen,0.0,0.0,0.12,0.0,0.0,0.0,0.0,0.11,0.25,0.0,0.11,0.33,0.0,0.24,0.47,0.29,0.67,1.0,1.0,0.0
little,0.0,0.08,0.06,0.0,0.0,0.0,0.0,0.06,0.21,0.22,0.22,0.33,0.07,0.24,0.35,0.57,0.33,0.0,0.0,0.0
livingrm,0.0,0.08,0.0,0.0,0.0,0.0,0.11,0.06,0.12,0.11,0.22,0.22,0.07,0.2,0.35,0.29,0.0,0.0,0.0,0.0
lollipop,0.0,0.0,0.0,0.0,0.0,0.0,0.22,0.06,0.12,0.0,0.0,0.33,0.21,0.36,0.35,0.36,0.0,1.0,0.0,0.0
long,0.0,0.0,0.0,0.0,0.0,0.0,0.0,0.03,0.08,0.0,0.0,0.22,0.0,0.08,0.12,0.07,0.0,0.0,0.0,0.0
look,0.0,0.42,0.24,0.25,0.0,0.25,0.33,0.31,0.54,0.44,0.44,0.56,0.36,0.68,0.59,0.57,0.67,1.0,1.0,0.0
losed,0.0,0.0,0.0,0.0,0.0,0.0,0.0,0.0,0.0,0.0,0.0,0.0,0.0,0.0,0.0,0.0,0.0,1.0,0.0,0.0
lost,0.0,0.0,0.0,0.0,0.0,0.12,0.22,0.03,0.04,0.0,0.0,0.22,0.07,0.24,0.29,0.36,0.0,1.0,0.0,0.0
losted,0.0,0.0,0.0,0.0,0.0,0.12,0.0,0.0,0.04,0.0,0.0,0.0,0.0,0.04,0.06,0.07,0.0,0.0,0.0,0.0
loud,0.0,0.08,0.0,0.0,0.0,0.0,0.22,0.03,0.12,0.0,0.11,0.22,0.0,0.24,0.18,0.21,0.0,0.0,0.0,0.0
love,0.0,0.08,0.24,0.0,0.0,0.5,0.11,0.22,0.38,0.44,0.78,0.44,0.43,0.64,0.59,0.71,0.67,1.0,1.0,0.0
lunch,0.0,0.0,0.0,0.0,0.0,0.12,0.11,0.14,0.17,0.0,0.11,0.33,0.29,0.24,0.41,0.14,0.33,1.0,0.0,1.0
mad,0.0,0.08,0.0,0.0,0.0,0.0,0.22,0.0,0.21,0.0,0.11,0.22,0.07,0.24,0.24,0.36,0.0,1.0,0.0,0.0
made,0.0,0.0,0.0,0.0,0.0,0.0,0.0,0.06,0.12,0.0,0.22,0.0,0.0,0.16,0.24,0.21,0.0,0.0,0.0,0.0
mailman,0.0,0.0,0.0,0.0,0.0,0.0,0.0,0.03,0.08,0.0,0.11,0.33,0.0,0.16,0.29,0.29,0.0,1.0,0.0,0.0
make,0.0,0.0,0.0,0.0,0.0,0.0,0.0,0.03,0.25,0.0,0.11,0.22,0.0,0.2,0.24,0.29,0.0,0.0,1.0,0.0
maked,0.0,0.0,0.0,0.0,0.0,0.0,0.0,0.0,0.0,0.0,0.0,0.0,0.0,0.04,0.06,0.0,0.0,0.0,0.0,0.0
man,0.0,0.08,0.12,0.0,0.0,0.12,0.22,0.19,0.25,0.11,0.22,0.22,0.21,0.36,0.41,0.36,0.0,1.0,0.0,0.0
mans,0.0,0.0,0.06,0.0,0.0,0.0,0.0,0.0,0.04,0.0,0.22,0.0,0.0,0.0,0.12,0.14,0.0,0.0,0.0,0.0
me,0.0,0.42,0.35,0.0,0.14,0.25,0.22,0.47,0.67,0.22,0.33,0.67,0.43,0.56,0.65,0.5,0.33,1.0,0.0,1.0
meat,0.0,0.08,0.0,0.0,0.0,0.12,0.11,0.03,0.17,0.22,0.11,0.33,0.0,0.28,0.24,0.29,0.33,0.0,1.0,0.0
medicine,0.0,0.0,0.06,0.0,0.0,0.12,0.22,0.28,0.42,0.44,0.11,0.56,0.21,0.6,0.59,0.57,0.33,1.0,1.0,0.0
melon,0.0,0.0,0.0,0.25,0.0,0.0,0.33,0.03,0.12,0.0,0.22,0.33,0.07,0.28,0.35,0.14,0.33,0.0,0.0,0.0
men,0.5,0.0,0.12,0.0,0.0,0.0,0.11,0.11,0.08,0.11,0.11,0.11,0.0,0.16,0.24,0.14,0.33,0.0,0.0,1.0
mens,0.0,0.0,0.06,0.0,0.0,0.0,0.0,0.03,0.04,0.0,0.11,0.0,0.0,0.04,0.12,0.0,0.0,0.0,0.0,0.0
meow,0.0,0.58,0.35,0.5,0.43,0.25,0.78,0.58,0.79,0.78,0.78,0.78,0.71,0.96,0.82,0.86,1.0,1.0,1.0,0.0
mice,0.0,0.08,0.06,0.0,0.0,0.0,0.0,0.03,0.04,0.11,0.0,0.11,0.0,0.0,0.06,0.0,0.0,0.0,0.0,0.0
mices,0.0,0.0,0.0,0.0,0.0,0.0,0.0,0.03,0.0,0.0,0.0,0.0,0.0,0.0,0.06,0.0,0.0,0.0,0.0,0.0
milk,0.5,0.42,0.35,0.5,0.14,0.38,0.44,0.31,0.67,0.56,0.67,0.78,0.57,0.76,0.71,0.71,0.67,1.0,1.0,1.0
mine,0.0,0.42,0.35,0.25,0.29,0.38,0.56,0.53,0.71,0.44,0.67,0.56,0.57,0.76,0.94,0.79,0.67,1.0,0.0,1.0
mittens,0.0,0.0,0.0,0.0,0.0,0.12,0.11,0.03,0.04,0.0,0.11,0.22,0.0,0.16,0.12,0.14,0.0,0.0,0.0,0.0
mommy,0.5,0.83,0.59,0.5,0.86,0.75,0.78,0.83,0.75,0.78,0.89,0.89,0.79,0.8,0.94,0.79,0.33,1.0,1.0,1.0
money,0.0,0.25,0.18,0.0,0.14,0.12,0.33,0.39,0.58,0.44,0.56,0.67,0.57,0.64,0.71,0.79,1.0,1.0,1.0,1.0
monkey,0.0,0.33,0.18,0.25,0.0,0.12,0.33,0.47,0.58,0.33,0.67,0.67,0.57,0.88,0.88,0.64,0.67,1.0,1.0,1.0
moo,0.0,0.75,0.71,0.5,0.71,0.5,0.56,0.61,0.71,0.78,0.67,0.67,0.57,0.84,0.76,0.79,0.67,1.0,1.0,1.0
moon,0.5,0.25,0.29,0.25,0.29,0.5,0.33,0.36,0.54,0.44,0.44,0.56,0.36,0.68,0.65,0.64,0.33,1.0,0.0,1.0
moose,0.0,0.17,0.06,0.0,0.0,0.0,0.22,0.03,0.04,0.0,0.11,0.22,0.0,0.32,0.12,0.07,0.0,0.0,0.0,0.0
mop,0.0,0.0,0.12,0.0,0.0,0.0,0.11,0.03,0.08,0.11,0.0,0.22,0.0,0.08,0.24,0.21,0.0,0.0,0.0,0.0
more,0.5,0.25,0.18,0.0,0.29,0.38,0.33,0.33,0.54,0.44,0.56,0.78,0.29,0.68,0.71,0.57,0.33,1.0,1.0,0.0
morning,0.0,0.08,0.12,0.0,0.0,0.0,0.22,0.17,0.12,0.11,0.56,0.33,0.21,0.36,0.29,0.29,0.33,0.0,0.0,1.0
motrcycl,0.0,0.0,0.12,0.25,0.0,0.0,0.22,0.17,0.33,0.22,0.22,0.56,0.07,0.52,0.41,0.43,0.0,1.0,0.0,0.0
mouse,0.0,0.17,0.18,0.25,0.0,0.12,0.22,0.25,0.38,0.22,0.22,0.44,0.5,0.48,0.47,0.57,0.67,1.0,1.0,0.0
mouses,0.0,0.0,0.0,0.0,0.0,0.0,0.0,0.03,0.04,0.0,0.11,0.11,0.0,0.0,0.06,0.0,0.0,0.0,0.0,0.0
mouth,0.0,0.33,0.18,0.25,0.0,0.38,0.44,0.33,0.62,0.33,0.44,0.56,0.36,0.76,0.76,0.64,0.33,1.0,1.0,0.0
movie,0.0,0.17,0.06,0.0,0.0,0.12,0.11,0.28,0.33,0.11,0.67,0.33,0.43,0.6,0.76,0.64,0.33,1.0,1.0,1.0
much,0.5,0.08,0.0,0.0,0.0,0.0,0.22,0.06,0.08,0.0,0.11,0.33,0.0,0.0,0.41,0.21,0.0,0.0,1.0,0.0
muffin,0.0,0.0,0.0,0.0,0.0,0.0,0.0,0.03,0.12,0.11,0.11,0.22,0.07,0.2,0.12,0.07,0.0,0.0,0.0,0.0
my,0.0,0.17,0.35,0.0,0.0,0.12,0.0,0.33,0.29,0.33,0.44,0.56,0.36,0.52,0.47,0.29,0.33,1.0,1.0,0.0
myself,0.0,0.0,0.0,0.0,0.0,0.0,0.0,0.0,0.04,0.0,0.0,0.11,0.0,0.2,0.18,0.21,0.0,0.0,0.0,0.0
nail,0.0,0.0,0.0,0.0,0.0,0.0,0.11,0.03,0.12,0.0,0.11,0.33,0.0,0.2,0.24,0.14,0.33,0.0,0.0,0.0
namepet,0.0,0.25,0.12,0.25,0.0,0.38,0.22,0.36,0.46,0.33,0.44,0.44,0.29,0.44,0.47,0.5,0.0,1.0,1.0,0.0
nameself,0.0,0.42,0.29,0.0,0.0,0.12,0.33,0.5,0.46,0.44,0.67,0.56,0.5,0.88,0.82,0.71,0.67,1.0,1.0,1.0
namesttr,0.0,0.08,0.12,0.0,0.0,0.0,0.22,0.25,0.29,0.11,0.22,0.22,0.21,0.36,0.35,0.29,0.33,1.0,0.0,0.0
nap,0.0,0.0,0.12,0.0,0.0,0.12,0.22,0.17,0.29,0.22,0.11,0.33,0.21,0.36,0.41,0.36,0.33,1.0,0.0,0.0
napkin,0.0,0.08,0.06,0.0,0.0,0.12,0.33,0.11,0.25,0.22,0.33,0.44,0.14,0.32,0.47,0.21,0.0,1.0,0.0,1.0
naughty,0.0,0.0,0.0,0.0,0.0,0.0,0.0,0.0,0.0,0.0,0.0,0.11,0.07,0.0,0.06,0.07,0.0,0.0,0.0,0.0
necklace,0.0,0.0,0.0,0.0,0.0,0.12,0.22,0.08,0.12,0.11,0.22,0.22,0.0,0.24,0.29,0.14,0.0,1.0,0.0,0.0
need,0.0,0.08,0.12,0.0,0.0,0.0,0.0,0.03,0.17,0.0,0.22,0.22,0.21,0.16,0.18,0.36,0.0,1.0,1.0,0.0
new,0.0,0.08,0.06,0.0,0.0,0.0,0.0,0.06,0.0,0.0,0.11,0.22,0.14,0.04,0.12,0.29,0.0,0.0,0.0,0.0
nextto,0.0,0.0,0.0,0.0,0.0,0.0,0.0,0.03,0.04,0.0,0.11,0.22,0.0,0.08,0.12,0.14,0.0,0.0,0.0,0.0
nghtnght,0.0,0.5,0.35,0.0,0.14,0.5,0.44,0.42,0.67,0.56,0.56,0.56,0.36,0.64,0.82,0.64,0.67,1.0,1.0,0.0
nice,0.0,0.08,0.06,0.0,0.0,0.0,0.22,0.11,0.17,0.0,0.33,0.33,0.14,0.44,0.29,0.21,0.0,1.0,0.0,0.0
night,0.0,0.25,0.24,0.0,0.0,0.38,0.11,0.17,0.38,0.22,0.56,0.33,0.21,0.6,0.59,0.36,0.33,1.0,1.0,1.0
no,0.5,0.83,0.76,0.5,0.57,0.88,0.67,0.75,0.83,1.0,0.78,0.56,0.79,0.8,0.82,0.86,1.0,1.0,1.0,1.0
noisy,0.0,0.0,0.0,0.0,0.0,0.0,0.11,0.03,0.08,0.0,0.11,0.33,0.0,0.0,0.12,0.14,0.0,0.0,0.0,0.0
none,0.0,0.0,0.0,0.0,0.0,0.12,0.0,0.0,0.08,0.0,0.11,0.22,0.0,0.12,0.12,0.14,0.0,0.0,0.0,0.0
noodles,0.0,0.08,0.0,0.0,0.0,0.0,0.0,0.14,0.12,0.0,0.22,0.33,0.0,0.2,0.29,0.21,0.0,0.0,0.0,0.0
nose,0.0,0.67,0.47,0.25,0.14,0.5,0.44,0.5,0.62,0.56,0.33,0.44,0.5,0.92,0.76,0.71,0.33,1.0,1.0,0.0
not,0.5,0.17,0.12,0.0,0.0,0.0,0.0,0.11,0.25,0.22,0.22,0.22,0.07,0.2,0.18,0.5,0.0,0.0,1.0,0.0
now,0.0,0.08,0.0,0.0,0.0,0.25,0.11,0.11,0.21,0.11,0.11,0.44,0.14,0.4,0.29,0.5,0.33,1.0,0.0,0.0
nurse,0.0,0.0,0.0,0.0,0.0,0.0,0.11,0.0,0.0,0.0,0.0,0.11,0.07,0.08,0.12,0.14,0.0,0.0,0.0,0.0
nuts,0.0,0.0,0.06,0.0,0.0,0.0,0.11,0.06,0.17,0.0,0.22,0.33,0.0,0.28,0.12,0.14,0.0,0.0,0.0,0.0
of,0.0,0.0,0.06,0.0,0.0,0.0,0.0,0.0,0.04,0.0,0.0,0.22,0.0,0.2,0.06,0.21,0.0,0.0,0.0,0.0
off,0.0,0.17,0.12,0.0,0.0,0.25,0.44,0.11,0.33,0.22,0.33,0.56,0.14,0.4,0.47,0.5,0.0,0.0,0.0,0.0
old,0.0,0.0,0.0,0.0,0.0,0.0,0.0,0.06,0.0,0.0,0.0,0.22,0.07,0.08,0.12,0.21,0.0,0.0,0.0,0.0
on,0.0,0.08,0.24,0.0,0.0,0.25,0.22,0.14,0.38,0.22,0.33,0.56,0.07,0.44,0.35,0.64,0.33,1.0,0.0,0.0
ontopof,0.0,0.0,0.0,0.0,0.0,0.0,0.0,0.03,0.08,0.0,0.0,0.33,0.0,0.12,0.12,0.21,0.0,0.0,0.0,0.0
open,0.5,0.25,0.18,0.25,0.0,0.5,0.44,0.36,0.62,0.44,0.78,0.67,0.57,0.72,0.65,0.71,0.67,1.0,1.0,1.0
orange1,0.0,0.08,0.06,0.5,0.0,0.0,0.22,0.31,0.5,0.33,0.44,0.67,0.43,0.76,0.88,0.79,0.67,1.0,1.0,1.0
orange2,0.0,0.08,0.06,0.25,0.0,0.12,0.22,0.22,0.29,0.11,0.33,0.78,0.36,0.64,0.71,0.43,0.33,1.0,1.0,0.0
other,0.0,0.0,0.06,0.0,0.0,0.0,0.0,0.03,0.08,0.0,0.22,0.11,0.07,0.04,0.18,0.21,0.0,0.0,1.0,0.0
ouch,0.0,0.5,0.24,0.5,0.57,0.5,0.44,0.56,0.79,0.67,0.44,0.56,0.5,0.8,0.76,0.57,0.67,1.0,1.0,1.0
our,0.0,0.0,0.0,0.0,0.0,0.0,0.0,0.0,0.04,0.0,0.0,0.11,0.0,0.08,0.18,0.14,0.0,0.0,0.0,0.0
out,0.0,0.17,0.12,0.0,0.14,0.12,0.33,0.17,0.29,0.11,0.33,0.44,0.14,0.4,0.47,0.64,0.0,0.0,0.0,0.0
outside,0.0,0.33,0.12,0.0,0.14,0.0,0.33,0.22,0.42,0.44,0.22,0.44,0.21,0.6,0.53,0.64,0.33,1.0,1.0,0.0
oven,0.0,0.0,0.0,0.0,0.0,0.0,0.0,0.06,0.21,0.11,0.22,0.33,0.0,0.12,0.35,0.14,0.0,1.0,0.0,0.0
over,0.0,0.08,0.0,0.0,0.0,0.12,0.0,0.03,0.08,0.0,0.22,0.22,0.07,0.28,0.24,0.14,0.0,0.0,0.0,0.0
owie,0.0,0.25,0.18,0.0,0.43,0.5,0.44,0.22,0.46,0.56,0.33,0.22,0.14,0.56,0.41,0.21,0.33,1.0,0.0,0.0
owl,0.0,0.08,0.18,0.0,0.0,0.0,0.11,0.06,0.25,0.33,0.11,0.44,0.14,0.48,0.24,0.36,0.0,0.0,1.0,0.0
paint,0.0,0.08,0.0,0.0,0.0,0.0,0.0,0.08,0.25,0.11,0.11,0.33,0.21,0.4,0.35,0.36,0.0,0.0,1.0,0.0
pajamas,0.5,0.17,0.18,0.0,0.0,0.25,0.33,0.14,0.33,0.22,0.33,0.56,0.21,0.56,0.53,0.5,0.0,1.0,0.0,1.0
pancake,0.0,0.08,0.12,0.0,0.0,0.12,0.22,0.17,0.38,0.11,0.44,0.33,0.57,0.68,0.65,0.57,0.67,1.0,0.0,0.0
pants,0.0,0.42,0.06,0.25,0.0,0.25,0.33,0.22,0.38,0.33,0.67,0.44,0.36,0.72,0.59,0.57,0.33,1.0,1.0,0.0
paper,0.0,0.08,0.12,0.0,0.0,0.12,0.44,0.22,0.42,0.44,0.56,0.56,0.21,0.56,0.71,0.64,0.67,1.0,1.0,1.0
park,0.0,0.08,0.29,0.25,0.0,0.25,0.33,0.31,0.42,0.33,0.56,0.44,0.43,0.68,0.71,0.64,0.33,1.0,1.0,0.0
party,0.0,0.08,0.06,0.0,0.14,0.0,0.33,0.22,0.38,0.0,0.56,0.22,0.36,0.64,0.53,0.64,0.0,1.0,1.0,1.0
pattycak,0.0,0.42,0.18,0.0,0.0,0.12,0.22,0.25,0.33,0.22,0.22,0.22,0.07,0.36,0.41,0.36,0.0,1.0,1.0,0.0
peas,0.0,0.17,0.0,0.25,0.0,0.12,0.22,0.08,0.17,0.0,0.22,0.22,0.07,0.32,0.18,0.14,0.0,0.0,0.0,0.0
peekaboo,0.0,0.5,0.29,0.0,0.29,0.38,0.67,0.61,0.58,0.44,0.67,0.56,0.5,0.8,0.76,0.64,1.0,1.0,1.0,1.0
pen,0.0,0.17,0.18,0.0,0.0,0.12,0.11,0.14,0.38,0.44,0.33,0.67,0.29,0.68,0.59,0.43,0.67,0.0,0.0,1.0
pencil,0.0,0.25,0.06,0.0,0.0,0.0,0.22,0.14,0.33,0.44,0.22,0.44,0.36,0.52,0.53,0.64,0.67,0.0,0.0,0.0
penguin,0.0,0.08,0.06,0.0,0.0,0.0,0.11,0.08,0.21,0.0,0.22,0.44,0.14,0.2,0.24,0.21,0.67,0.0,1.0,1.0
penis,0.0,0.17,0.12,0.0,0.0,0.0,0.22,0.11,0.12,0.11,0.22,0.22,0.14,0.36,0.35,0.29,0.0,1.0,0.0,0.0
penny,0.0,0.0,0.0,0.0,0.0,0.12,0.11,0.33,0.33,0.33,0.44,0.33,0.14,0.44,0.29,0.57,0.33,1.0,0.0,1.0
pentbttr,0.0,0.0,0.06,0.0,0.0,0.0,0.22,0.14,0.17,0.22,0.0,0.22,0.14,0.48,0.53,0.43,0.33,1.0,0.0,1.0
people,0.0,0.08,0.0,0.0,0.0,0.0,0.11,0.03,0.17,0.0,0.11,0.22,0.07,0.2,0.24,0.21,0.67,0.0,0.0,0.0
person,0.0,0.0,0.0,0.0,0.0,0.0,0.0,0.03,0.04,0.0,0.0,0.11,0.0,0.08,0.06,0.07,0.0,0.0,0.0,0.0
pick,0.0,0.0,0.0,0.0,0.0,0.0,0.0,0.08,0.04,0.0,0.11,0.33,0.0,0.08,0.24,0.14,0.0,0.0,0.0,0.0
pickle,0.0,0.17,0.0,0.0,0.0,0.12,0.22,0.17,0.25,0.22,0.11,0.11,0.0,0.44,0.41,0.5,0.0,1.0,1.0,1.0
picnic,0.0,0.0,0.0,0.0,0.0,0.0,0.11,0.03,0.04,0.0,0.11,0.22,0.07,0.12,0.29,0.07,0.0,0.0,0.0,0.0
picture,0.0,0.17,0.0,0.0,0.0,0.0,0.33,0.14,0.38,0.22,0.33,0.44,0.29,0.56,0.59,0.64,0.33,1.0,1.0,0.0
pig,0.0,0.17,0.35,0.25,0.0,0.5,0.22,0.17,0.46,0.22,0.44,0.67,0.5,0.64,0.88,0.57,0.67,1.0,1.0,0.0
pillow,0.0,0.25,0.12,0.0,0.0,0.38,0.44,0.31,0.33,0.44,0.44,0.44,0.36,0.48,0.65,0.64,0.33,1.0,1.0,1.0
pizza,0.5,0.17,0.18,0.25,0.0,0.5,0.44,0.61,0.75,0.67,0.78,0.67,0.93,1.0,1.0,1.0,1.0,1.0,1.0,1.0
plant,0.0,0.0,0.12,0.25,0.0,0.0,0.11,0.08,0.17,0.11,0.33,0.22,0.07,0.28,0.29,0.29,0.0,1.0,1.0,0.0
plate,0.0,0.17,0.0,0.0,0.0,0.12,0.33,0.08,0.29,0.22,0.22,0.22,0.14,0.44,0.35,0.29,0.0,1.0,1.0,0.0
play,0.0,0.25,0.12,0.0,0.0,0.25,0.33,0.31,0.42,0.22,0.56,0.56,0.5,0.72,0.53,0.71,0.33,1.0,1.0,0.0
playdogh,0.0,0.0,0.0,0.0,0.0,0.0,0.0,0.08,0.25,0.0,0.33,0.22,0.07,0.28,0.18,0.07,0.0,1.0,0.0,0.0
playgrnd,0.0,0.0,0.06,0.0,0.0,0.0,0.11,0.06,0.12,0.0,0.11,0.33,0.14,0.16,0.24,0.14,0.0,1.0,0.0,1.0
playpen,0.0,0.0,0.0,0.0,0.0,0.0,0.0,0.0,0.0,0.0,0.0,0.22,0.07,0.04,0.12,0.07,0.0,0.0,0.0,0.0
please,0.5,0.25,0.41,0.5,0.0,0.62,0.56,0.47,0.71,0.56,0.67,0.67,0.79,0.96,0.94,1.0,0.67,1.0,1.0,1.0
police,0.0,0.0,0.0,0.0,0.0,0.12,0.0,0.14,0.12,0.22,0.44,0.44,0.21,0.56,0.65,0.57,0.33,0.0,0.0,1.0
pony,0.0,0.08,0.12,0.0,0.0,0.12,0.0,0.11,0.17,0.11,0.11,0.33,0.14,0.44,0.29,0.14,0.0,0.0,0.0,0.0
pool,0.0,0.08,0.18,0.0,0.0,0.25,0.33,0.14,0.42,0.33,0.22,0.33,0.07,0.4,0.65,0.43,0.33,1.0,0.0,1.0
poor,0.0,0.0,0.0,0.0,0.0,0.0,0.0,0.0,0.04,0.0,0.11,0.22,0.0,0.04,0.12,0.14,0.33,0.0,0.0,0.0
popcorn,0.0,0.08,0.12,0.0,0.0,0.12,0.56,0.22,0.33,0.22,0.11,0.33,0.43,0.68,0.65,0.71,0.67,1.0,1.0,1.0
popsicle,0.0,0.0,0.06,0.0,0.0,0.12,0.22,0.19,0.42,0.0,0.11,0.33,0.14,0.28,0.29,0.21,0.0,1.0,0.0,0.0
porch,0.0,0.0,0.0,0.0,0.0,0.0,0.0,0.03,0.04,0.0,0.11,0.33,0.0,0.04,0.12,0.14,0.0,1.0,0.0,0.0
potatchp,0.0,0.08,0.06,0.0,0.0,0.0,0.22,0.14,0.29,0.33,0.44,0.33,0.14,0.48,0.29,0.43,0.33,1.0,0.0,1.0
potato,0.0,0.25,0.0,0.25,0.0,0.0,0.11,0.08,0.29,0.0,0.11,0.56,0.29,0.52,0.59,0.29,0.33,1.0,1.0,0.0
potty,0.0,0.08,0.12,0.0,0.14,0.25,0.33,0.22,0.42,0.44,0.44,0.44,0.21,0.36,0.41,0.43,0.33,1.0,0.0,0.0
pour,0.0,0.0,0.0,0.0,0.0,0.0,0.0,0.03,0.04,0.0,0.0,0.22,0.0,0.16,0.18,0.07,0.0,1.0,0.0,0.0
present,0.0,0.08,0.0,0.0,0.0,0.0,0.22,0.11,0.29,0.11,0.11,0.22,0.07,0.36,0.35,0.21,0.33,1.0,0.0,0.0
pretend,0.0,0.0,0.0,0.0,0.0,0.0,0.0,0.0,0.04,0.0,0.0,0.11,0.0,0.04,0.06,0.07,0.0,0.0,0.0,0.0
pretty,0.0,0.25,0.06,0.0,0.14,0.12,0.22,0.22,0.29,0.22,0.11,0.33,0.14,0.4,0.47,0.43,0.33,0.0,1.0,0.0
pretzel,0.0,0.0,0.0,0.0,0.0,0.12,0.22,0.03,0.08,0.11,0.11,0.22,0.07,0.36,0.18,0.14,0.0,1.0,0.0,0.0
pudding,0.0,0.0,0.0,0.0,0.0,0.0,0.0,0.06,0.04,0.11,0.11,0.33,0.21,0.08,0.24,0.21,0.0,0.0,0.0,0.0
pull,0.0,0.0,0.12,0.0,0.0,0.12,0.11,0.08,0.12,0.11,0.22,0.33,0.07,0.12,0.24,0.21,0.0,0.0,1.0,0.0
pumpkin,0.0,0.08,0.0,0.0,0.0,0.0,0.11,0.03,0.21,0.0,0.22,0.33,0.21,0.32,0.24,0.14,0.0,1.0,0.0,0.0
puppy,0.0,0.42,0.29,0.25,0.14,0.38,0.44,0.42,0.42,0.67,0.33,0.67,0.64,0.8,0.82,0.79,0.67,1.0,0.0,0.0
purse,0.0,0.0,0.06,0.0,0.0,0.12,0.22,0.08,0.29,0.33,0.11,0.33,0.0,0.32,0.35,0.5,0.0,1.0,0.0,0.0
push,0.0,0.17,0.12,0.0,0.0,0.25,0.33,0.17,0.42,0.11,0.44,0.56,0.43,0.48,0.24,0.36,0.33,1.0,1.0,0.0
put,0.0,0.0,0.06,0.0,0.0,0.0,0.0,0.08,0.17,0.11,0.22,0.33,0.07,0.12,0.12,0.21,0.0,0.0,1.0,0.0
puzzle,0.0,0.0,0.0,0.0,0.0,0.12,0.0,0.08,0.33,0.22,0.44,0.22,0.14,0.4,0.29,0.5,0.0,1.0,1.0,0.0
quackqck,0.0,0.58,0.29,0.5,0.29,0.5,0.78,0.53,0.58,0.67,0.78,0.78,0.64,0.92,0.82,0.71,0.67,1.0,1.0,0.0
quiet,0.0,0.08,0.0,0.0,0.0,0.0,0.22,0.06,0.17,0.11,0.22,0.22,0.0,0.2,0.47,0.36,0.33,1.0,1.0,0.0
radio,0.0,0.0,0.0,0.0,0.0,0.12,0.11,0.22,0.29,0.11,0.11,0.56,0.21,0.44,0.41,0.43,0.67,1.0,1.0,0.0
rain,0.5,0.17,0.12,0.5,0.0,0.25,0.33,0.31,0.58,0.44,0.56,0.67,0.29,0.68,0.71,0.71,0.33,1.0,1.0,0.0
raisin,0.0,0.0,0.06,0.0,0.0,0.12,0.22,0.17,0.38,0.11,0.11,0.33,0.14,0.4,0.24,0.21,0.0,0.0,0.0,0.0
ran,0.0,0.0,0.0,0.0,0.0,0.0,0.11,0.0,0.04,0.0,0.11,0.0,0.07,0.12,0.29,0.29,0.0,0.0,0.0,0.0
ranned,0.0,0.0,0.0,0.0,0.0,0.0,0.0,0.0,0.0,0.0,0.0,0.0,0.0,0.0,0.0,0.0,0.0,0.0,0.0,0.0
rckngchr,0.0,0.0,0.0,0.0,0.0,0.12,0.0,0.03,0.08,0.0,0.0,0.22,0.0,0.16,0.24,0.14,0.0,1.0,0.0,0.0
read,0.0,0.0,0.18,0.0,0.0,0.25,0.22,0.11,0.33,0.0,0.11,0.22,0.21,0.36,0.35,0.57,0.33,0.0,1.0,0.0
red,0.5,0.08,0.0,0.0,0.0,0.12,0.22,0.14,0.29,0.11,0.22,0.56,0.36,0.6,0.47,0.5,0.33,1.0,1.0,0.0
refrgrtr,0.0,0.08,0.0,0.25,0.0,0.12,0.22,0.22,0.33,0.0,0.44,0.44,0.36,0.52,0.47,0.36,0.0,1.0,1.0,0.0
ride,0.0,0.0,0.06,0.0,0.0,0.0,0.22,0.06,0.21,0.0,0.0,0.33,0.0,0.24,0.24,0.29,0.0,1.0,0.0,0.0
rip,0.0,0.0,0.06,0.0,0.0,0.0,0.0,0.0,0.0,0.0,0.0,0.22,0.0,0.0,0.18,0.07,0.0,0.0,0.0,0.0
rock,0.0,0.25,0.06,0.0,0.0,0.12,0.33,0.11,0.33,0.22,0.11,0.22,0.0,0.32,0.53,0.36,0.33,1.0,1.0,0.0
roof,0.0,0.0,0.0,0.0,0.0,0.0,0.0,0.03,0.04,0.0,0.0,0.22,0.0,0.12,0.12,0.14,0.0,1.0,0.0,0.0
room,0.0,0.08,0.06,0.25,0.0,0.0,0.22,0.14,0.42,0.22,0.44,0.33,0.0,0.36,0.29,0.43,0.0,1.0,0.0,0.0
rooster,0.0,0.08,0.0,0.0,0.0,0.0,0.0,0.06,0.04,0.0,0.22,0.22,0.07,0.16,0.06,0.21,0.33,0.0,0.0,0.0
run,0.0,0.08,0.18,0.0,0.0,0.12,0.22,0.22,0.33,0.33,0.22,0.44,0.21,0.52,0.53,0.5,0.0,1.0,1.0,0.0
runned,0.0,0.0,0.0,0.0,0.0,0.0,0.0,0.0,0.04,0.0,0.0,0.0,0.0,0.0,0.12,0.0,0.0,0.0,0.0,0.0
sad,0.0,0.0,0.0,0.0,0.0,0.0,0.11,0.06,0.12,0.0,0.11,0.22,0.0,0.2,0.29,0.43,0.33,1.0,0.0,0.0
salt,0.5,0.0,0.06,0.0,0.0,0.0,0.11,0.14,0.12,0.0,0.11,0.44,0.0,0.32,0.41,0.14,0.0,0.0,1.0,0.0
same,0.0,0.0,0.0,0.0,0.0,0.0,0.0,0.03,0.08,0.0,0.11,0.22,0.0,0.16,0.18,0.14,0.33,0.0,1.0,0.0
sandbox,0.0,0.0,0.0,0.0,0.0,0.0,0.0,0.08,0.08,0.0,0.11,0.44,0.0,0.08,0.24,0.21,0.0,1.0,0.0,0.0
sandwich,0.0,0.08,0.0,0.0,0.0,0.0,0.11,0.17,0.21,0.33,0.44,0.44,0.5,0.72,0.71,0.57,0.33,1.0,1.0,1.0
sat,0.0,0.0,0.0,0.0,0.0,0.0,0.0,0.03,0.04,0.0,0.0,0.0,0.0,0.04,0.24,0.14,0.0,0.0,0.0,0.0
satted,0.0,0.0,0.0,0.0,0.0,0.0,0.0,0.0,0.0,0.0,0.0,0.0,0.0,0.0,0.0,0.0,0.0,0.0,0.0,0.0
sauce,0.0,0.0,0.0,0.0,0.0,0.0,0.22,0.0,0.0,0.0,0.0,0.22,0.0,0.08,0.18,0.07,0.0,0.0,0.0,0.0
saw,0.0,0.0,0.0,0.0,0.0,0.0,0.0,0.0,0.12,0.0,0.11,0.11,0.0,0.2,0.24,0.21,0.0,0.0,0.0,0.0
say,0.0,0.0,0.0,0.0,0.0,0.0,0.0,0.08,0.21,0.0,0.0,0.44,0.0,0.16,0.29,0.29,0.0,0.0,0.0,0.0
scared,0.0,0.08,0.0,0.0,0.0,0.0,0.22,0.08,0.12,0.11,0.22,0.33,0.14,0.4,0.24,0.43,0.33,1.0,0.0,1.0
scarf,0.0,0.0,0.0,0.0,0.0,0.0,0.0,0.0,0.04,0.0,0.0,0.22,0.0,0.04,0.0,0.07,0.0,0.0,0.0,0.0
school,0.0,0.17,0.12,0.0,0.14,0.25,0.22,0.33,0.46,0.22,0.56,0.44,0.43,0.68,0.71,0.79,0.33,1.0,1.0,1.0
scissors,0.0,0.0,0.0,0.0,0.0,0.0,0.0,0.06,0.21,0.0,0.11,0.44,0.14,0.24,0.35,0.36,0.0,1.0,0.0,0.0
see,0.0,0.33,0.18,0.0,0.0,0.12,0.11,0.17,0.38,0.11,0.22,0.33,0.14,0.52,0.47,0.36,0.33,1.0,1.0,0.0
seed,0.0,0.0,0.0,0.0,0.0,0.0,0.0,0.0,0.0,0.0,0.11,0.0,0.0,0.0,0.0,0.0,0.0,0.0,0.0,0.0
shake,0.0,0.08,0.06,0.0,0.0,0.0,0.0,0.06,0.08,0.11,0.11,0.22,0.0,0.2,0.35,0.21,0.0,0.0,1.0,0.0
share,0.0,0.0,0.0,0.0,0.0,0.0,0.0,0.06,0.25,0.22,0.0,0.33,0.07,0.16,0.24,0.21,0.0,0.0,0.0,0.0
she,0.0,0.0,0.0,0.0,0.0,0.0,0.0,0.03,0.12,0.11,0.11,0.22,0.14,0.16,0.18,0.21,0.33,1.0,0.0,0.0
sheep,0.0,0.17,0.18,0.0,0.0,0.12,0.22,0.03,0.21,0.22,0.22,0.56,0.14,0.32,0.24,0.21,0.33,0.0,1.0,0.0
shh,0.5,0.5,0.47,0.75,0.43,0.62,0.67,0.64,0.71,0.56,0.78,0.44,0.43,0.68,0.82,0.79,0.67,1.0,1.0,1.0
shirt,0.0,0.08,0.12,0.0,0.0,0.12,0.22,0.14,0.38,0.44,0.22,0.33,0.14,0.48,0.47,0.36,0.33,0.0,1.0,0.0
shoe,0.5,0.75,0.53,0.5,0.57,0.62,0.78,0.78,0.79,0.78,1.0,0.78,0.64,0.84,0.94,0.86,0.33,1.0,1.0,1.0
shoeses,0.0,0.0,0.06,0.0,0.0,0.25,0.0,0.11,0.08,0.0,0.44,0.0,0.0,0.2,0.0,0.0,0.0,1.0,0.0,0.0
shopping,0.0,0.0,0.0,0.0,0.0,0.0,0.22,0.17,0.12,0.11,0.22,0.11,0.14,0.28,0.35,0.29,0.33,1.0,0.0,0.0
shorts,0.0,0.0,0.06,0.25,0.0,0.0,0.22,0.42,0.33,0.56,0.67,0.44,0.29,0.64,0.59,0.5,0.0,1.0,1.0,1.0
shoulder,0.0,0.0,0.0,0.0,0.0,0.0,0.0,0.03,0.12,0.22,0.11,0.11,0.0,0.2,0.24,0.21,0.33,1.0,0.0,0.0
shovel,0.0,0.0,0.0,0.0,0.0,0.0,0.11,0.0,0.21,0.0,0.0,0.22,0.07,0.12,0.12,0.14,0.0,0.0,0.0,0.0
show,0.0,0.08,0.0,0.0,0.0,0.0,0.0,0.03,0.08,0.0,0.0,0.22,0.07,0.2,0.24,0.21,0.0,0.0,1.0,0.0
shower,0.0,0.17,0.0,0.0,0.0,0.12,0.22,0.14,0.38,0.22,0.22,0.44,0.0,0.4,0.53,0.29,0.0,1.0,0.0,0.0
sick,0.0,0.0,0.06,0.0,0.0,0.12,0.11,0.08,0.21,0.0,0.11,0.22,0.07,0.44,0.29,0.36,0.33,1.0,1.0,0.0
sidewalk,0.0,0.0,0.0,0.0,0.0,0.0,0.0,0.03,0.12,0.0,0.0,0.33,0.0,0.08,0.24,0.14,0.0,1.0,0.0,0.0
sing,0.0,0.0,0.12,0.25,0.0,0.12,0.22,0.14,0.38,0.11,0.11,0.22,0.14,0.36,0.35,0.43,0.33,0.0,0.0,0.0
sink,0.0,0.08,0.06,0.0,0.0,0.0,0.11,0.11,0.17,0.0,0.11,0.33,0.29,0.36,0.29,0.21,0.0,1.0,0.0,0.0
sister,0.5,0.08,0.0,0.0,0.14,0.12,0.22,0.25,0.08,0.11,0.11,0.44,0.07,0.48,0.41,0.36,0.0,0.0,0.0,0.0
sit,0.0,0.33,0.18,0.0,0.0,0.38,0.33,0.25,0.5,0.56,0.22,0.56,0.36,0.48,0.59,0.36,0.67,0.0,1.0,0.0
sitted,0.0,0.08,0.0,0.0,0.0,0.0,0.0,0.0,0.0,0.0,0.0,0.22,0.0,0.0,0.06,0.0,0.0,0.0,0.0,0.0
skate,0.0,0.0,0.0,0.0,0.0,0.0,0.0,0.0,0.04,0.0,0.11,0.33,0.0,0.2,0.12,0.43,0.0,0.0,0.0,0.0
sky,0.0,0.17,0.24,0.0,0.0,0.25,0.22,0.17,0.46,0.22,0.22,0.33,0.14,0.44,0.41,0.29,0.33,1.0,1.0,0.0
sled,0.0,0.0,0.0,0.0,0.0,0.0,0.0,0.0,0.0,0.0,0.0,0.11,0.0,0.08,0.0,0.14,0.0,0.0,0.0,0.0
sleep,0.0,0.17,0.12,0.0,0.0,0.25,0.11,0.22,0.29,0.56,0.67,0.44,0.64,0.68,0.47,0.57,0.67,0.0,1.0,0.0
sleepy,0.0,0.08,0.0,0.0,0.0,0.12,0.11,0.14,0.21,0.33,0.56,0.33,0.21,0.48,0.41,0.5,0.33,1.0,1.0,0.0
slide1,0.0,0.17,0.0,0.0,0.0,0.12,0.11,0.14,0.33,0.11,0.11,0.33,0.14,0.36,0.29,0.21,0.0,1.0,0.0,0.0
slide2,0.0,0.17,0.0,0.0,0.0,0.12,0.11,0.08,0.17,0.0,0.11,0.22,0.07,0.2,0.18,0.29,0.0,0.0,0.0,0.0
slipper,0.0,0.0,0.06,0.0,0.0,0.12,0.11,0.03,0.04,0.0,0.11,0.44,0.07,0.12,0.18,0.14,0.0,1.0,0.0,0.0
slow,0.0,0.0,0.0,0.0,0.0,0.12,0.0,0.03,0.17,0.0,0.11,0.22,0.0,0.12,0.12,0.21,0.0,1.0,1.0,0.0
smile,0.0,0.08,0.06,0.25,0.0,0.0,0.11,0.08,0.17,0.11,0.11,0.44,0.14,0.16,0.35,0.43,0.0,0.0,0.0,0.0
snack,0.0,0.0,0.0,0.0,0.0,0.12,0.22,0.06,0.12,0.11,0.11,0.33,0.21,0.4,0.29,0.14,0.0,1.0,0.0,0.0
sneaker,0.0,0.0,0.0,0.0,0.0,0.12,0.11,0.03,0.04,0.0,0.0,0.22,0.0,0.16,0.24,0.07,0.0,1.0,0.0,0.0
snow,0.0,0.08,0.0,0.0,0.14,0.0,0.0,0.08,0.17,0.11,0.56,0.33,0.07,0.36,0.35,0.21,0.0,1.0,0.0,0.0
snowman,0.0,0.0,0.06,0.0,0.0,0.0,0.0,0.06,0.12,0.11,0.11,0.22,0.0,0.32,0.18,0.21,0.0,1.0,0.0,0.0
snowsuit,0.0,0.0,0.0,0.0,0.0,0.0,0.0,0.0,0.0,0.0,0.0,0.11,0.0,0.0,0.0,0.07,0.0,0.0,0.0,0.0
so,0.0,0.08,0.0,0.0,0.0,0.12,0.11,0.06,0.08,0.0,0.33,0.22,0.0,0.2,0.29,0.21,0.0,0.0,0.0,0.0
soap,0.0,0.08,0.06,0.25,0.0,0.12,0.33,0.17,0.38,0.22,0.11,0.44,0.14,0.44,0.76,0.5,0.33,1.0,1.0,0.0
sobig,0.0,0.08,0.0,0.0,0.0,0.0,0.11,0.03,0.21,0.0,0.33,0.22,0.14,0.24,0.41,0.29,0.0,1.0,0.0,0.0
sock,0.5,0.33,0.29,0.25,0.29,0.38,0.67,0.31,0.62,0.33,0.33,0.56,0.29,0.6,0.71,0.5,0.33,1.0,0.0,1.0
sockses,0.0,0.0,0.06,0.0,0.0,0.0,0.0,0.0,0.04,0.0,0.0,0.0,0.0,0.12,0.0,0.0,0.0,0.0,0.0,0.0
soda,0.0,0.08,0.18,0.25,0.0,0.5,0.33,0.39,0.12,0.11,0.11,0.56,0.21,0.44,0.53,0.64,0.33,0.0,0.0,1.0
sofa,0.0,0.08,0.06,0.0,0.0,0.0,0.0,0.19,0.21,0.0,0.67,0.33,0.43,0.36,0.29,0.21,0.33,0.0,0.0,0.0
soft,0.0,0.0,0.06,0.0,0.0,0.0,0.0,0.06,0.12,0.0,0.22,0.22,0.07,0.16,0.18,0.21,0.0,1.0,0.0,0.0
some,0.0,0.08,0.12,0.0,0.0,0.0,0.0,0.08,0.12,0.11,0.11,0.33,0.07,0.32,0.12,0.29,0.0,0.0,1.0,0.0
soup,0.5,0.0,0.06,0.25,0.0,0.0,0.11,0.19,0.38,0.11,0.22,0.33,0.29,0.48,0.53,0.21,0.0,1.0,0.0,0.0
spaghett,0.0,0.08,0.06,0.25,0.0,0.0,0.22,0.31,0.46,0.22,0.56,0.56,0.57,0.64,0.35,0.5,0.33,1.0,0.0,1.0
spill,0.5,0.0,0.0,0.0,0.0,0.0,0.0,0.08,0.12,0.22,0.0,0.22,0.0,0.2,0.18,0.21,0.0,0.0,0.0,0.0
splash,0.5,0.17,0.12,0.0,0.0,0.12,0.0,0.08,0.17,0.0,0.22,0.22,0.07,0.16,0.29,0.07,0.33,1.0,0.0,0.0
splural,0.0,0.25,0.24,0.0,0.0,0.38,0.44,0.42,0.54,0.44,0.78,0.56,0.36,0.72,0.71,0.71,0.67,1.0,0.0,1.0
spoon,0.0,0.33,0.18,0.0,0.0,0.25,0.44,0.19,0.5,0.56,0.33,0.67,0.29,0.56,0.53,0.57,0.33,1.0,1.0,0.0
spossess,0.5,0.17,0.18,0.25,0.0,0.25,0.33,0.25,0.5,0.56,0.44,0.44,0.07,0.72,0.65,0.64,0.67,1.0,0.0,0.0
sprinklr,0.0,0.0,0.06,0.0,0.0,0.0,0.11,0.03,0.21,0.11,0.0,0.44,0.0,0.12,0.12,0.14,0.0,1.0,0.0,0.0
squirrel,0.0,0.08,0.06,0.0,0.0,0.0,0.22,0.08,0.25,0.33,0.22,0.22,0.07,0.24,0.29,0.21,0.0,1.0,0.0,0.0
stairs,0.0,0.0,0.0,0.0,0.14,0.0,0.0,0.03,0.29,0.11,0.33,0.33,0.14,0.28,0.18,0.21,0.0,1.0,1.0,0.0
stand,0.0,0.08,0.12,0.0,0.0,0.0,0.0,0.03,0.17,0.11,0.11,0.22,0.0,0.16,0.29,0.29,0.0,1.0,0.0,0.0
star,0.0,0.25,0.29,0.25,0.14,0.25,0.11,0.31,0.54,0.22,0.67,0.56,0.5,0.64,0.71,0.64,0.33,1.0,1.0,1.0
stay,0.0,0.17,0.06,0.25,0.0,0.12,0.0,0.11,0.25,0.0,0.22,0.33,0.0,0.2,0.18,0.29,0.0,0.0,1.0,0.0
stick,0.0,0.17,0.0,0.0,0.0,0.0,0.22,0.08,0.25,0.0,0.11,0.22,0.0,0.24,0.24,0.14,0.0,0.0,0.0,0.0
sticky,0.0,0.08,0.0,0.0,0.0,0.25,0.0,0.06,0.08,0.11,0.22,0.33,0.07,0.2,0.24,0.21,0.0,1.0,0.0,0.0
stone,0.0,0.0,0.0,0.0,0.0,0.0,0.0,0.03,0.04,0.0,0.11,0.22,0.0,0.08,0.0,0.07,0.0,1.0,0.0,0.0
stop,0.0,0.17,0.35,0.25,0.0,0.25,0.33,0.33,0.5,0.44,0.56,0.56,0.43,0.68,0.59,0.71,0.67,1.0,1.0,1.0
store,0.0,0.0,0.06,0.25,0.0,0.38,0.22,0.17,0.25,0.33,0.44,0.33,0.21,0.52,0.65,0.57,0.0,1.0,0.0,0.0
story,0.0,0.08,0.06,0.25,0.0,0.0,0.11,0.11,0.33,0.11,0.33,0.44,0.36,0.52,0.59,0.36,0.33,1.0,1.0,0.0
stove,0.0,0.0,0.0,0.0,0.0,0.0,0.0,0.03,0.17,0.0,0.0,0.33,0.0,0.16,0.24,0.21,0.0,0.0,0.0,0.0
street,0.0,0.0,0.0,0.0,0.0,0.0,0.0,0.11,0.17,0.22,0.22,0.44,0.14,0.4,0.29,0.43,0.0,1.0,1.0,0.0
stroller,0.0,0.0,0.0,0.0,0.0,0.0,0.11,0.14,0.25,0.33,0.22,0.33,0.07,0.32,0.24,0.29,0.0,1.0,0.0,0.0
strwbrry,0.0,0.0,0.0,0.25,0.0,0.0,0.33,0.14,0.21,0.22,0.33,0.67,0.07,0.4,0.35,0.29,0.33,0.0,1.0,0.0
stuck,0.0,0.0,0.06,0.0,0.0,0.12,0.11,0.03,0.12,0.11,0.0,0.33,0.0,0.12,0.18,0.36,0.0,0.0,0.0,0.0
sun,0.0,0.25,0.12,0.25,0.0,0.25,0.33,0.22,0.42,0.33,0.56,0.67,0.36,0.6,0.82,0.57,0.33,1.0,1.0,0.0
sweater,0.0,0.0,0.0,0.25,0.0,0.0,0.11,0.11,0.12,0.11,0.22,0.44,0.21,0.4,0.29,0.29,0.0,1.0,1.0,0.0
sweep,0.0,0.0,0.06,0.0,0.0,0.0,0.0,0.03,0.12,0.0,0.11,0.22,0.07,0.2,0.18,0.21,0.0,0.0,0.0,0.0
swim,0.0,0.0,0.06,0.0,0.0,0.12,0.22,0.08,0.33,0.22,0.22,0.33,0.14,0.32,0.41,0.43,0.33,1.0,1.0,1.0
swing1,0.0,0.25,0.06,0.0,0.0,0.12,0.22,0.19,0.42,0.22,0.22,0.44,0.07,0.4,0.47,0.43,0.0,1.0,1.0,0.0
swing2,0.0,0.17,0.06,0.0,0.0,0.12,0.22,0.14,0.33,0.22,0.22,0.33,0.07,0.28,0.29,0.29,0.0,1.0,0.0,0.0
table,0.0,0.08,0.0,0.0,0.0,0.25,0.11,0.17,0.38,0.22,0.44,0.33,0.21,0.52,0.59,0.43,0.0,1.0,1.0,0.0
take,0.0,0.17,0.06,0.0,0.0,0.0,0.0,0.14,0.21,0.0,0.11,0.33,0.07,0.32,0.24,0.29,0.33,0.0,1.0,0.0
taked,0.0,0.0,0.0,0.0,0.0,0.0,0.0,0.0,0.08,0.0,0.11,0.11,0.0,0.04,0.0,0.07,0.33,1.0,0.0,0.0
talk,0.0,0.0,0.06,0.0,0.0,0.0,0.11,0.06,0.21,0.0,0.11,0.11,0.14,0.32,0.24,0.36,0.0,0.0,1.0,0.0
tape,0.0,0.0,0.06,0.0,0.0,0.0,0.22,0.14,0.17,0.0,0.11,0.33,0.07,0.48,0.29,0.36,0.0,1.0,1.0,0.0
taste,0.0,0.0,0.0,0.0,0.0,0.0,0.0,0.03,0.17,0.0,0.11,0.22,0.0,0.28,0.29,0.14,0.0,1.0,0.0,0.0
teacher,0.0,0.0,0.0,0.0,0.0,0.12,0.11,0.11,0.21,0.11,0.11,0.22,0.14,0.44,0.47,0.29,0.33,1.0,1.0,1.0
tear,0.0,0.0,0.0,0.0,0.0,0.0,0.0,0.08,0.08,0.0,0.0,0.22,0.0,0.16,0.12,0.07,0.0,0.0,0.0,0.0
teddyber,0.0,0.08,0.18,0.0,0.0,0.12,0.11,0.14,0.38,0.44,0.22,0.56,0.36,0.68,0.53,0.5,0.33,1.0,0.0,0.0
teeth,0.0,0.25,0.24,0.0,0.0,0.12,0.56,0.31,0.58,0.56,0.44,0.44,0.29,0.72,0.76,0.71,0.33,1.0,1.0,0.0
teeths,0.0,0.17,0.12,0.0,0.0,0.0,0.0,0.08,0.08,0.0,0.22,0.0,0.07,0.16,0.24,0.14,0.33,0.0,0.0,0.0
telephon,0.0,0.25,0.24,0.25,0.0,0.38,0.33,0.53,0.62,0.44,0.44,0.56,0.43,0.76,0.71,0.71,0.67,1.0,1.0,1.0
thankyou,0.0,0.33,0.47,0.25,0.14,0.75,0.56,0.67,0.79,0.44,0.67,0.78,0.93,0.84,0.94,0.86,1.0,1.0,1.0,1.0
that,0.0,0.17,0.18,0.0,0.0,0.12,0.22,0.11,0.38,0.22,0.22,0.44,0.29,0.28,0.24,0.29,0.33,1.0,1.0,0.0
the,0.0,0.17,0.0,0.0,0.0,0.0,0.0,0.08,0.17,0.11,0.33,0.33,0.14,0.32,0.29,0.29,0.33,0.0,1.0,0.0
their,0.0,0.0,0.0,0.0,0.0,0.0,0.0,0.0,0.0,0.0,0.0,0.22,0.0,0.04,0.12,0.21,0.0,1.0,0.0,0.0
them,0.0,0.0,0.0,0.0,0.0,0.0,0.0,0.0,0.04,0.0,0.0,0.22,0.0,0.04,0.18,0.21,0.0,0.0,0.0,0.0
then,0.0,0.0,0.0,0.0,0.0,0.0,0.0,0.0,0.0,0.0,0.0,0.11,0.0,0.16,0.06,0.14,0.0,0.0,0.0,0.0
there,0.0,0.08,0.0,0.0,0.0,0.12,0.33,0.08,0.21,0.22,0.22,0.33,0.07,0.36,0.35,0.36,0.33,0.0,0.0,0.0
these,0.0,0.0,0.06,0.0,0.0,0.0,0.22,0.03,0.17,0.0,0.11,0.33,0.0,0.16,0.18,0.29,0.0,0.0,0.0,0.0
they,0.0,0.0,0.0,0.0,0.0,0.0,0.11,0.06,0.08,0.0,0.0,0.11,0.0,0.08,0.12,0.21,0.0,0.0,0.0,0.0
think,0.0,0.0,0.0,0.0,0.0,0.0,0.0,0.0,0.04,0.0,0.11,0.22,0.0,0.16,0.12,0.21,0.0,0.0,1.0,0.0
thirsty,0.0,0.0,0.06,0.0,0.0,0.12,0.0,0.06,0.17,0.22,0.11,0.33,0.07,0.24,0.35,0.36,0.0,1.0,1.0,0.0
this,0.0,0.17,0.12,0.0,0.29,0.25,0.44,0.17,0.33,0.33,0.22,0.33,0.14,0.28,0.41,0.57,0.33,0.0,0.0,0.0
those,0.0,0.0,0.06,0.0,0.0,0.0,0.0,0.03,0.12,0.0,0.0,0.11,0.0,0.12,0.06,0.21,0.0,0.0,0.0,0.0
throw,0.0,0.08,0.12,0.0,0.0,0.12,0.33,0.08,0.25,0.0,0.11,0.22,0.07,0.32,0.29,0.29,0.0,1.0,1.0,0.0
thslttlp,0.0,0.25,0.12,0.0,0.0,0.12,0.22,0.08,0.29,0.0,0.22,0.22,0.07,0.24,0.29,0.21,0.0,1.0,1.0,0.0
tickle,0.0,0.17,0.12,0.0,0.0,0.12,0.33,0.14,0.21,0.33,0.22,0.33,0.14,0.44,0.35,0.43,0.33,0.0,0.0,0.0
tiger,0.0,0.17,0.12,0.5,0.0,0.0,0.33,0.31,0.33,0.33,0.44,0.67,0.43,0.76,0.65,0.43,0.67,1.0,1.0,1.0
tights,0.0,0.0,0.0,0.0,0.0,0.12,0.11,0.03,0.04,0.0,0.0,0.22,0.0,0.08,0.06,0.07,0.0,0.0,0.0,0.0
time,0.0,0.0,0.06,0.0,0.0,0.0,0.11,0.08,0.04,0.0,0.0,0.11,0.0,0.2,0.0,0.29,0.0,0.0,0.0,0.0
tiny,0.0,0.08,0.0,0.0,0.0,0.0,0.0,0.06,0.04,0.0,0.11,0.22,0.0,0.08,0.12,0.21,0.0,0.0,0.0,0.0
tired,0.0,0.0,0.0,0.0,0.0,0.0,0.22,0.06,0.21,0.11,0.11,0.33,0.14,0.28,0.41,0.36,0.33,1.0,0.0,0.0
tissue,0.0,0.0,0.0,0.0,0.0,0.0,0.11,0.08,0.17,0.11,0.11,0.44,0.14,0.44,0.35,0.29,0.0,1.0,0.0,0.0
to,0.0,0.08,0.06,0.0,0.0,0.0,0.0,0.06,0.17,0.0,0.0,0.22,0.0,0.24,0.24,0.36,0.0,0.0,0.0,0.0
toast,0.0,0.0,0.0,0.0,0.0,0.12,0.11,0.06,0.21,0.22,0.0,0.22,0.0,0.36,0.24,0.21,0.33,1.0,0.0,0.0
today,0.0,0.08,0.0,0.0,0.0,0.0,0.0,0.06,0.04,0.11,0.11,0.22,0.07,0.28,0.29,0.36,0.0,0.0,0.0,0.0
toe,0.0,0.17,0.06,0.0,0.0,0.0,0.44,0.14,0.42,0.44,0.11,0.33,0.07,0.48,0.24,0.36,0.33,1.0,1.0,0.0
toeses,0.0,0.0,0.0,0.0,0.0,0.0,0.0,0.0,0.0,0.0,0.0,0.0,0.0,0.08,0.0,0.0,0.0,0.0,0.0,0.0
tomorrow,0.0,0.0,0.0,0.0,0.0,0.0,0.22,0.03,0.12,0.11,0.11,0.22,0.07,0.36,0.12,0.36,0.0,0.0,0.0,0.0
tongue,0.0,0.17,0.06,0.0,0.0,0.12,0.44,0.08,0.42,0.33,0.33,0.22,0.14,0.44,0.35,0.36,0.33,1.0,0.0,0.0
tonight,0.0,0.0,0.0,0.0,0.0,0.0,0.11,0.03,0.0,0.0,0.0,0.11,0.0,0.12,0.12,0.21,0.0,0.0,0.0,0.0
too,0.0,0.0,0.06,0.0,0.0,0.25,0.0,0.14,0.29,0.22,0.11,0.22,0.21,0.24,0.47,0.21,0.33,0.0,1.0,0.0
took,0.0,0.0,0.06,0.0,0.0,0.12,0.0,0.03,0.08,0.11,0.11,0.11,0.07,0.2,0.18,0.29,0.0,0.0,0.0,0.0
tooth,0.0,0.17,0.12,0.0,0.0,0.25,0.33,0.17,0.58,0.44,0.22,0.44,0.29,0.52,0.59,0.71,0.33,1.0,1.0,0.0
tooths,0.0,0.17,0.0,0.0,0.0,0.0,0.0,0.03,0.04,0.0,0.0,0.0,0.0,0.12,0.06,0.14,0.0,0.0,0.0,0.0
tothbrsh,0.0,0.33,0.06,0.0,0.0,0.12,0.33,0.22,0.46,0.44,0.22,0.56,0.14,0.48,0.59,0.5,0.0,1.0,1.0,0.0
touch,0.0,0.0,0.06,0.0,0.0,0.0,0.11,0.11,0.21,0.33,0.11,0.11,0.07,0.4,0.41,0.43,0.33,0.0,1.0,0.0
towel,0.0,0.17,0.06,0.0,0.0,0.0,0.22,0.17,0.38,0.33,0.33,0.44,0.14,0.48,0.47,0.5,0.33,1.0,0.0,0.0
toy,0.0,0.58,0.35,0.25,0.0,0.12,0.44,0.47,0.67,0.89,0.67,0.78,0.86,0.92,0.76,0.71,1.0,1.0,1.0,1.0
tractor,0.5,0.08,0.0,0.0,0.14,0.0,0.11,0.11,0.17,0.22,0.22,0.44,0.07,0.36,0.24,0.14,0.0,0.0,0.0,1.0
train,0.5,0.33,0.18,0.5,0.0,0.38,0.44,0.5,0.71,0.44,0.44,0.56,0.5,0.76,0.71,0.71,0.33,1.0,1.0,1.0
trash,0.0,0.25,0.12,0.25,0.0,0.25,0.56,0.17,0.58,0.44,0.67,0.33,0.07,0.6,0.53,0.43,0.33,1.0,1.0,1.0
tray,0.0,0.0,0.0,0.0,0.0,0.0,0.0,0.0,0.0,0.0,0.0,0.11,0.0,0.04,0.18,0.07,0.0,0.0,0.0,0.0
tree,0.0,0.25,0.12,0.25,0.29,0.25,0.33,0.17,0.5,0.44,0.44,0.56,0.21,0.68,0.41,0.64,0.33,1.0,1.0,1.0
tricycle,0.0,0.0,0.0,0.25,0.0,0.12,0.0,0.06,0.04,0.11,0.22,0.22,0.0,0.2,0.18,0.21,0.0,1.0,0.0,0.0
truck,0.5,0.33,0.18,0.25,0.14,0.38,0.44,0.44,0.58,0.56,0.33,0.67,0.29,0.76,0.71,0.71,0.67,1.0,1.0,1.0
try,0.0,0.0,0.06,0.0,0.0,0.0,0.0,0.08,0.17,0.11,0.11,0.22,0.0,0.12,0.18,0.43,0.0,0.0,0.0,0.0
tummy,0.0,0.17,0.24,0.0,0.0,0.25,0.22,0.28,0.5,0.33,0.22,0.44,0.21,0.68,0.76,0.57,0.33,1.0,1.0,0.0
tuna,0.5,0.0,0.0,0.0,0.0,0.12,0.0,0.08,0.04,0.0,0.0,0.11,0.0,0.28,0.0,0.29,0.0,0.0,1.0,0.0
turkey,0.0,0.08,0.12,0.0,0.0,0.0,0.22,0.14,0.08,0.11,0.22,0.33,0.07,0.36,0.29,0.14,0.33,1.0,0.0,0.0
turnarnd,0.0,0.25,0.18,0.0,0.0,0.12,0.11,0.11,0.25,0.22,0.11,0.22,0.07,0.28,0.29,0.36,0.33,1.0,0.0,0.0
turtle,0.0,0.17,0.12,0.0,0.0,0.12,0.22,0.17,0.38,0.44,0.22,0.56,0.21,0.48,0.41,0.5,0.33,1.0,1.0,0.0
tv,0.5,0.25,0.29,0.5,0.14,0.25,0.56,0.53,0.71,0.44,0.56,0.44,0.79,0.8,0.82,0.86,0.67,1.0,0.0,1.0
uhoh,0.5,0.67,0.71,0.75,0.86,0.75,0.67,0.72,0.71,0.67,0.67,0.78,0.5,0.68,0.82,0.64,1.0,1.0,1.0,1.0
uncle,0.0,0.08,0.18,0.0,0.0,0.12,0.22,0.17,0.12,0.11,0.33,0.33,0.07,0.32,0.24,0.29,0.33,1.0,0.0,0.0
under,0.0,0.0,0.06,0.0,0.0,0.0,0.0,0.0,0.08,0.0,0.22,0.22,0.0,0.2,0.06,0.21,0.0,0.0,0.0,0.0
undrpnts,0.0,0.0,0.0,0.0,0.0,0.0,0.11,0.06,0.08,0.0,0.11,0.33,0.0,0.04,0.29,0.14,0.0,1.0,0.0,0.0
up,0.0,0.25,0.12,0.25,0.43,0.12,0.44,0.25,0.62,0.11,0.22,0.33,0.36,0.4,0.59,0.57,0.33,1.0,0.0,0.0
us,0.0,0.0,0.0,0.0,0.0,0.0,0.0,0.0,0.0,0.0,0.0,0.11,0.07,0.08,0.06,0.14,0.0,0.0,0.0,0.0
usecmpl,0.5,0.92,0.71,0.75,0.86,0.75,0.89,0.72,0.88,0.78,0.78,0.67,0.5,0.88,1.0,0.86,1.0,1.0,1.0,0.0
usefut,0.0,0.33,0.47,0.5,0.14,0.38,0.56,0.56,0.58,0.44,0.56,0.56,0.36,0.8,0.76,0.57,0.33,1.0,1.0,1.0
usemiss,0.5,0.75,0.41,0.5,0.57,0.62,0.78,0.58,0.83,0.56,0.78,0.56,0.64,0.8,0.94,0.86,1.0,1.0,1.0,1.0
usepast,0.0,0.08,0.18,0.25,0.0,0.25,0.56,0.44,0.62,0.44,0.56,0.56,0.43,0.8,0.82,0.79,1.0,1.0,1.0,1.0
useposs,0.0,0.75,0.59,0.75,0.71,0.75,0.78,0.69,0.92,0.89,0.89,0.67,0.64,0.96,1.0,0.93,1.0,1.0,1.0,1.0
vacuum,0.0,0.08,0.0,0.25,0.0,0.0,0.22,0.06,0.29,0.22,0.22,0.33,0.14,0.28,0.35,0.36,0.33,1.0,0.0,0.0
vagina,0.0,0.0,0.06,0.0,0.0,0.0,0.22,0.08,0.12,0.11,0.11,0.22,0.07,0.2,0.18,0.07,0.0,0.0,0.0,0.0
vanilla,0.0,0.0,0.0,0.0,0.0,0.0,0.0,0.08,0.04,0.0,0.0,0.22,0.07,0.24,0.12,0.14,0.0,1.0,0.0,0.0
vitamins,0.0,0.0,0.0,0.0,0.0,0.0,0.11,0.08,0.21,0.22,0.11,0.11,0.07,0.2,0.18,0.14,0.0,0.0,0.0,0.0
vroom,0.5,0.58,0.53,0.75,0.43,0.12,0.78,0.31,0.46,0.44,0.44,0.56,0.36,0.48,0.59,0.5,0.67,1.0,1.0,0.0
wait,0.0,0.17,0.06,0.0,0.0,0.25,0.22,0.14,0.29,0.33,0.33,0.33,0.29,0.28,0.41,0.5,0.33,0.0,1.0,1.0
wake,0.0,0.0,0.0,0.0,0.0,0.0,0.11,0.06,0.17,0.0,0.22,0.22,0.0,0.16,0.18,0.36,0.0,1.0,1.0,0.0
walk,0.0,0.17,0.12,0.0,0.0,0.12,0.22,0.11,0.25,0.11,0.11,0.33,0.21,0.48,0.35,0.36,0.33,0.0,1.0,0.0
walker,0.0,0.0,0.0,0.0,0.0,0.0,0.0,0.03,0.04,0.0,0.0,0.11,0.0,0.08,0.0,0.07,0.0,0.0,0.0,0.0
wanna,0.0,0.25,0.0,0.0,0.0,0.0,0.0,0.06,0.25,0.11,0.44,0.56,0.21,0.52,0.35,0.5,0.33,1.0,0.0,1.0
was,0.0,0.0,0.0,0.0,0.0,0.0,0.0,0.03,0.08,0.0,0.11,0.22,0.0,0.12,0.12,0.14,0.33,0.0,0.0,0.0
wash,0.0,0.0,0.18,0.0,0.0,0.12,0.11,0.11,0.25,0.11,0.11,0.44,0.21,0.4,0.41,0.21,0.33,0.0,1.0,0.0
watch1,0.0,0.25,0.12,0.0,0.0,0.12,0.33,0.08,0.29,0.33,0.22,0.33,0.07,0.36,0.35,0.36,0.33,1.0,0.0,0.0
watch2,0.0,0.0,0.06,0.0,0.0,0.12,0.22,0.08,0.12,0.22,0.33,0.33,0.0,0.2,0.29,0.36,0.0,1.0,1.0,0.0
water1,0.5,0.5,0.24,0.5,0.14,0.5,0.44,0.39,0.54,0.56,0.67,0.78,0.5,0.76,0.88,0.79,0.67,1.0,1.0,1.0
water2,0.0,0.5,0.18,0.5,0.14,0.38,0.44,0.36,0.58,0.56,0.56,0.78,0.57,0.84,0.76,0.79,0.33,1.0,1.0,1.0
we,0.0,0.0,0.06,0.0,0.0,0.0,0.0,0.03,0.04,0.0,0.11,0.11,0.07,0.12,0.24,0.21,0.0,0.0,0.0,0.0
went,0.0,0.0,0.0,0.0,0.0,0.0,0.0,0.0,0.08,0.0,0.11,0.11,0.07,0.16,0.12,0.14,0.0,0.0,0.0,0.0
wented,0.0,0.0,0.0,0.0,0.0,0.0,0.0,0.0,0.0,0.0,0.0,0.0,0.0,0.0,0.0,0.0,0.0,0.0,0.0,0.0
were,0.0,0.0,0.0,0.0,0.0,0.0,0.0,0.0,0.08,0.11,0.11,0.11,0.0,0.08,0.06,0.14,0.0,0.0,0.0,0.0
wet,0.0,0.0,0.12,0.0,0.0,0.38,0.33,0.11,0.38,0.22,0.33,0.44,0.07,0.36,0.53,0.5,0.33,1.0,1.0,0.0
what,0.0,0.08,0.0,0.0,0.0,0.25,0.11,0.08,0.54,0.44,0.56,0.33,0.21,0.44,0.41,0.43,0.33,1.0,1.0,0.0
when,0.0,0.0,0.0,0.0,0.0,0.0,0.0,0.0,0.0,0.0,0.22,0.11,0.0,0.08,0.06,0.21,0.0,0.0,1.0,0.0
where,0.0,0.17,0.0,0.0,0.0,0.12,0.11,0.03,0.29,0.22,0.44,0.44,0.14,0.28,0.29,0.36,0.33,0.0,1.0,0.0
which,0.0,0.0,0.0,0.0,0.0,0.0,0.0,0.0,0.0,0.11,0.0,0.22,0.0,0.04,0.06,0.07,0.0,0.0,0.0,0.0
white,0.0,0.08,0.0,0.0,0.0,0.0,0.11,0.08,0.12,0.11,0.22,0.22,0.21,0.36,0.29,0.29,0.0,1.0,1.0,0.0
who,0.0,0.0,0.0,0.25,0.0,0.0,0.0,0.03,0.12,0.0,0.22,0.33,0.0,0.2,0.18,0.29,0.0,0.0,1.0,0.0
why,0.0,0.08,0.0,0.25,0.0,0.25,0.0,0.06,0.25,0.11,0.11,0.22,0.21,0.16,0.24,0.36,0.0,1.0,1.0,0.0
will,0.0,0.0,0.06,0.0,0.0,0.0,0.0,0.0,0.08,0.0,0.0,0.22,0.0,0.12,0.12,0.14,0.0,0.0,0.0,0.0
wind,0.0,0.0,0.0,0.0,0.0,0.0,0.11,0.06,0.17,0.0,0.33,0.33,0.07,0.24,0.24,0.07,0.33,1.0,0.0,0.0
window,0.0,0.08,0.0,0.25,0.0,0.25,0.11,0.19,0.38,0.11,0.33,0.44,0.29,0.64,0.59,0.71,0.33,1.0,1.0,1.0
windy,0.0,0.0,0.0,0.0,0.0,0.0,0.0,0.06,0.12,0.0,0.11,0.22,0.07,0.12,0.12,0.07,0.0,0.0,0.0,0.0
wipe,0.0,0.0,0.06,0.25,0.0,0.0,0.22,0.03,0.08,0.0,0.0,0.22,0.0,0.24,0.24,0.21,0.0,0.0,1.0,0.0
wish,0.0,0.0,0.06,0.0,0.0,0.0,0.0,0.03,0.0,0.0,0.0,0.33,0.0,0.04,0.0,0.14,0.33,0.0,0.0,0.0
with,0.0,0.0,0.0,0.0,0.0,0.0,0.0,0.06,0.12,0.0,0.22,0.11,0.0,0.24,0.18,0.29,0.0,0.0,1.0,0.0
wolf,0.0,0.08,0.06,0.0,0.0,0.0,0.0,0.03,0.08,0.11,0.11,0.33,0.0,0.12,0.18,0.21,0.33,0.0,0.0,0.0
woods,0.0,0.0,0.0,0.0,0.0,0.0,0.0,0.0,0.0,0.0,0.0,0.11,0.0,0.04,0.0,0.07,0.0,0.0,0.0,0.0
woofwoof,0.0,0.67,0.53,0.75,0.43,0.25,0.78,0.42,0.79,0.56,0.56,0.56,0.5,0.72,0.71,0.79,0.33,1.0,1.0,0.0
work1,0.0,0.17,0.06,0.0,0.0,0.25,0.22,0.14,0.33,0.33,0.33,0.22,0.07,0.36,0.35,0.5,0.33,1.0,0.0,0.0
work2,0.0,0.0,0.06,0.0,0.0,0.12,0.11,0.14,0.21,0.22,0.22,0.33,0.07,0.32,0.29,0.36,0.0,0.0,1.0,0.0
would,0.0,0.0,0.06,0.0,0.0,0.0,0.0,0.0,0.04,0.0,0.0,0.22,0.0,0.0,0.06,0.14,0.0,0.0,0.0,0.0
write,0.0,0.0,0.06,0.0,0.0,0.12,0.0,0.08,0.21,0.0,0.22,0.33,0.0,0.16,0.24,0.36,0.0,0.0,1.0,0.0
wshngmch,0.0,0.0,0.0,0.0,0.0,0.0,0.0,0.03,0.04,0.0,0.0,0.33,0.07,0.24,0.29,0.14,0.0,1.0,0.0,0.0
yard,0.0,0.0,0.0,0.25,0.0,0.0,0.11,0.03,0.08,0.0,0.22,0.22,0.07,0.16,0.12,0.14,0.0,0.0,0.0,0.0
yellow,0.0,0.08,0.06,0.0,0.0,0.12,0.11,0.14,0.29,0.22,0.33,0.44,0.29,0.68,0.53,0.36,0.33,1.0,1.0,0.0
yes,0.5,0.33,0.41,0.25,0.0,0.75,0.56,0.69,0.67,0.78,0.67,0.67,0.79,0.84,0.88,0.86,0.67,1.0,1.0,1.0
yesterdy,0.0,0.0,0.0,0.0,0.0,0.0,0.0,0.0,0.0,0.0,0.0,0.11,0.0,0.04,0.06,0.14,0.0,0.0,0.0,0.0
yogurt,1.0,0.08,0.12,0.0,0.0,0.12,0.22,0.22,0.21,0.11,0.33,0.56,0.36,0.52,0.35,0.21,0.0,1.0,1.0,1.0
you,0.0,0.25,0.12,0.0,0.0,0.25,0.22,0.31,0.33,0.22,0.67,0.44,0.43,0.56,0.76,0.64,0.67,1.0,1.0,0.0
your,0.0,0.0,0.0,0.0,0.0,0.0,0.11,0.0,0.12,0.11,0.33,0.33,0.07,0.32,0.35,0.29,0.0,0.0,1.0,0.0
yourself,0.0,0.0,0.0,0.0,0.0,0.0,0.11,0.0,0.0,0.0,0.11,0.11,0.0,0.04,0.06,0.07,0.0,0.0,0.0,0.0
yucky,0.0,0.25,0.18,0.0,0.0,0.38,0.33,0.19,0.46,0.44,0.33,0.33,0.21,0.4,0.59,0.43,0.33,1.0,1.0,0.0
yumyum,0.0,0.67,0.29,0.25,0.43,0.25,0.33,0.5,0.46,0.56,0.56,0.67,0.5,0.64,0.65,0.43,0.0,1.0,1.0,0.0
zebra,0.0,0.08,0.06,0.0,0.0,0.0,0.22,0.08,0.29,0.11,0.33,0.33,0.21,0.52,0.35,0.21,0.33,1.0,1.0,0.0
zipper,0.0,0.0,0.06,0.0,0.0,0.12,0.11,0.14,0.17,0.11,0.22,0.33,0.14,0.2,0.35,0.29,0.0,1.0,0.0,0.0
zoo,0.0,0.08,0.12,0.0,0.14,0.0,0.22,0.17,0.17,0.22,0.22,0.22,0.36,0.48,0.35,0.29,0.33,1.0,1.0,0.0
