word,category,age_17,age_18,age_19,age_20,age_21,age_22,age_23,age_24,age_25,age_26,age_27,age_28,age_29,age_30,age_31,age_32,age_33,age_34,age_35,age_36,age_40,age_41,age_42,age_43,age_45,age_47,age_48
bite,action_words,0.0,0.08,0.12,0.0,0.0,0.39,0.22,0.31,0.47,0.24,0.0,0.61,0.49,0.41,0.49,0.58,0.33,0.6,0.75,0.52,0.33,0.0,0.88,1.0,1.0,1.0,0.77
blow,action_words,0.0,0.01,0.02,0.0,0.03,0.06,0.06,0.06,0.12,0.04,0.04,0.15,0.1,0.09,0.16,0.21,0.0,0.1,0.08,0.12,0.67,0.0,0.68,1.0,1.0,1.0,0.69
break,action_words,0.0,0.05,0.01,0.0,0.01,0.11,0.18,0.12,0.24,0.13,0.16,0.3,0.23,0.27,0.33,0.41,0.17,0.64,0.13,0.19,0.67,0.0,0.86,1.0,0.5,1.0,0.82
bring,action_words,0.0,0.08,0.03,0.0,0.0,0.08,0.09,0.07,0.17,0.08,0.16,0.3,0.24,0.3,0.28,0.26,0.0,0.1,0.25,0.38,0.67,0.0,0.84,1.0,1.0,1.0,0.67
build,action_words,0.0,0.0,0.0,0.0,0.0,0.1,0.12,0.14,0.18,0.0,0.11,0.41,0.07,0.18,0.29,0.32,0.0,0.1,0.5,0.35,0.33,0.0,0.82,1.0,0.5,1.0,0.64
bump,action_words,0.0,0.0,0.06,0.0,0.0,0.11,0.2,0.18,0.24,0.17,0.0,0.44,0.0,0.2,0.27,0.28,0.0,0.6,0.25,0.31,0.33,0.0,0.43,1.0,0.5,1.0,0.53
buy,action_words,0.0,0.0,0.0,0.0,0.0,0.03,0.02,0.04,0.08,0.06,0.06,0.18,0.16,0.12,0.18,0.16,0.03,0.18,0.24,0.12,0.33,0.0,0.9,1.0,0.5,1.0,0.79
carry,action_words,0.0,0.08,0.06,0.0,0.0,0.11,0.15,0.12,0.3,0.24,0.22,0.44,0.36,0.26,0.49,0.39,0.0,0.0,0.25,0.32,0.67,0.0,0.44,1.0,0.5,1.0,0.56
catch,action_words,0.0,0.12,0.06,0.12,0.11,0.04,0.16,0.31,0.16,0.06,0.11,0.59,0.46,0.26,0.44,0.48,0.64,0.4,0.82,0.4,0.33,0.0,0.67,1.0,1.0,1.0,
chase,action_words,0.0,0.0,0.12,0.0,0.0,0.09,0.12,0.07,0.21,0.0,0.0,0.37,0.0,0.16,0.21,0.2,0.0,0.5,0.25,0.17,0.33,0.0,0.25,0.5,0.5,1.0,0.5
clap,action_words,0.0,0.54,0.09,0.0,0.0,0.32,0.22,0.38,0.35,0.18,0.26,0.45,0.58,0.3,0.33,0.49,0.1,0.48,0.82,0.43,0.67,0.0,0.86,1.0,0.5,1.0,0.73
clean1,action_words,0.0,0.08,0.06,0.0,0.0,0.25,0.18,0.26,0.38,0.16,0.22,0.37,0.39,0.61,0.51,0.62,0.22,0.68,0.74,0.78,0.67,0.0,0.92,1.0,1.0,1.0,0.85
climb,action_words,0.0,0.0,0.03,0.0,0.0,0.2,0.04,0.14,0.23,0.0,0.1,0.46,0.24,0.24,0.26,0.35,0.2,0.55,0.39,0.32,0.67,0.0,0.66,1.0,0.5,1.0,0.66
close,action_words,0.25,0.04,0.06,0.12,0.0,0.21,0.21,0.18,0.23,0.18,0.32,0.43,0.28,0.5,0.52,0.62,0.26,0.37,0.82,0.27,0.67,0.0,1.0,1.0,0.5,1.0,
cook,action_words,0.0,0.0,0.03,0.0,0.0,0.15,0.08,0.14,0.24,0.15,0.21,0.46,0.13,0.49,0.33,0.36,0.0,0.07,0.76,0.38,0.33,0.0,0.86,1.0,0.5,1.0,0.72
cover,action_words,0.0,0.0,0.0,0.0,0.0,0.07,0.11,0.04,0.18,0.15,0.06,0.3,0.36,0.16,0.18,0.39,0.0,0.35,0.76,0.25,0.33,0.0,0.64,1.0,0.5,1.0,0.61
cry,action_words,0.0,0.62,0.09,0.12,0.0,0.38,0.24,0.26,0.38,0.21,0.26,0.6,0.56,0.42,0.61,0.66,0.26,0.6,0.76,0.57,0.67,0.0,0.94,1.0,1.0,1.0,0.89
cut,action_words,0.25,0.0,0.03,0.0,0.0,0.17,0.1,0.06,0.22,0.12,0.11,0.37,0.18,0.27,0.4,0.57,0.1,0.55,0.62,0.5,0.33,0.0,0.89,1.0,0.5,1.0,0.78
dance,action_words,0.0,0.0,0.09,0.12,0.11,0.33,0.27,0.31,0.49,0.23,0.21,0.59,0.56,0.62,0.52,0.6,0.26,0.6,0.45,0.48,0.67,0.0,0.95,0.5,0.5,1.0,0.9
draw,action_words,0.0,0.0,0.06,0.0,0.0,0.17,0.12,0.16,0.24,0.12,0.21,0.46,0.49,0.21,0.34,0.5,0.1,0.22,0.76,0.46,0.33,0.0,0.49,0.5,0.5,1.0,0.65
drink2,action_words,0.0,0.08,0.18,0.0,0.0,0.44,0.44,0.17,0.56,0.22,0.44,0.44,0.36,0.64,0.59,0.36,0.0,1.0,1.0,0.44,,,0.87,,,,0.87
drive,action_words,0.0,0.0,0.02,0.06,0.0,0.02,0.08,0.06,0.07,0.0,0.1,0.26,0.2,0.14,0.19,0.32,0.15,0.21,0.38,0.2,0.67,0.0,1.0,0.5,0.5,1.0,
drop,action_words,0.0,0.08,0.06,0.0,0.0,0.16,0.14,0.08,0.31,0.2,0.11,0.41,0.02,0.26,0.32,0.25,0.0,0.0,0.25,0.39,0.33,0.0,0.45,1.0,0.5,1.0,0.57
dry1,action_words,0.0,0.0,0.03,0.0,0.0,0.04,0.1,0.06,0.17,0.06,0.06,0.27,0.14,0.28,0.32,0.38,0.1,0.08,0.17,0.23,0.33,0.0,0.66,1.0,0.5,1.0,0.65
dump,action_words,0.0,0.0,0.0,0.0,0.0,0.04,0.03,0.03,0.13,0.0,0.11,0.44,0.07,0.11,0.04,0.1,0.0,0.0,0.0,0.18,0.0,0.0,0.17,0.5,0.0,1.0,0.34
eat,action_words,0.0,0.05,0.06,0.0,0.0,0.08,0.08,0.13,0.2,0.12,0.14,0.22,0.18,0.23,0.19,0.28,0.07,0.21,0.2,0.12,0.67,0.0,0.98,1.0,1.0,1.0,0.95
fall,action_words,0.0,0.04,0.03,0.0,0.0,0.14,0.1,0.13,0.24,0.1,0.09,0.32,0.26,0.25,0.21,0.44,0.12,0.54,0.15,0.18,0.67,0.0,0.88,1.0,1.0,1.0,0.77
feed,action_words,0.0,0.0,0.12,0.0,0.0,0.13,0.12,0.07,0.3,0.17,0.11,0.41,0.07,0.42,0.35,0.41,0.0,0.1,0.25,0.45,0.33,0.0,0.78,1.0,1.0,1.0,0.55
find,action_words,0.0,0.08,0.06,0.0,0.0,0.23,0.12,0.19,0.27,0.2,0.22,0.61,0.18,0.56,0.27,0.51,0.0,0.2,1.0,0.46,0.67,0.0,0.89,1.0,0.5,1.0,0.78
finish,action_words,0.0,0.0,0.03,0.06,0.0,0.1,0.08,0.13,0.22,0.2,0.06,0.35,0.41,0.24,0.35,0.5,0.32,0.19,0.38,0.46,0.67,0.0,0.94,1.0,0.5,1.0,0.87
fit,action_words,0.0,0.0,0.06,0.0,0.0,0.1,0.03,0.08,0.17,0.17,0.11,0.44,0.0,0.2,0.21,0.24,0.0,0.1,0.25,0.3,0.67,0.0,0.58,1.0,0.5,1.0,0.5
fix,action_words,0.0,0.0,0.03,0.0,0.0,0.16,0.11,0.18,0.26,0.12,0.11,0.34,0.44,0.32,0.38,0.36,0.0,0.28,0.52,0.43,0.67,0.0,0.86,1.0,0.5,1.0,0.73
get,action_words,0.0,0.06,0.04,0.0,0.0,0.06,0.08,0.06,0.17,0.07,0.14,0.12,0.07,0.22,0.16,0.23,0.16,0.0,0.5,0.47,,,0.76,,,,0.76
give,action_words,0.0,0.17,0.06,0.25,0.07,0.2,0.21,0.23,0.41,0.24,0.44,0.61,0.25,0.69,0.53,0.58,0.33,0.2,1.0,0.47,1.0,0.0,0.9,1.0,0.5,1.0,0.81
go,action_words,0.12,0.1,0.1,0.06,0.1,0.28,0.2,0.28,0.35,0.21,0.14,0.34,0.31,0.32,0.36,0.43,0.27,0.3,0.41,0.4,0.67,0.0,0.98,1.0,1.0,1.0,0.95
hate,action_words,0.0,0.0,0.0,0.0,0.0,0.01,0.0,0.02,0.03,0.0,0.11,0.41,0.0,0.05,0.04,0.2,0.0,0.5,0.25,0.23,0.33,0.0,0.25,0.5,0.5,0.0,0.5
have,action_words,0.0,0.06,0.03,0.0,0.0,0.09,0.05,0.07,0.19,0.12,0.14,0.36,0.08,0.2,0.24,0.31,0.0,0.1,0.38,0.2,0.67,0.0,0.88,1.0,0.5,1.0,0.77
hear,action_words,0.0,0.0,0.0,0.0,0.0,0.04,0.02,0.06,0.12,0.06,0.0,0.38,0.03,0.15,0.23,0.24,0.13,0.28,0.14,0.21,0.33,0.0,0.84,1.0,0.5,1.0,0.69
help,action_words,0.0,0.04,0.03,0.0,0.0,0.3,0.18,0.22,0.37,0.28,0.22,0.59,0.5,0.62,0.56,0.69,0.36,0.35,0.82,0.52,0.67,0.0,0.95,1.0,0.5,1.0,0.9
hide,action_words,0.0,0.0,0.06,0.0,0.0,0.28,0.15,0.17,0.29,0.17,0.11,0.41,0.07,0.3,0.34,0.48,0.33,0.2,1.0,0.43,0.33,0.0,0.68,0.5,0.5,1.0,0.68
hit,action_words,0.0,0.5,0.06,0.0,0.11,0.28,0.15,0.13,0.3,0.12,0.26,0.56,0.26,0.32,0.52,0.66,0.16,0.47,0.79,0.42,0.33,0.0,0.68,1.0,0.5,1.0,0.68
hold,action_words,0.0,0.0,0.04,0.08,0.0,0.09,0.06,0.05,0.11,0.09,0.07,0.17,0.04,0.12,0.19,0.21,0.11,0.27,0.33,0.14,0.67,0.0,0.81,1.0,0.5,1.0,0.62
hug,action_words,0.0,0.12,0.12,0.0,0.21,0.3,0.48,0.47,0.51,0.46,0.58,0.66,0.33,0.5,0.6,0.72,0.46,0.63,0.82,0.6,0.67,0.0,0.9,1.0,1.0,1.0,0.8
hurry,action_words,0.0,0.54,0.0,0.0,0.0,0.26,0.1,0.14,0.22,0.06,0.21,0.41,0.46,0.25,0.5,0.37,0.34,0.5,0.62,0.27,0.0,0.0,0.68,1.0,0.5,1.0,0.69
jump,action_words,0.0,0.04,0.06,0.12,0.0,0.27,0.26,0.32,0.48,0.38,0.36,0.59,0.66,0.66,0.66,0.59,0.26,0.6,0.82,0.52,0.67,0.0,0.94,1.0,1.0,1.0,0.89
kick,action_words,0.0,0.54,0.06,0.0,0.11,0.2,0.14,0.3,0.36,0.03,0.16,0.47,0.26,0.39,0.52,0.65,0.36,0.4,0.48,0.38,0.67,0.0,0.86,1.0,0.5,1.0,0.71
kiss,action_words,0.0,0.11,0.1,0.08,0.12,0.28,0.21,0.55,0.48,0.58,0.36,0.58,0.66,0.67,0.61,0.76,0.38,0.51,0.66,0.66,1.0,0.0,0.95,1.0,1.0,1.0,0.9
knock,action_words,0.0,0.04,0.06,0.0,0.0,0.18,0.1,0.08,0.27,0.18,0.16,0.3,0.12,0.23,0.22,0.34,0.1,0.63,0.45,0.41,0.67,0.0,0.48,1.0,1.0,1.0,0.64
lick,action_words,0.0,0.0,0.0,0.0,0.0,0.08,0.04,0.1,0.14,0.03,0.06,0.3,0.06,0.18,0.25,0.4,0.16,0.48,0.26,0.28,0.67,0.0,0.59,1.0,0.5,1.0,0.51
like,action_words,0.0,0.0,0.0,0.0,0.0,0.28,0.15,0.11,0.3,0.24,0.22,0.65,0.51,0.66,0.51,0.46,0.0,0.8,1.0,0.48,0.67,0.0,0.92,1.0,0.5,1.0,0.85
listen,action_words,0.0,0.0,0.06,0.0,0.0,0.12,0.04,0.15,0.26,0.12,0.06,0.53,0.18,0.48,0.5,0.42,0.44,0.63,0.62,0.55,0.33,0.0,0.73,1.0,0.5,1.0,0.79
look,action_words,0.0,0.21,0.12,0.12,0.11,0.33,0.3,0.32,0.52,0.18,0.32,0.54,0.35,0.66,0.57,0.7,0.44,0.75,0.78,0.49,,,0.88,,,,0.88
love,action_words,0.0,0.08,0.24,0.0,0.0,0.47,0.21,0.47,0.5,0.48,0.78,0.48,0.61,0.74,0.65,0.69,0.67,0.9,1.0,0.58,1.0,0.0,0.97,1.0,1.0,1.0,0.94
make,action_words,0.0,0.0,0.0,0.0,0.0,0.06,0.02,0.04,0.14,0.06,0.11,0.14,0.11,0.16,0.24,0.24,0.0,0.07,0.33,0.15,0.33,0.0,0.86,1.0,0.5,1.0,0.72
open,action_words,0.25,0.12,0.09,0.12,0.11,0.38,0.29,0.42,0.61,0.36,0.49,0.65,0.5,0.68,0.58,0.82,0.44,0.68,0.82,0.78,0.67,0.0,0.97,1.0,0.5,1.0,0.94
paint,action_words,0.0,0.04,0.0,0.0,0.0,0.2,0.06,0.11,0.35,0.05,0.16,0.4,0.28,0.29,0.34,0.35,0.1,0.07,0.62,0.46,0.67,0.0,0.76,1.0,0.5,1.0,0.84
pick,action_words,0.0,0.0,0.0,0.0,0.0,0.15,0.06,0.14,0.24,0.02,0.16,0.37,0.18,0.21,0.34,0.41,0.0,0.07,0.26,0.3,0.33,0.0,0.46,1.0,0.5,1.0,0.6
play,action_words,0.0,0.12,0.06,0.0,0.0,0.41,0.24,0.37,0.52,0.36,0.38,0.59,0.6,0.71,0.58,0.64,0.36,0.85,0.82,0.64,0.67,0.0,0.97,1.0,1.0,1.0,0.94
pour,action_words,0.0,0.0,0.0,0.0,0.0,0.07,0.06,0.07,0.15,0.17,0.0,0.41,0.0,0.12,0.1,0.27,0.0,0.6,0.25,0.25,0.67,0.0,0.5,0.5,0.5,1.0,0.34
pretend,action_words,0.0,0.0,0.0,0.0,0.0,0.06,0.06,0.06,0.11,0.0,0.0,0.37,0.33,0.11,0.21,0.15,0.0,0.0,0.25,0.19,0.67,0.0,0.28,0.5,0.5,0.0,0.57
pull,action_words,0.0,0.0,0.06,0.0,0.0,0.17,0.12,0.14,0.18,0.15,0.11,0.46,0.08,0.21,0.2,0.48,0.0,0.07,0.65,0.31,0.33,0.0,0.66,0.5,0.5,1.0,0.65
push,action_words,0.0,0.58,0.06,0.0,0.11,0.39,0.24,0.26,0.35,0.15,0.42,0.66,0.4,0.37,0.64,0.45,0.26,0.62,0.65,0.5,0.33,0.0,0.74,0.5,0.5,1.0,0.8
put,action_words,0.0,0.0,0.03,0.0,0.0,0.21,0.06,0.08,0.24,0.15,0.21,0.56,0.13,0.43,0.27,0.52,0.1,0.13,0.68,0.48,0.33,0.0,0.87,0.5,1.0,1.0,0.74
read,action_words,0.0,0.0,0.09,0.0,0.0,0.28,0.16,0.24,0.34,0.25,0.06,0.46,0.28,0.52,0.34,0.61,0.16,0.22,0.79,0.46,0.67,0.0,0.92,0.5,1.0,1.0,0.83
ride,action_words,0.0,0.0,0.06,0.0,0.0,0.15,0.17,0.1,0.28,0.0,0.0,0.44,0.4,0.51,0.18,0.46,0.0,0.6,0.25,0.43,0.33,0.0,0.85,0.5,1.0,1.0,0.7
rip,action_words,0.0,0.0,0.06,0.0,0.0,0.05,0.03,0.06,0.06,0.0,0.0,0.41,0.0,0.09,0.19,0.2,0.0,0.0,0.25,0.27,0.0,0.0,0.54,0.5,0.5,1.0,0.4
run,action_words,0.0,0.01,0.02,0.0,0.03,0.07,0.1,0.08,0.12,0.05,0.1,0.14,0.18,0.2,0.3,0.3,0.0,0.12,0.2,0.1,0.67,0.0,0.94,0.5,1.0,1.0,0.87
say,action_words,0.0,0.0,0.0,0.0,0.0,0.08,0.06,0.08,0.1,0.15,0.0,0.36,0.16,0.37,0.33,0.45,0.0,0.22,0.42,0.2,0.33,0.0,0.67,0.5,0.5,1.0,
see,action_words,0.0,0.08,0.04,0.0,0.06,0.12,0.06,0.14,0.24,0.08,0.16,0.32,0.2,0.29,0.37,0.4,0.18,0.34,0.39,0.26,1.0,0.0,0.93,0.5,1.0,1.0,0.86
shake,action_words,0.0,0.08,0.06,0.0,0.0,0.25,0.06,0.1,0.24,0.04,0.11,0.41,0.13,0.22,0.35,0.22,0.0,0.1,0.75,0.37,0.67,0.0,0.52,0.5,0.5,1.0,0.71
share,action_words,0.0,0.0,0.0,0.0,0.0,0.08,0.06,0.12,0.17,0.18,0.0,0.4,0.24,0.24,0.33,0.51,0.2,0.08,0.26,0.33,0.67,0.0,0.67,0.5,0.5,1.0,
show,action_words,0.0,0.04,0.0,0.0,0.0,0.22,0.08,0.18,0.2,0.12,0.0,0.38,0.13,0.18,0.33,0.56,0.2,0.15,0.68,0.43,0.33,0.0,0.7,0.5,0.5,1.0,0.73
sing,action_words,0.0,0.0,0.06,0.12,0.0,0.24,0.18,0.27,0.32,0.28,0.16,0.34,0.46,0.57,0.46,0.59,0.26,0.35,0.45,0.4,0.67,0.0,0.9,0.5,0.5,1.0,0.79
sit,action_words,0.0,0.07,0.03,0.0,0.04,0.05,0.06,0.22,0.17,0.14,0.14,0.3,0.28,0.24,0.28,0.5,0.41,0.19,0.44,0.26,0.67,0.0,1.0,0.5,0.5,1.0,
skate,action_words,0.0,0.0,0.0,0.0,0.0,0.0,0.06,0.04,0.11,0.0,0.11,0.44,0.0,0.13,0.08,0.27,0.0,0.0,0.5,0.0,0.0,0.0,0.0,0.5,0.5,0.0,
sleep,action_words,0.0,0.08,0.06,0.0,0.0,0.33,0.2,0.3,0.48,0.42,0.44,0.56,0.68,0.69,0.52,0.84,0.54,0.42,0.76,0.48,1.0,0.0,0.95,0.5,1.0,1.0,0.9
slide2,action_words,0.0,0.17,0.0,0.0,0.0,0.26,0.11,0.08,0.29,0.0,0.11,0.22,0.07,0.31,0.18,0.29,0.0,0.0,0.0,0.32,,,0.63,,,,0.63
smile,action_words,0.0,0.04,0.03,0.12,0.0,0.18,0.14,0.21,0.22,0.3,0.06,0.4,0.46,0.23,0.26,0.6,0.1,0.28,0.39,0.51,0.67,0.0,0.75,0.5,1.0,1.0,0.83
spill,action_words,0.25,0.0,0.0,0.0,0.0,0.08,0.02,0.11,0.13,0.06,0.1,0.34,0.0,0.17,0.19,0.43,0.1,0.13,0.42,0.44,0.67,0.0,0.62,0.5,1.0,1.0,0.57
splash,action_words,0.25,0.08,0.31,0.0,0.0,0.19,0.12,0.19,0.3,0.3,0.41,0.38,0.5,0.52,0.26,0.44,0.56,0.63,0.55,0.41,0.67,0.0,0.66,0.5,0.5,1.0,0.64
stand,action_words,0.0,0.04,0.06,0.0,0.0,0.16,0.06,0.2,0.23,0.28,0.06,0.43,0.18,0.19,0.3,0.47,0.1,0.55,0.45,0.47,0.67,0.0,0.84,0.5,1.0,1.0,0.67
stay,action_words,0.0,0.17,0.06,0.25,0.0,0.22,0.12,0.23,0.36,0.0,0.22,0.44,0.07,0.3,0.45,0.46,0.0,0.2,0.75,0.44,0.67,0.0,0.7,0.5,1.0,1.0,0.72
stop,action_words,0.0,0.08,0.18,0.12,0.17,0.34,0.32,0.41,0.56,0.28,0.28,0.62,0.38,0.5,0.61,0.72,0.44,0.68,0.85,0.79,0.67,0.0,0.82,0.5,1.0,1.0,0.97
sweep,action_words,0.0,0.0,0.06,0.0,0.0,0.0,0.06,0.07,0.2,0.17,0.11,0.41,0.16,0.16,0.19,0.38,0.0,0.1,0.25,0.1,0.67,0.0,0.67,0.5,1.0,1.0,
swim,action_words,0.0,0.0,0.03,0.0,0.0,0.26,0.14,0.18,0.36,0.06,0.11,0.53,0.21,0.35,0.46,0.57,0.36,0.47,0.62,0.76,0.67,0.0,0.74,0.5,1.0,1.0,0.82
swing2,action_words,0.0,0.17,0.06,0.0,0.0,0.36,0.22,0.14,0.47,0.22,0.22,0.33,0.07,0.44,0.29,0.29,0.0,1.0,0.0,0.36,,,0.72,,,,0.72
take,action_words,0.0,0.02,0.04,0.0,0.0,0.09,0.02,0.06,0.14,0.08,0.1,0.18,0.1,0.17,0.19,0.31,0.15,0.28,0.2,0.1,0.67,0.0,0.9,0.5,0.5,1.0,0.8
talk,action_words,0.0,0.0,0.03,0.0,0.0,0.09,0.08,0.12,0.17,0.0,0.06,0.31,0.21,0.46,0.35,0.57,0.0,0.28,0.82,0.34,0.33,0.0,0.88,0.5,0.5,1.0,0.76
taste,action_words,0.0,0.0,0.0,0.0,0.0,0.08,0.02,0.1,0.14,0.0,0.06,0.43,0.11,0.22,0.14,0.34,0.1,0.48,0.39,0.4,0.67,0.0,0.81,0.5,0.5,1.0,0.62
tear,action_words,0.0,0.0,0.0,0.0,0.0,0.04,0.03,0.05,0.11,0.0,0.0,0.41,0.0,0.1,0.12,0.14,0.0,0.0,0.25,0.28,0.33,0.0,0.38,0.5,0.0,1.0,0.44
think,action_words,0.0,0.5,0.0,0.0,0.0,0.14,0.02,0.03,0.11,0.0,0.06,0.34,0.31,0.15,0.17,0.13,0.0,0.0,0.62,0.28,0.33,0.0,0.52,0.5,0.5,1.0,0.71
throw,action_words,0.0,0.04,0.06,0.0,0.0,0.12,0.19,0.14,0.2,0.12,0.16,0.41,0.13,0.26,0.41,0.56,0.2,0.4,0.79,0.33,0.67,0.0,0.67,0.5,0.5,1.0,
tickle,action_words,0.0,0.08,0.06,0.0,0.0,0.24,0.21,0.25,0.38,0.18,0.31,0.35,0.5,0.5,0.3,0.68,0.36,0.12,0.22,0.49,,,0.68,,,,0.68
touch,action_words,0.0,0.0,0.06,0.0,0.0,0.18,0.21,0.18,0.38,0.16,0.11,0.3,0.14,0.54,0.48,0.48,0.33,0.0,1.0,0.41,,,0.82,,,,0.82
wait,action_words,0.0,0.08,0.03,0.0,0.0,0.28,0.26,0.25,0.35,0.11,0.16,0.25,0.3,0.39,0.38,0.59,0.16,0.25,0.72,0.76,,,0.87,,,,0.87
wake,action_words,0.0,0.0,0.0,0.0,0.0,0.1,0.08,0.27,0.19,0.0,0.21,0.17,0.17,0.28,0.2,0.47,0.1,0.5,0.72,0.34,,,0.62,,,,0.62
walk,action_words,0.0,0.08,0.06,0.0,0.11,0.22,0.16,0.44,0.39,0.04,0.06,0.42,0.39,0.45,0.41,0.71,0.16,0.12,0.72,0.48,,,0.85,,,,0.85
wash,action_words,0.0,0.0,0.09,0.0,0.0,0.21,0.18,0.15,0.32,0.07,0.16,0.24,0.44,0.39,0.43,0.58,0.26,0.12,0.64,0.4,,,,,,,
watch2,action_words,0.0,0.0,0.06,0.0,0.0,0.3,0.22,0.08,0.3,0.22,0.33,0.33,0.0,0.35,0.29,0.36,0.0,1.0,1.0,0.38,,,0.76,,,,0.76
wipe,action_words,0.0,0.0,0.03,0.12,0.0,0.11,0.14,0.24,0.22,0.0,0.0,0.22,0.3,0.22,0.25,0.42,0.2,0.0,0.68,0.34,,,0.61,,,,0.61
wish,action_words,0.0,0.0,0.06,0.0,0.0,0.05,0.03,0.08,0.11,0.0,0.0,0.16,0.0,0.11,0.0,0.22,0.33,0.0,0.0,0.3,,,0.59,,,,0.59
work2,action_words,0.0,0.0,0.06,0.0,0.0,0.3,0.11,0.14,0.34,0.22,0.22,0.33,0.07,0.4,0.29,0.36,0.0,0.0,1.0,0.38,,,0.77,,,,0.77
write,action_words,0.0,0.0,0.03,0.0,0.0,0.16,0.04,0.07,0.14,0.0,0.11,0.32,0.17,0.21,0.16,0.33,0.1,0.0,0.64,0.25,,,0.74,,,,0.74
alligator,animals,0.0,0.17,0.06,0.0,0.0,0.13,0.12,0.18,0.37,0.06,0.11,0.48,0.08,0.48,0.27,0.49,0.33,0.6,0.0,0.37,0.67,0.0,0.61,0.5,0.0,1.0,0.89
animal,animals,0.25,0.08,0.06,0.0,0.0,0.16,0.2,0.34,0.37,0.3,0.26,0.62,0.52,0.58,0.52,0.56,0.44,0.62,0.77,0.82,0.67,0.0,0.94,1.0,0.5,1.0,0.87
ant,animals,0.0,0.08,0.12,0.0,0.0,0.25,0.26,0.13,0.37,0.07,0.0,0.65,0.14,0.41,0.35,0.39,0.33,0.8,1.0,0.4,0.67,0.0,0.56,0.5,0.5,1.0,0.79
bear,animals,0.0,0.17,0.18,0.0,0.07,0.41,0.33,0.4,0.63,0.28,0.44,0.89,0.3,0.56,0.58,0.49,1.0,0.6,1.0,0.85,0.67,0.0,0.81,0.5,1.0,1.0,0.95
bee,animals,0.25,0.12,0.06,0.12,0.11,0.28,0.12,0.24,0.46,0.05,0.46,0.59,0.5,0.46,0.43,0.54,0.46,0.63,0.79,0.56,0.67,0.0,0.76,0.5,1.0,1.0,0.84
bird,animals,0.25,0.29,0.24,0.12,0.1,0.46,0.38,0.48,0.66,0.42,0.48,0.62,0.7,0.72,0.7,0.74,0.54,0.55,0.82,0.64,1.0,0.0,0.98,0.5,1.0,1.0,0.95
bug,animals,0.0,0.17,0.18,0.0,0.0,0.32,0.32,0.18,0.42,0.28,0.33,0.69,0.23,0.48,0.47,0.3,0.33,0.7,0.75,0.43,0.33,0.0,0.85,0.5,1.0,1.0,0.7
bunny,animals,0.5,0.25,0.18,0.25,0.0,0.48,0.29,0.52,0.66,0.48,0.44,0.72,0.61,0.49,0.61,0.56,0.33,0.8,1.0,0.49,0.67,0.0,0.78,0.5,0.5,0.0,0.88
butterfly,animals,0.0,0.04,0.06,0.12,0.0,0.2,0.27,0.26,0.52,0.42,0.46,0.63,0.52,0.62,0.54,0.48,0.54,0.7,0.86,0.93,1.0,0.0,0.98,1.0,1.0,1.0,0.96
cat,animals,0.0,0.21,0.7,0.62,0.78,0.69,0.78,0.85,0.75,0.91,0.78,0.96,0.92,0.89,0.92,0.93,0.84,1.0,1.0,0.6,0.67,0.0,1.0,1.0,1.0,1.0,
chicken1,animals,0.0,0.12,0.09,0.0,0.21,0.24,0.29,0.43,0.44,0.32,0.44,0.65,0.41,0.66,0.64,0.68,0.44,0.81,0.86,0.89,0.67,0.0,0.97,1.0,1.0,1.0,0.94
cow,animals,0.25,0.08,0.24,0.0,0.32,0.28,0.27,0.32,0.52,0.13,0.32,0.78,0.58,0.72,0.56,0.56,0.64,0.67,0.82,0.78,0.67,0.0,0.96,1.0,1.0,1.0,0.91
deer,animals,0.0,0.04,0.09,0.0,0.05,0.05,0.02,0.06,0.1,0.0,0.1,0.59,0.18,0.18,0.1,0.17,0.26,0.0,0.7,0.1,0.0,0.0,0.2,0.5,0.0,0.0,0.41
dog,animals,0.25,0.29,0.3,0.12,0.42,0.54,0.48,0.58,0.77,0.74,0.74,0.84,0.79,0.78,0.84,0.82,0.74,0.75,0.85,0.64,0.67,0.0,0.99,1.0,1.0,1.0,0.98
donkey,animals,0.25,0.04,0.03,0.12,0.17,0.14,0.23,0.2,0.15,0.18,0.21,0.72,0.16,0.16,0.25,0.32,0.64,0.15,0.79,0.4,0.67,0.0,0.63,0.5,0.5,1.0,0.59
duck,animals,0.25,0.21,0.12,0.25,0.1,0.4,0.26,0.4,0.6,0.38,0.54,0.74,0.44,0.72,0.51,0.51,0.64,0.53,0.79,0.57,0.67,0.0,0.95,0.5,1.0,1.0,0.9
elephant,animals,0.0,0.17,0.18,0.25,0.0,0.36,0.3,0.49,0.68,0.41,0.44,0.52,0.74,0.83,0.67,0.72,0.67,0.9,1.0,0.85,0.67,0.0,0.98,1.0,1.0,1.0,0.96
fish1,animals,0.0,0.21,0.24,0.25,0.0,0.27,0.29,0.52,0.6,0.42,0.38,0.58,0.43,0.71,0.72,0.85,0.58,0.76,0.8,0.85,1.0,0.0,0.98,1.0,1.0,1.0,0.97
frog,animals,0.0,0.12,0.03,0.5,0.0,0.3,0.34,0.36,0.58,0.58,0.56,0.69,0.32,0.55,0.51,0.74,0.84,0.77,0.97,0.63,0.67,0.0,0.79,1.0,1.0,1.0,0.91
giraffe,animals,0.0,0.04,0.03,0.0,0.0,0.2,0.1,0.34,0.42,0.38,0.31,0.64,0.31,0.44,0.47,0.72,0.64,0.35,0.82,0.66,0.67,0.0,0.92,1.0,1.0,1.0,0.85
goose,animals,0.0,0.04,0.03,0.0,0.0,0.12,0.04,0.03,0.08,0.08,0.06,0.43,0.0,0.15,0.08,0.09,0.0,0.2,0.2,0.16,0.33,0.0,0.38,0.5,0.0,0.0,0.44
hen,animals,0.0,0.0,0.0,0.0,0.0,0.1,0.04,0.08,0.06,0.0,0.0,0.52,0.11,0.12,0.04,0.18,0.34,0.4,0.09,0.09,0.0,0.0,0.34,0.5,0.0,0.0,0.35
horse,animals,0.0,0.12,0.12,0.0,0.11,0.39,0.33,0.6,0.54,0.29,0.48,0.68,0.6,0.69,0.66,0.66,0.6,0.6,0.79,0.64,0.67,0.0,0.97,0.5,1.0,1.0,0.94
kitty,animals,0.0,0.58,0.35,0.25,0.25,0.37,0.29,0.41,0.48,0.15,0.56,0.19,0.61,0.51,0.42,0.4,1.0,0.5,1.0,0.46,0.67,0.0,0.4,0.5,0.5,1.0,0.79
lamb,animals,0.0,0.04,0.06,0.0,0.0,0.16,0.08,0.15,0.13,0.03,0.11,0.4,0.13,0.13,0.12,0.13,0.44,0.08,0.39,0.2,0.33,0.0,0.2,0.5,0.0,0.0,0.4
lion,animals,0.0,0.16,0.06,0.12,0.0,0.4,0.29,0.47,0.55,0.36,0.36,0.56,0.38,0.49,0.62,0.57,0.54,0.68,0.85,0.79,1.0,0.0,0.98,1.0,1.0,1.0,0.95
monkey,animals,0.0,0.33,0.18,0.25,0.25,0.35,0.42,0.6,0.68,0.44,0.67,0.72,0.39,0.9,0.92,0.67,0.67,1.0,1.0,0.99,1.0,0.0,0.98,0.5,1.0,1.0,0.96
moose,animals,0.0,0.17,0.06,0.0,0.0,0.06,0.14,0.22,0.08,0.0,0.11,0.57,0.07,0.23,0.08,0.15,0.0,0.0,0.25,0.18,0.33,0.0,0.18,0.5,0.5,0.0,0.35
mouse,animals,0.0,0.06,0.05,0.03,0.04,0.06,0.04,0.1,0.12,0.08,0.08,0.22,0.07,0.12,0.14,0.08,0.14,0.17,0.19,0.19,0.67,0.0,0.32,0.5,1.0,0.0,0.34
owl,animals,0.0,0.08,0.18,0.0,0.0,0.13,0.18,0.12,0.34,0.11,0.11,0.81,0.11,0.34,0.23,0.39,0.0,0.3,1.0,0.35,0.67,0.0,0.32,0.5,0.5,0.0,0.64
penguin,animals,0.0,0.04,0.03,0.0,0.0,0.16,0.12,0.29,0.4,0.28,0.31,0.59,0.5,0.34,0.28,0.37,0.74,0.32,0.85,0.87,0.67,0.0,0.78,0.5,0.5,1.0,0.88
pig,animals,0.0,0.08,0.18,0.12,0.17,0.46,0.18,0.38,0.56,0.13,0.32,0.62,0.6,0.68,0.6,0.61,0.54,0.55,0.79,0.64,0.67,0.0,0.47,0.5,1.0,1.0,0.94
pony,animals,0.0,0.04,0.06,0.0,0.0,0.1,0.04,0.06,0.16,0.03,0.16,0.53,0.08,0.22,0.21,0.09,0.2,0.0,0.26,0.28,0.67,0.0,0.36,0.5,0.0,0.0,0.72
puppy,animals,0.0,0.21,0.14,0.12,0.21,0.38,0.42,0.21,0.47,0.42,0.36,0.65,0.4,0.4,0.41,0.7,0.84,0.53,0.32,0.57,0.67,0.0,0.44,0.5,0.5,0.0,0.87
rooster,animals,0.0,0.08,0.0,0.0,0.0,0.13,0.12,0.06,0.14,0.0,0.22,0.41,0.16,0.17,0.15,0.21,0.33,0.1,0.25,0.3,0.33,0.0,0.42,0.5,0.0,1.0,0.5
sheep,animals,0.0,0.08,0.09,0.0,0.0,0.26,0.22,0.34,0.44,0.2,0.21,0.62,0.26,0.55,0.36,0.5,0.26,0.2,0.82,0.53,0.67,0.0,0.86,0.5,1.0,1.0,0.71
squirrel,animals,0.0,0.08,0.06,0.0,0.0,0.15,0.2,0.16,0.35,0.11,0.22,0.57,0.16,0.57,0.3,0.38,0.0,0.5,0.5,0.41,0.0,0.0,0.32,0.5,0.0,0.0,0.64
teddybear,animals,0.0,0.08,0.18,0.0,0.0,0.24,0.15,0.32,0.46,0.34,0.22,0.66,0.28,0.51,0.39,0.47,0.33,0.6,0.5,0.28,0.33,0.0,0.54,0.5,0.0,1.0,0.74
tiger,animals,0.0,0.08,0.06,0.75,0.17,0.2,0.15,0.41,0.44,0.13,0.52,0.72,0.33,0.47,0.52,0.57,0.54,0.55,0.82,0.84,1.0,0.0,0.97,0.5,0.5,1.0,0.94
turkey,animals,0.0,0.08,0.12,0.0,0.0,0.12,0.2,0.07,0.14,0.04,0.22,0.44,0.09,0.25,0.12,0.15,0.33,0.5,0.25,0.24,0.33,0.0,0.52,0.5,0.5,0.0,0.71
turtle,animals,0.0,0.17,0.12,0.0,0.0,0.27,0.24,0.3,0.54,0.31,0.22,0.69,0.2,0.41,0.43,0.53,0.33,0.7,1.0,0.5,0.67,0.0,0.96,0.5,1.0,1.0,0.91
wolf,animals,0.0,0.04,0.03,0.0,0.0,0.06,0.02,0.07,0.12,0.03,0.06,0.49,0.0,0.15,0.11,0.15,0.36,0.0,0.42,0.26,0.33,0.0,0.32,0.5,0.0,0.0,0.63
zebra,animals,0.0,0.04,0.03,0.0,0.0,0.13,0.14,0.25,0.38,0.23,0.36,0.64,0.22,0.58,0.37,0.55,0.46,0.55,0.79,0.67,0.67,0.0,0.94,0.5,1.0,1.0,0.89
ankle,body_parts,0.0,0.0,0.0,0.0,0.0,0.0,0.03,0.04,0.06,0.07,0.11,0.54,0.0,0.09,0.1,0.15,0.0,0.0,0.25,0.1,0.0,0.0,0.33,0.5,0.5,0.0,
arm,body_parts,0.0,0.17,0.06,0.25,0.0,0.18,0.34,0.28,0.37,0.11,0.22,0.65,0.63,0.75,0.41,0.47,0.33,0.6,1.0,0.3,0.67,0.0,0.33,1.0,0.5,1.0,
bellybutton,body_parts,0.0,0.33,0.18,0.0,0.25,0.06,0.36,0.34,0.42,0.24,0.11,0.47,0.42,0.73,0.46,0.59,0.33,0.9,0.5,0.4,1.0,0.0,1.0,1.0,1.0,1.0,
buttocks/bottom,body_parts,0.0,0.08,0.03,0.0,0.0,0.03,0.2,0.24,0.32,0.16,0.1,0.34,0.4,0.41,0.33,0.56,0.22,0.64,0.38,0.3,0.67,0.0,0.67,1.0,1.0,1.0,
cheek,body_parts,0.0,0.54,0.03,0.0,0.17,0.12,0.21,0.24,0.19,0.11,0.26,0.37,0.43,0.5,0.4,0.48,0.0,0.2,0.73,0.33,0.67,0.0,0.67,0.5,1.0,1.0,
chin,body_parts,0.0,0.04,0.0,0.12,0.0,0.04,0.16,0.19,0.22,0.18,0.21,0.46,0.43,0.51,0.27,0.49,0.1,0.2,0.76,0.33,0.67,0.0,0.67,0.5,1.0,0.0,
ear,body_parts,0.0,0.25,0.18,0.12,0.34,0.19,0.28,0.55,0.6,0.21,0.32,0.43,0.61,0.46,0.6,0.76,0.46,0.57,0.64,0.4,0.67,0.0,1.0,1.0,1.0,1.0,
eye,body_parts,0.0,0.34,0.2,0.12,0.7,0.29,0.42,0.65,0.61,0.42,0.49,0.6,0.7,0.75,0.67,0.8,0.36,0.68,0.82,0.4,1.0,0.0,0.67,1.0,1.0,1.0,
face,body_parts,0.0,0.66,0.03,0.0,0.17,0.17,0.23,0.26,0.22,0.23,0.26,0.56,0.62,0.62,0.5,0.54,0.3,0.55,0.82,0.4,0.67,0.0,1.0,1.0,1.0,1.0,
finger,body_parts,0.0,0.04,0.06,0.0,0.17,0.08,0.24,0.38,0.27,0.23,0.26,0.56,0.6,0.7,0.5,0.76,0.36,0.85,0.82,0.47,0.67,0.0,1.0,1.0,1.0,1.0,
foot,body_parts,0.0,0.08,0.1,0.02,0.08,0.2,0.13,0.16,0.28,0.17,0.12,0.22,0.16,0.3,0.36,0.3,0.24,0.34,0.3,0.16,0.67,0.0,0.36,1.0,1.0,1.0,0.16
hair,body_parts,0.0,0.16,0.06,0.0,0.17,0.25,0.31,0.49,0.93,0.18,0.32,0.4,0.58,0.54,0.59,0.77,0.26,0.75,0.68,0.2,,,,,,,
hand,body_parts,0.0,0.08,0.03,0.0,0.28,0.21,0.29,0.57,0.5,0.26,0.42,0.59,0.63,0.62,0.72,0.84,0.26,0.7,0.82,0.47,1.0,0.0,1.0,1.0,1.0,1.0,
head,body_parts,0.0,0.08,0.06,0.12,0.33,0.17,0.24,0.42,0.39,0.38,0.31,0.34,0.6,0.6,0.65,0.78,0.46,0.62,0.85,0.4,0.67,0.0,1.0,1.0,1.0,1.0,
knee,body_parts,0.0,0.04,0.03,0.12,0.17,0.08,0.17,0.32,0.21,0.23,0.21,0.33,0.4,0.29,0.31,0.44,0.26,0.62,0.59,0.4,0.67,0.0,1.0,1.0,1.0,1.0,
leg,body_parts,0.0,0.17,0.12,0.25,0.25,0.38,0.29,0.28,0.39,0.28,0.22,0.65,0.51,0.71,0.51,0.49,0.33,0.6,0.25,0.3,0.67,0.0,1.0,1.0,0.5,1.0,
mouth,body_parts,0.0,0.16,0.09,0.12,0.17,0.29,0.29,0.46,0.5,0.23,0.32,0.59,0.56,0.4,0.56,0.78,0.46,0.68,0.85,0.4,1.0,0.0,0.67,1.0,1.0,1.0,
nose,body_parts,0.0,0.34,0.24,0.12,0.32,0.33,0.4,0.69,0.59,0.42,0.26,0.52,0.75,0.72,0.75,0.8,0.26,0.68,0.82,0.4,1.0,0.0,1.0,1.0,1.0,1.0,
owie,body_parts,0.0,0.25,0.18,0.0,0.46,0.38,0.5,0.41,0.55,0.4,0.33,0.36,0.47,0.5,0.48,0.38,0.33,0.9,0.5,0.3,0.67,0.0,0.67,1.0,1.0,1.0,
penis,body_parts,0.0,0.17,0.12,0.0,0.25,0.25,0.17,0.13,0.2,0.04,0.22,0.57,0.25,0.34,0.26,0.53,0.0,0.8,0.25,0.4,0.33,0.0,0.67,1.0,0.5,0.0,
shoulder,body_parts,0.0,0.0,0.0,0.0,0.0,0.06,0.03,0.22,0.05,0.2,0.06,0.34,0.12,0.11,0.21,0.36,0.26,0.4,0.22,0.3,0.67,0.0,0.33,0.5,0.5,1.0,
toe,body_parts,0.0,0.39,0.02,0.33,0.31,0.21,0.2,0.35,0.32,0.27,0.17,0.35,0.33,0.21,0.25,0.53,0.31,0.38,0.48,0.3,0.67,0.0,0.51,1.0,1.0,1.0,0.02
tongue,body_parts,0.0,0.08,0.03,0.0,0.17,0.04,0.25,0.24,0.2,0.23,0.26,0.43,0.22,0.56,0.37,0.6,0.36,0.62,0.48,0.33,0.67,0.0,1.0,1.0,0.5,1.0,
tooth,body_parts,0.0,0.16,0.08,0.0,0.14,0.1,0.17,0.18,0.29,0.16,0.16,0.26,0.18,0.29,0.36,0.44,0.23,0.37,0.45,0.23,0.67,0.0,0.53,1.0,1.0,1.0,0.3
tummy,body_parts,0.0,0.17,0.24,0.0,0.25,0.38,0.26,0.47,0.43,0.44,0.22,0.65,0.67,0.78,0.75,0.74,0.33,0.9,1.0,0.4,1.0,0.0,1.0,1.0,0.5,1.0,
vagina,body_parts,0.0,0.0,0.06,0.0,0.0,0.0,0.17,0.09,0.15,0.04,0.11,0.41,0.36,0.2,0.25,0.23,0.0,0.2,0.25,0.1,0.0,0.0,0.33,0.0,1.0,0.0,
beads,clothing,0.0,0.0,0.06,0.0,0.0,0.06,0.06,0.04,0.08,0.0,0.0,0.41,0.0,0.14,0.17,0.1,0.0,0.0,0.25,0.23,0.33,0.0,0.14,1.0,0.5,1.0,0.28
belt,clothing,0.0,0.04,0.0,0.0,0.0,0.09,0.28,0.17,0.2,0.05,0.2,0.38,0.33,0.29,0.28,0.31,0.2,0.55,0.55,0.46,0.67,0.0,0.82,1.0,0.5,1.0,0.63
bib,clothing,0.25,0.08,0.28,0.0,0.0,0.17,0.26,0.4,0.29,0.23,0.2,0.4,0.29,0.48,0.33,0.44,0.3,0.23,0.35,0.45,0.67,0.0,0.7,1.0,1.0,1.0,0.39
boots,clothing,0.5,0.25,0.06,0.0,0.25,0.45,0.44,0.46,0.54,0.28,0.22,0.85,0.65,0.44,0.5,0.6,0.33,0.7,0.5,0.45,0.67,0.0,0.87,1.0,1.0,1.0,0.74
button,clothing,0.0,0.04,0.03,0.0,0.0,0.22,0.22,0.32,0.36,0.08,0.21,0.49,0.22,0.52,0.48,0.56,0.2,0.68,0.45,0.56,0.67,0.0,0.82,1.0,1.0,1.0,0.65
coat,clothing,0.0,0.08,0.0,0.0,0.0,0.24,0.26,0.16,0.27,0.23,0.16,0.25,0.26,0.45,0.36,0.52,0.0,0.55,0.48,0.4,0.33,0.0,0.7,1.0,1.0,1.0,0.41
diaper,clothing,0.0,0.58,0.24,0.0,0.14,0.47,0.53,0.6,0.67,0.48,0.56,0.69,0.81,0.82,0.74,0.7,0.33,0.9,1.0,0.52,0.67,0.0,0.88,1.0,1.0,1.0,0.76
dress,clothing,0.0,0.54,0.28,0.0,0.0,0.26,0.2,0.22,0.2,0.33,0.21,0.52,0.32,0.49,0.31,0.38,0.1,0.62,0.76,0.44,0.67,0.0,0.87,0.5,1.0,1.0,0.74
gloves,clothing,0.0,0.0,0.0,0.0,0.0,0.1,0.21,0.12,0.23,0.04,0.33,0.61,0.42,0.25,0.31,0.39,0.0,0.1,0.5,0.35,0.67,0.0,0.82,1.0,1.0,1.0,0.65
hat,clothing,0.25,0.58,0.09,0.12,0.44,0.47,0.31,0.41,0.6,0.18,0.11,0.41,0.4,0.53,0.51,0.75,0.16,0.62,0.64,0.36,,,0.87,,,,0.87
jacket,clothing,0.0,0.12,0.03,0.25,0.0,0.34,0.18,0.36,0.38,0.14,0.32,0.59,0.43,0.59,0.27,0.64,0.1,0.72,0.71,0.65,0.67,0.0,0.9,0.5,0.5,1.0,0.8
jeans,clothing,0.0,0.0,0.0,0.0,0.0,0.13,0.17,0.11,0.22,0.37,0.33,0.44,0.05,0.23,0.37,0.29,0.0,0.6,0.5,0.44,0.33,0.0,0.53,0.5,0.5,0.0,0.73
necklace,clothing,0.0,0.0,0.0,0.0,0.0,0.17,0.24,0.07,0.21,0.04,0.22,0.41,0.47,0.48,0.27,0.4,0.0,0.8,0.5,0.35,0.67,0.0,0.66,1.0,0.5,1.0,0.65
pajamas,clothing,0.5,0.08,0.34,0.5,0.12,0.58,0.41,0.58,0.6,0.66,0.66,0.84,0.8,0.86,0.68,0.87,0.4,0.88,0.62,0.91,1.0,0.0,0.94,1.0,1.0,1.0,0.87
pants,clothing,0.0,0.42,0.06,0.25,0.0,0.52,0.32,0.41,0.58,0.28,0.67,0.65,0.65,0.8,0.76,0.67,0.33,0.9,1.0,0.56,0.67,0.0,0.94,1.0,1.0,1.0,0.88
scarf,clothing,0.0,0.0,0.0,0.0,0.0,0.1,0.12,0.04,0.1,0.0,0.0,0.41,0.07,0.12,0.17,0.3,0.0,0.1,0.5,0.24,0.33,0.0,0.49,0.5,0.5,1.0,0.31
shirt,clothing,0.0,0.02,0.03,0.0,0.0,0.14,0.08,0.38,0.18,0.18,0.06,0.44,0.48,0.57,0.42,0.7,0.38,0.22,0.66,0.57,0.67,0.0,0.89,1.0,1.0,1.0,0.78
shoe,clothing,0.17,0.58,0.2,0.17,0.4,0.36,0.23,0.37,0.41,0.23,0.61,0.35,0.42,0.45,0.49,0.54,0.18,0.83,0.52,0.51,1.0,0.0,0.52,1.0,1.0,1.0,0.5
slipper,clothing,0.0,0.0,0.03,0.0,0.0,0.14,0.31,0.2,0.15,0.3,0.36,0.63,0.19,0.42,0.38,0.52,0.2,0.33,0.48,0.42,0.67,0.0,0.73,0.5,1.0,1.0,0.46
sneaker,clothing,0.0,0.0,0.0,0.0,0.0,0.15,0.08,0.09,0.17,0.17,0.0,0.41,0.0,0.46,0.18,0.27,0.0,0.5,0.5,0.36,0.0,0.0,0.57,0.5,0.5,1.0,0.48
snowsuit,clothing,,,,,0.0,0.02,0.19,0.03,0.16,0.0,,0.5,0.2,0.1,0.12,0.27,,0.0,0.0,0.08,0.0,0.0,0.08,0.5,0.5,0.0,0.16
sock,clothing,0.17,0.11,0.12,0.08,0.36,0.18,0.19,0.4,0.34,0.13,0.18,0.33,0.24,0.36,0.39,0.47,0.18,0.47,0.32,0.52,1.0,0.0,0.48,1.0,0.5,1.0,0.43
sweater,clothing,0.0,0.0,0.0,0.25,0.0,0.13,0.18,0.1,0.26,0.2,0.22,0.65,0.14,0.56,0.49,0.51,0.0,0.7,1.0,0.4,1.0,0.0,0.8,1.0,1.0,1.0,0.59
tights,clothing,0.0,0.0,0.25,0.0,0.11,0.04,0.16,0.1,0.18,0.25,0.2,0.45,0.06,0.12,0.16,0.22,0.3,0.37,0.52,0.32,1.0,0.0,0.32,0.5,1.0,1.0,0.3
underpants,clothing,0.0,0.5,0.0,0.0,0.0,0.06,0.15,0.04,0.11,0.12,0.16,0.33,0.2,0.08,0.35,0.29,0.2,0.71,0.32,0.2,0.67,0.0,0.67,1.0,1.0,1.0,
zipper,clothing,0.0,0.0,0.06,0.0,0.0,0.24,0.21,0.13,0.31,0.2,0.22,0.61,0.11,0.3,0.33,0.42,0.0,0.7,0.5,0.36,0.67,0.0,0.84,0.5,1.0,1.0,0.69
and,connecting_words,0.0,0.04,0.0,0.0,0.0,0.0,0.02,0.09,0.13,0.0,0.21,0.17,0.11,0.31,0.35,0.49,0.1,0.12,0.22,0.3,,,,,,,
because,connecting_words,0.0,0.0,0.06,0.0,0.0,0.0,0.06,0.03,0.06,0.04,0.06,0.07,0.11,0.21,0.16,0.5,0.4,0.25,0.18,0.2,,,,,,,
but,connecting_words,0.0,0.04,0.06,0.0,0.0,0.04,0.02,0.1,0.01,0.0,0.16,0.04,0.15,0.2,0.17,0.26,0.1,0.12,0.22,0.2,,,,,,,
if,connecting_words,0.0,0.0,0.0,0.0,0.0,0.0,0.03,0.03,0.0,0.0,0.0,0.06,0.0,0.08,0.0,0.22,0.0,0.0,0.0,0.0,,,,,,,
so,connecting_words,0.0,0.08,0.0,0.0,0.0,0.06,0.08,0.06,0.04,0.0,0.33,0.11,0.0,0.26,0.24,0.26,0.0,0.0,0.0,0.0,,,,,,,
then,connecting_words,0.0,0.0,0.0,0.0,0.0,0.0,0.0,0.08,0.0,0.0,0.1,0.04,0.15,0.13,0.04,0.15,0.0,0.0,0.14,0.0,,,,,,,
allgone,descriptive_words,0.0,0.62,0.09,0.5,0.32,0.39,0.26,0.53,0.46,0.14,0.26,0.29,0.6,0.53,0.49,0.69,0.2,0.62,0.78,0.42,,,0.47,,,,0.47
asleep,descriptive_words,0.0,0.04,0.03,0.0,0.11,0.19,0.14,0.26,0.35,0.11,0.1,0.12,0.32,0.33,0.35,0.54,0.1,0.62,0.64,0.47,,,0.62,,,,0.62
awake,descriptive_words,0.0,0.0,0.0,0.0,0.0,0.09,0.09,0.19,0.18,0.04,0.16,0.13,0.3,0.26,0.27,0.54,0.26,0.0,0.09,0.36,,,0.67,,,,0.67
bad,descriptive_words,0.5,0.08,0.12,0.0,0.0,0.23,0.12,0.28,0.39,0.0,0.33,0.36,0.34,0.51,0.46,0.56,0.33,1.0,0.0,0.42,,,0.85,,,,0.85
better,descriptive_words,0.0,0.0,0.0,0.0,0.0,0.22,0.06,0.1,0.22,0.0,0.11,0.16,0.1,0.27,0.28,0.3,0.0,0.0,0.0,0.36,,,0.72,,,,0.72
big,descriptive_words,0.0,0.04,0.09,0.0,0.11,0.43,0.2,0.32,0.42,0.07,0.26,0.36,0.6,0.49,0.55,0.65,0.26,0.62,0.22,0.58,,,0.93,,,,0.93
black,descriptive_words,0.0,0.04,0.03,0.0,0.0,0.04,0.12,0.19,0.1,0.0,0.16,0.11,0.26,0.42,0.34,0.54,0.1,0.5,0.64,0.2,,,,,,,
blue,descriptive_words,0.0,0.08,0.06,0.0,0.25,0.06,0.36,0.42,0.42,0.06,0.33,0.22,0.48,0.72,0.76,0.52,0.33,1.0,1.0,0.0,,,,,,,
brown,descriptive_words,0.0,0.04,0.0,0.0,0.0,0.14,0.06,0.05,0.18,0.0,0.16,0.11,0.26,0.36,0.26,0.45,0.0,0.0,0.64,0.28,,,0.83,,,,0.83
careful,descriptive_words,0.0,0.08,0.06,0.12,0.0,0.13,0.12,0.19,0.28,0.04,0.21,0.75,0.32,0.32,0.37,0.5,0.36,0.62,0.64,0.69,,,0.66,,,,0.66
clean2,descriptive_words,0.0,0.17,0.12,0.0,0.0,0.42,0.33,0.22,0.57,0.33,0.22,0.33,0.21,0.58,0.59,0.5,0.33,0.0,1.0,0.42,,,0.84,,,,0.84
cold,descriptive_words,0.25,0.16,0.09,0.0,0.27,0.32,0.29,0.28,0.54,0.19,0.38,0.4,0.38,0.55,0.54,0.55,0.26,0.75,0.68,0.49,,,0.86,,,,0.86
cute,descriptive_words,0.0,0.17,0.0,0.0,0.0,0.24,0.06,0.16,0.32,0.06,0.0,0.11,0.27,0.31,0.37,0.46,0.33,1.0,1.0,0.36,,,0.73,,,,0.73
dark,descriptive_words,0.0,0.0,0.0,0.0,0.0,0.12,0.04,0.07,0.14,0.0,0.11,0.11,0.15,0.27,0.35,0.55,0.26,0.0,0.59,0.39,,,0.76,,,,0.76
dirty,descriptive_words,0.0,0.08,0.03,0.0,0.05,0.29,0.24,0.24,0.48,0.07,0.42,0.36,0.44,0.56,0.45,0.59,0.26,0.88,0.78,0.53,,,0.8,,,,0.8
dry2,descriptive_words,0.0,0.0,0.0,0.0,0.0,0.19,0.22,0.08,0.26,0.0,0.11,0.44,0.0,0.28,0.29,0.21,0.0,1.0,0.0,0.36,,,0.71,,,,0.71
empty,descriptive_words,0.0,0.0,0.03,0.12,0.0,0.16,0.14,0.1,0.22,0.0,0.11,0.11,0.23,0.3,0.18,0.31,0.16,0.5,0.59,0.3,,,0.7,,,,0.7
fast,descriptive_words,0.0,0.04,0.0,0.0,0.0,0.13,0.14,0.15,0.24,0.0,0.06,0.19,0.17,0.34,0.29,0.49,0.1,0.5,0.22,0.29,,,0.87,,,,0.87
fine,descriptive_words,0.0,0.0,0.0,0.0,0.0,0.06,0.12,0.14,0.06,0.0,0.11,0.11,0.0,0.2,0.12,0.26,0.0,0.0,0.0,0.0,,,,,,,
first,descriptive_words,0.0,0.0,0.0,0.0,0.0,0.08,0.06,0.06,0.14,0.0,0.06,0.07,0.2,0.26,0.22,0.28,0.0,0.0,0.68,0.25,,,0.74,,,,0.74
full,descriptive_words,0.0,0.08,0.0,0.0,0.0,0.19,0.06,0.09,0.17,0.06,0.22,0.16,0.0,0.36,0.31,0.41,0.0,0.0,1.0,0.34,,,0.68,,,,0.68
gentle,descriptive_words,0.0,0.0,0.0,0.0,0.0,0.15,0.24,0.14,0.23,0.0,0.11,0.11,0.2,0.28,0.18,0.38,0.0,0.0,0.0,0.2,,,0.4,,,,0.4
good,descriptive_words,0.0,0.25,0.24,0.25,0.0,0.21,0.21,0.32,0.51,0.06,0.56,0.47,0.38,0.57,0.57,0.71,0.0,0.0,0.0,0.43,,,0.86,,,,0.86
green,descriptive_words,0.0,0.04,0.0,0.0,0.0,0.22,0.22,0.27,0.37,0.0,0.11,0.15,0.4,0.56,0.45,0.27,0.16,0.12,0.64,0.5,,,0.89,,,,0.89
happy,descriptive_words,0.0,0.04,0.09,0.0,0.0,0.17,0.16,0.35,0.26,0.04,0.28,0.28,0.47,0.41,0.49,0.62,0.46,0.5,0.68,0.5,,,,,,,
hard,descriptive_words,0.0,0.0,0.0,0.0,0.0,0.08,0.14,0.07,0.17,0.0,0.0,0.5,0.15,0.25,0.25,0.31,0.1,0.0,0.59,0.29,,,0.67,,,,0.67
heavy,descriptive_words,0.0,0.04,0.03,0.0,0.0,0.16,0.14,0.14,0.26,0.07,0.11,0.16,0.22,0.38,0.41,0.56,0.26,0.5,0.68,0.33,,,0.78,,,,0.78
high,descriptive_words,0.0,0.04,0.0,0.0,0.0,0.2,0.08,0.19,0.22,0.0,0.16,0.17,0.08,0.34,0.37,0.33,0.36,0.5,0.09,0.31,,,0.74,,,,0.74
hot,descriptive_words,0.25,0.21,0.2,0.25,0.49,0.46,0.3,0.36,0.62,0.26,0.26,0.28,0.51,0.61,0.61,0.74,0.34,0.62,0.72,0.82,,,0.86,,,,0.86
hungry,descriptive_words,0.0,0.0,0.03,0.0,0.0,0.18,0.14,0.21,0.28,0.04,0.32,0.36,0.28,0.48,0.3,0.61,0.26,0.62,0.64,0.42,,,0.87,,,,0.87
hurt,descriptive_words,0.0,0.04,0.03,0.0,0.0,0.16,0.19,0.18,0.27,0.07,0.21,0.19,0.17,0.39,0.34,0.52,0.26,0.62,0.09,0.37,,,0.71,,,,0.71
last,descriptive_words,0.0,0.0,0.0,0.0,0.0,0.04,0.02,0.03,0.06,0.0,0.06,0.07,0.08,0.14,0.06,0.29,0.1,0.0,0.14,0.27,,,0.62,,,,0.62
long,descriptive_words,0.0,0.0,0.0,0.0,0.0,0.07,0.02,0.08,0.09,0.02,0.07,0.09,0.12,0.21,0.16,0.22,0.07,0.08,0.09,0.17,,,0.68,,,,0.68
loud,descriptive_words,0.0,0.08,0.0,0.0,0.0,0.14,0.14,0.08,0.25,0.0,0.11,0.11,0.1,0.42,0.34,0.42,0.0,0.0,0.0,0.34,,,0.67,,,,0.67
mad,descriptive_words,0.0,0.08,0.0,0.0,0.0,0.18,0.17,0.06,0.2,0.0,0.11,0.11,0.04,0.32,0.22,0.45,0.0,1.0,0.0,0.32,,,0.65,,,,0.65
naughty,descriptive_words,0.0,0.0,0.0,0.0,0.0,0.02,0.03,0.03,0.09,0.0,0.0,0.06,0.04,0.09,0.03,0.19,0.0,0.0,0.0,0.14,,,0.27,,,,0.27
new,descriptive_words,0.0,0.04,0.03,0.0,0.0,0.06,0.02,0.08,0.11,0.0,0.06,0.12,0.13,0.2,0.23,0.39,0.1,0.0,0.18,0.32,,,0.77,,,,0.77
nice,descriptive_words,0.0,0.04,0.03,0.0,0.17,0.25,0.18,0.3,0.31,0.37,0.26,0.25,0.35,0.42,0.37,0.63,0.2,0.75,0.09,0.48,,,0.83,,,,0.83
noisy,descriptive_words,0.0,0.0,0.0,0.0,0.0,0.12,0.12,0.1,0.21,0.0,0.11,0.16,0.1,0.3,0.22,0.34,0.0,0.0,0.0,0.26,,,0.53,,,,0.53
old,descriptive_words,0.0,0.0,0.0,0.0,0.0,0.06,0.02,0.08,0.06,0.0,0.0,0.07,0.11,0.14,0.1,0.34,0.1,0.0,0.14,0.23,,,0.68,,,,0.68
orange2,descriptive_words,0.0,0.08,0.06,0.25,0.0,0.46,0.22,0.22,0.54,0.11,0.33,0.78,0.36,0.72,0.71,0.43,0.33,1.0,1.0,0.46,,,0.91,,,,0.91
poor,descriptive_words,0.0,0.0,0.0,0.0,0.0,0.02,0.02,0.02,0.04,0.0,0.16,0.07,0.0,0.1,0.06,0.26,0.26,0.0,0.04,0.27,,,0.41,,,,0.41
pretty,descriptive_words,0.0,0.12,0.03,0.0,0.05,0.04,0.16,0.25,0.16,0.07,0.06,0.11,0.2,0.36,0.41,0.49,0.26,0.0,0.64,0.2,,,,,,,
quiet,descriptive_words,0.0,0.04,0.0,0.0,0.0,0.1,0.11,0.1,0.22,0.04,0.11,0.07,0.15,0.32,0.38,0.47,0.26,0.62,0.59,0.36,,,0.67,,,,0.67
red,descriptive_words,0.25,0.04,0.0,0.0,0.0,0.29,0.22,0.25,0.36,0.04,0.21,0.19,0.42,0.56,0.47,0.56,0.26,0.62,0.64,0.45,,,0.95,,,,0.95
sad,descriptive_words,0.0,0.0,0.0,0.0,0.0,0.13,0.06,0.25,0.21,0.0,0.16,0.12,0.15,0.34,0.28,0.52,0.16,0.5,0.09,0.42,,,0.87,,,,0.87
scared,descriptive_words,0.0,0.04,0.0,0.0,0.0,0.12,0.14,0.17,0.2,0.04,0.11,0.16,0.28,0.35,0.27,0.54,0.26,0.5,0.14,0.87,,,0.8,,,,0.8
sick,descriptive_words,0.0,0.0,0.03,0.0,0.0,0.15,0.08,0.25,0.22,0.0,0.06,0.12,0.26,0.44,0.24,0.49,0.16,0.62,0.64,0.46,,,0.79,,,,0.79
sleepy,descriptive_words,0.0,0.08,0.0,0.0,0.0,0.31,0.15,0.19,0.36,0.16,0.56,0.16,0.1,0.44,0.4,0.6,0.33,1.0,1.0,0.36,,,0.73,,,,0.73
slow,descriptive_words,0.0,0.0,0.0,0.0,0.0,0.1,0.02,0.05,0.15,0.0,0.06,0.07,0.08,0.22,0.18,0.58,0.1,0.62,0.64,0.24,,,0.73,,,,0.73
soft,descriptive_words,0.0,0.0,0.03,0.0,0.17,0.08,0.08,0.16,0.16,0.0,0.11,0.07,0.17,0.3,0.2,0.36,0.0,0.5,0.09,0.34,,,0.62,,,,0.62
sticky,descriptive_words,0.25,0.04,0.25,0.0,0.0,0.3,0.17,0.3,0.39,0.29,0.41,0.48,0.25,0.57,0.35,0.57,0.1,0.72,0.46,0.51,0.67,0.0,0.63,1.0,1.0,1.0,0.78
stuck,descriptive_words,0.0,0.0,0.06,0.0,0.0,0.19,0.15,0.16,0.25,0.06,0.0,0.16,0.1,0.35,0.24,0.45,0.0,0.0,0.0,0.26,,,0.53,,,,0.53
thirsty,descriptive_words,0.0,0.0,0.03,0.0,0.0,0.04,0.06,0.1,0.12,0.11,0.06,0.28,0.32,0.29,0.22,0.49,0.1,0.62,0.68,0.2,,,,,,,
tiny,descriptive_words,0.0,0.04,0.0,0.0,0.0,0.08,0.04,0.14,0.01,0.0,0.16,0.07,0.22,0.13,0.1,0.31,0.1,0.0,0.04,0.1,,,,,,,
tired,descriptive_words,0.0,0.0,0.0,0.0,0.0,0.19,0.16,0.18,0.26,0.07,0.16,0.21,0.28,0.36,0.32,0.63,0.36,0.62,0.18,0.47,,,0.82,,,,0.82
wet,descriptive_words,0.0,0.0,0.06,0.0,0.11,0.32,0.19,0.17,0.41,0.07,0.26,0.19,0.32,0.46,0.4,0.62,0.16,0.75,0.68,0.46,,,0.77,,,,0.77
white,descriptive_words,0.0,0.04,0.0,0.0,0.0,0.15,0.14,0.17,0.2,0.04,0.21,0.07,0.3,0.42,0.3,0.42,0.0,0.62,0.59,0.29,,,0.88,,,,0.88
windy,descriptive_words,0.0,0.0,0.0,0.0,0.0,0.09,0.04,0.06,0.16,0.0,0.26,0.07,0.17,0.25,0.21,0.29,0.2,0.12,0.18,0.38,,,0.55,,,,0.55
yellow,descriptive_words,0.0,0.04,0.03,0.0,0.17,0.23,0.16,0.29,0.34,0.07,0.26,0.15,0.4,0.56,0.49,0.3,0.16,0.62,0.68,0.53,,,0.98,,,,0.98
yucky,descriptive_words,0.0,0.12,0.09,0.0,0.11,0.31,0.32,0.49,0.46,0.28,0.56,0.47,0.54,0.5,0.41,0.71,0.36,0.62,0.86,0.51,,,0.73,,,,0.73
apple,food_drink,0.0,0.16,0.2,0.12,0.6,0.46,0.38,0.54,0.78,0.59,0.44,0.73,0.63,0.73,0.71,0.74,0.44,0.5,0.72,0.79,,,0.98,,,,0.98
applesauce,food_drink,0.0,0.0,0.12,0.0,0.5,0.16,0.15,0.24,0.3,0.24,0.22,0.66,0.22,0.29,0.28,0.26,0.0,0.8,0.75,0.25,0.33,0.0,0.3,0.5,1.0,1.0,0.6
banana,food_drink,0.5,0.58,0.59,0.75,0.57,0.62,0.66,0.9,0.85,0.85,0.78,0.96,0.89,0.92,0.98,0.88,0.67,1.0,1.0,1.0,1.0,0.0,1.0,1.0,1.0,1.0,
beans,food_drink,0.25,0.04,0.06,0.62,0.11,0.27,0.2,0.3,0.38,0.16,0.56,0.48,0.29,0.56,0.43,0.4,0.3,0.47,0.74,0.46,0.67,0.0,0.33,0.5,0.5,1.0,0.66
bread,food_drink,0.0,0.54,0.06,0.12,0.17,0.26,0.36,0.32,0.43,0.23,0.21,0.59,0.64,0.58,0.53,0.6,0.36,0.58,0.82,0.51,0.67,0.0,0.92,1.0,1.0,1.0,0.83
butter,food_drink,0.0,0.0,0.03,0.0,0.0,0.11,0.08,0.15,0.23,0.06,0.21,0.4,0.35,0.45,0.29,0.44,0.1,0.56,0.26,0.38,0.33,0.0,0.86,1.0,0.5,0.0,0.71
cake,food_drink,0.0,0.12,0.12,0.12,0.28,0.34,0.24,0.41,0.6,0.39,0.28,0.68,0.61,0.69,0.78,0.7,0.54,0.64,0.79,0.79,0.67,0.0,0.98,1.0,1.0,1.0,0.97
candy,food_drink,0.0,0.42,0.29,0.5,0.32,0.59,0.26,0.49,0.56,0.39,0.67,0.76,0.73,0.8,0.7,0.81,1.0,0.7,1.0,0.92,0.33,0.0,0.82,1.0,1.0,1.0,0.96
carrots,food_drink,0.0,0.0,0.06,0.0,0.0,0.26,0.3,0.29,0.47,0.31,0.22,0.65,0.22,0.68,0.72,0.6,0.33,0.9,1.0,0.86,0.67,0.0,0.89,1.0,1.0,1.0,0.78
cereal,food_drink,0.5,0.17,0.24,0.0,0.5,0.3,0.3,0.53,0.59,0.56,0.44,0.85,0.79,0.58,0.56,0.67,0.33,0.8,1.0,0.78,0.67,0.0,0.8,1.0,0.5,1.0,0.93
cheese,food_drink,0.25,0.62,0.4,0.12,0.56,0.35,0.26,0.84,0.74,0.49,0.41,0.71,0.68,0.73,0.6,0.73,0.46,0.71,0.79,0.88,1.0,0.0,0.96,1.0,1.0,1.0,0.91
chicken2,food_drink,0.0,0.17,0.18,0.0,0.0,0.12,0.33,0.28,0.58,0.56,0.56,0.78,0.64,0.84,0.65,0.79,0.67,1.0,1.0,1.0,,,,,,,
chocolate,food_drink,0.5,0.5,0.06,0.62,0.12,0.2,0.34,0.52,0.37,0.29,0.52,0.65,0.74,0.69,0.59,0.6,0.64,0.73,0.89,0.43,0.67,0.0,0.98,1.0,1.0,1.0,0.96
coffee,food_drink,0.0,0.0,0.12,0.0,0.25,0.22,0.24,0.44,0.35,0.17,0.11,0.44,0.56,0.7,0.53,0.55,0.33,0.8,1.0,0.79,0.33,0.0,0.88,1.0,1.0,1.0,0.76
coke,food_drink,0.0,0.25,0.24,0.25,0.0,0.22,0.22,0.18,0.3,0.22,0.33,0.59,0.12,0.28,0.45,0.42,0.67,0.1,0.5,0.59,0.33,0.0,0.62,0.5,1.0,0.0,0.56
cookie,food_drink,1.0,0.58,0.41,0.5,0.72,0.74,0.56,0.71,0.89,0.63,0.67,0.96,0.95,0.95,0.92,0.76,1.0,0.9,1.0,0.99,1.0,0.0,0.98,1.0,1.0,1.0,0.97
corn,food_drink,0.0,0.08,0.29,0.0,0.0,0.3,0.4,0.2,0.35,0.24,0.33,0.65,0.54,0.39,0.41,0.5,0.33,0.2,1.0,0.79,0.67,0.0,0.55,1.0,0.5,1.0,0.76
cracker,food_drink,0.0,0.33,0.24,0.0,0.32,0.27,0.34,0.36,0.49,0.28,0.56,0.61,0.54,0.41,0.66,0.58,0.33,1.0,0.5,0.92,1.0,0.0,0.88,1.0,1.0,1.0,0.76
donut,food_drink,0.0,0.0,0.06,0.0,0.0,0.21,0.08,0.3,0.24,0.06,0.22,0.58,0.02,0.18,0.2,0.29,0.0,0.5,0.75,0.54,0.0,0.0,0.38,0.5,0.5,1.0,0.77
drink1,food_drink,0.0,0.03,0.02,0.0,0.0,0.05,0.06,0.09,0.14,0.04,0.1,0.2,0.12,0.16,0.2,0.22,0.23,0.81,0.2,0.07,0.33,0.0,0.88,1.0,1.0,1.0,0.77
egg,food_drink,0.0,0.04,0.06,0.12,0.11,0.25,0.2,0.39,0.4,0.26,0.21,0.27,0.58,0.52,0.43,0.76,0.36,0.53,0.79,0.52,1.0,0.0,0.95,1.0,1.0,1.0,0.9
fish2,food_drink,0.0,0.25,0.29,0.0,0.0,0.64,0.33,0.39,0.64,0.33,0.67,0.78,0.64,0.78,0.76,0.71,0.33,0.0,1.0,0.94,,,0.89,,,,0.89
food,food_drink,0.0,0.66,0.34,0.12,0.0,0.23,0.1,0.34,0.44,0.23,0.16,0.59,0.25,0.53,0.5,0.55,0.2,0.31,0.76,0.63,0.33,0.0,0.96,1.0,1.0,1.0,0.93
frenchfries,food_drink,0.0,0.17,0.18,0.0,0.0,0.2,0.29,0.26,0.51,0.29,0.44,0.47,0.48,0.42,0.46,0.56,0.33,0.6,0.25,0.81,0.33,0.0,0.42,1.0,0.5,1.0,0.85
grapes,food_drink,0.0,0.04,0.03,0.5,0.11,0.37,0.4,0.43,0.5,0.31,0.51,0.76,0.59,0.52,0.46,0.64,0.56,0.89,0.94,0.81,0.67,0.0,0.75,1.0,1.0,1.0,0.83
green beans,food_drink,0.0,0.0,0.0,0.0,0.0,0.07,0.17,0.04,0.13,0.06,0.0,0.36,0.08,0.15,0.3,0.18,0.0,0.1,0.25,0.16,0.33,0.0,0.4,0.5,0.5,0.0,0.46
gum,food_drink,0.0,0.17,0.06,0.0,0.0,0.12,0.22,0.08,0.23,0.07,0.11,0.61,0.07,0.28,0.28,0.45,0.0,0.6,0.0,0.75,0.0,0.0,0.82,1.0,1.0,0.0,0.64
hamburger,food_drink,0.0,0.0,0.0,0.25,0.0,0.23,0.2,0.21,0.3,0.24,0.33,0.47,0.64,0.52,0.36,0.72,0.33,0.6,0.75,0.81,0.67,0.0,0.76,0.5,1.0,1.0,0.84
ice,food_drink,0.0,0.25,0.24,0.0,0.07,0.21,0.28,0.25,0.45,0.07,0.22,0.69,0.2,0.38,0.43,0.55,0.33,0.8,1.0,0.46,0.67,0.0,0.9,1.0,0.5,1.0,0.79
icecream,food_drink,0.5,0.08,0.31,0.0,0.17,0.36,0.37,0.54,0.58,0.39,0.48,0.78,0.63,0.74,0.7,0.81,0.8,0.69,0.91,0.94,1.0,0.0,0.99,1.0,1.0,1.0,0.98
jello,food_drink,0.0,0.08,0.12,0.0,0.07,0.1,0.17,0.27,0.23,0.2,0.33,0.65,0.05,0.24,0.26,0.25,0.33,0.5,0.75,0.66,0.0,0.0,0.46,1.0,0.5,0.0,0.59
jelly,food_drink,0.0,0.0,0.03,0.0,0.0,0.07,0.06,0.26,0.14,0.28,0.31,0.41,0.0,0.21,0.38,0.36,0.2,0.67,0.79,0.4,0.67,0.0,0.46,1.0,0.5,1.0,0.59
juice,food_drink,0.25,0.16,0.52,0.12,0.58,0.51,0.56,0.76,0.81,0.53,0.54,0.78,0.62,0.82,0.64,0.76,0.36,1.0,0.58,0.89,0.33,0.0,0.98,1.0,1.0,1.0,0.96
lollipop,food_drink,0.0,0.0,0.0,0.0,0.25,0.1,0.18,0.21,0.36,0.12,0.4,0.54,0.53,0.38,0.47,0.55,0.4,0.56,0.52,0.52,0.33,0.0,0.6,1.0,1.0,0.0,0.86
meat,food_drink,0.0,0.04,0.0,0.0,0.0,0.1,0.08,0.08,0.22,0.06,0.16,0.4,0.36,0.2,0.31,0.3,0.16,0.24,0.56,0.4,0.67,0.0,0.63,1.0,0.5,1.0,0.59
melon,food_drink,0.0,0.0,0.0,0.25,0.0,0.2,0.22,0.33,0.19,0.33,0.22,0.61,0.42,0.25,0.51,0.36,0.33,0.4,0.5,0.38,1.0,0.0,0.44,1.0,1.0,0.0,0.55
milk,food_drink,0.25,0.21,0.18,0.25,0.49,0.4,0.31,0.67,0.71,0.44,0.44,0.64,0.6,0.49,0.57,0.67,0.44,0.78,0.79,0.78,0.67,0.0,0.96,1.0,1.0,1.0,0.93
muffin,food_drink,0.0,0.5,0.25,0.0,0.0,0.13,0.08,0.13,0.27,0.05,0.16,0.46,0.17,0.23,0.25,0.24,0.1,0.07,0.09,0.26,0.67,0.0,0.32,1.0,0.5,1.0,0.64
noodles,food_drink,0.0,0.08,0.0,0.0,0.0,0.12,0.06,0.41,0.22,0.17,0.22,0.44,0.4,0.26,0.45,0.45,0.0,0.1,0.25,0.3,0.33,0.0,0.58,1.0,1.0,1.0,0.49
nuts,food_drink,0.0,0.0,0.28,0.0,0.0,0.07,0.06,0.14,0.18,0.02,0.21,0.46,0.06,0.39,0.19,0.2,0.1,0.0,0.32,0.32,0.33,0.0,0.4,0.5,0.5,1.0,0.47
orange1,food_drink,0.0,0.04,0.03,0.25,0.0,0.1,0.26,0.38,0.48,0.16,0.42,0.41,0.58,0.64,0.68,0.68,0.54,0.7,0.85,0.83,0.67,0.0,0.33,1.0,1.0,1.0,
pancake,food_drink,0.0,0.04,0.06,0.0,0.17,0.2,0.11,0.28,0.33,0.2,0.42,0.44,0.27,0.66,0.46,0.6,0.64,0.62,0.52,0.5,0.67,0.0,0.74,0.5,1.0,1.0,0.8
peanutbutter,food_drink,0.0,0.0,0.06,0.0,0.0,0.08,0.24,0.13,0.22,0.24,0.0,0.48,0.12,0.4,0.56,0.52,0.33,0.7,0.5,0.78,1.0,0.0,0.69,1.0,0.5,1.0,0.71
peas,food_drink,0.0,0.08,0.0,0.62,0.22,0.24,0.14,0.27,0.2,0.18,0.31,0.38,0.24,0.28,0.26,0.53,0.1,0.18,0.38,0.36,0.33,0.0,0.22,1.0,0.5,0.0,0.45
pickle,food_drink,0.0,0.17,0.0,0.0,0.0,0.13,0.11,0.25,0.17,0.24,0.11,0.37,0.33,0.2,0.35,0.42,0.0,0.7,0.75,0.68,0.33,0.0,0.39,1.0,0.5,1.0,0.45
pizza,food_drink,0.5,0.17,0.18,0.25,0.25,0.62,0.5,0.57,0.7,0.89,0.78,0.72,0.84,0.93,0.96,0.92,1.0,1.0,1.0,1.0,1.0,0.0,1.0,1.0,1.0,1.0,
popcorn,food_drink,0.0,0.08,0.12,0.0,0.0,0.3,0.38,0.17,0.38,0.07,0.11,0.44,0.34,0.43,0.51,0.62,0.67,0.6,1.0,0.84,0.67,0.0,0.8,1.0,1.0,1.0,0.93
popsicle,food_drink,0.0,0.0,0.06,0.0,0.25,0.24,0.14,0.1,0.38,0.0,0.11,0.44,0.51,0.3,0.39,0.34,0.0,0.5,0.25,0.23,0.33,0.0,0.24,0.5,0.5,1.0,0.49
potato,food_drink,0.0,0.12,0.0,0.12,0.11,0.18,0.14,0.3,0.32,0.02,0.16,0.68,0.28,0.35,0.52,0.5,0.26,0.64,0.76,0.53,1.0,0.0,0.7,1.0,1.0,1.0,0.73
potatochip,food_drink,0.0,0.08,0.06,0.0,0.0,0.17,0.24,0.26,0.3,0.16,0.44,0.54,0.37,0.38,0.37,0.46,0.33,0.6,0.25,0.82,0.0,0.0,0.5,1.0,1.0,1.0,0.68
pretzel,food_drink,0.0,0.0,0.0,0.0,0.0,0.22,0.14,0.19,0.22,0.03,0.11,0.56,0.02,0.18,0.24,0.27,0.0,0.8,0.5,0.56,0.0,0.0,0.66,0.5,1.0,1.0,0.65
pudding,food_drink,0.0,0.0,0.0,0.0,0.0,0.09,0.03,0.1,0.12,0.04,0.11,0.61,0.14,0.12,0.16,0.2,0.0,0.0,0.0,0.23,0.33,0.0,0.4,0.5,0.0,0.0,0.48
pumpkin,food_drink,0.0,0.08,0.0,0.0,0.0,0.16,0.15,0.09,0.28,0.0,0.22,0.61,0.14,0.32,0.25,0.3,0.0,0.5,0.25,0.36,0.33,0.0,0.34,0.5,0.0,0.0,0.69
raisin,food_drink,0.0,0.0,0.03,0.0,0.0,0.21,0.26,0.21,0.26,0.18,0.36,0.53,0.45,0.3,0.38,0.62,0.2,0.07,0.42,0.51,0.67,0.0,0.32,1.0,0.5,1.0,0.65
salt,food_drink,0.25,0.0,0.03,0.0,0.0,0.05,0.04,0.06,0.11,0.12,0.06,0.4,0.06,0.39,0.32,0.39,0.0,0.13,0.53,0.5,0.67,0.0,0.46,1.0,1.0,1.0,0.6
sandwich,food_drink,0.0,0.54,0.25,0.0,0.0,0.2,0.2,0.34,0.36,0.43,0.42,0.47,0.36,0.67,0.58,0.63,0.46,0.76,0.82,0.83,1.0,0.0,0.63,1.0,1.0,1.0,0.93
sauce,food_drink,0.0,0.0,0.0,0.0,0.0,0.18,0.17,0.1,0.19,0.0,0.0,0.41,0.13,0.46,0.32,0.39,0.0,0.1,0.25,0.29,0.33,0.0,0.24,1.0,0.5,1.0,0.48
soda,food_drink,0.0,0.08,0.18,0.25,0.0,0.5,0.33,0.39,0.12,0.11,0.11,0.56,0.21,0.44,0.53,0.64,0.33,0.0,0.0,1.0,,,,,,,
sodapop,food_drink,,,,,0.0,0.13,0.0,0.06,0.14,0.0,,0.5,0.0,0.15,0.1,0.16,,0.2,0.0,0.51,0.67,0.0,0.31,0.5,1.0,1.0,0.62
soup,food_drink,0.25,0.0,0.03,0.12,0.0,0.31,0.2,0.36,0.53,0.14,0.31,0.47,0.48,0.42,0.55,0.52,0.4,0.66,0.22,0.45,,,0.76,,,,0.76
spaghetti,food_drink,0.25,0.04,0.28,0.12,0.0,0.27,0.37,0.42,0.53,0.44,0.58,0.54,0.71,0.57,0.6,0.66,0.46,0.69,0.64,0.84,0.67,0.0,0.58,1.0,1.0,1.0,0.84
strawberry,food_drink,0.0,0.0,0.0,0.25,0.0,0.0,0.33,0.14,0.21,0.22,0.33,0.67,0.07,0.4,0.35,0.29,0.33,0.0,1.0,0.0,,,,,,,
toast,food_drink,0.0,0.0,0.25,0.0,0.11,0.22,0.43,0.41,0.43,0.3,0.4,0.61,0.29,0.4,0.47,0.62,0.56,0.87,0.41,0.45,0.67,0.0,0.8,1.0,1.0,1.0,0.59
tuna,food_drink,0.5,0.0,0.0,0.0,0.0,0.06,0.03,0.07,0.06,0.17,0.0,0.37,0.0,0.54,0.21,0.35,0.0,0.3,1.0,0.5,1.0,0.0,1.0,1.0,1.0,1.0,
vanilla,food_drink,0.0,0.0,0.0,0.0,0.0,0.09,0.03,0.05,0.1,0.0,0.0,0.41,0.02,0.16,0.1,0.17,0.0,0.6,0.0,0.36,0.67,0.0,0.34,1.0,0.5,1.0,0.69
vitamins,food_drink,0.0,0.0,0.0,0.0,0.0,0.22,0.08,0.08,0.19,0.18,0.11,0.28,0.12,0.26,0.28,0.2,0.0,0.0,0.0,0.28,0.67,0.0,0.32,1.0,0.5,0.0,0.63
water1,food_drink,0.25,0.25,0.12,0.25,0.2,0.4,0.33,0.5,0.52,0.41,0.44,0.68,0.57,0.68,0.78,0.78,0.44,0.75,0.8,0.82,1.0,0.0,0.98,1.0,1.0,1.0,0.97
yogurt,food_drink,1.0,0.08,0.12,0.0,0.25,0.36,0.36,0.6,0.53,0.2,0.33,0.69,0.65,0.48,0.66,0.55,0.0,0.7,1.0,0.86,1.0,0.0,0.98,1.0,1.0,1.0,0.97
basement,furniture_rooms,0.0,0.0,0.0,0.0,0.0,0.1,0.06,0.02,0.07,0.0,0.0,0.04,0.07,0.09,0.17,0.27,0.0,0.0,0.0,0.03,0.0,0.0,0.22,0.5,0.0,0.0,0.1
bathroom,furniture_rooms,0.0,0.08,0.06,0.12,0.0,0.24,0.18,0.26,0.42,0.23,0.26,0.4,0.61,0.65,0.6,0.63,0.2,0.62,0.82,0.78,0.67,0.0,0.95,1.0,1.0,1.0,0.9
bathtub,furniture_rooms,0.0,0.08,0.06,0.0,0.0,0.18,0.18,0.31,0.39,0.24,0.22,0.65,0.38,0.58,0.64,0.53,0.0,0.7,0.5,0.46,1.0,0.0,0.62,1.0,1.0,1.0,0.57
bed,furniture_rooms,0.0,0.08,0.09,0.0,0.11,0.35,0.31,0.45,0.56,0.29,0.49,0.36,0.42,0.6,0.57,0.75,0.16,0.75,0.82,0.5,,,0.9,,,,0.9
bedroom,furniture_rooms,0.0,0.04,0.0,0.0,0.0,0.13,0.1,0.14,0.21,0.2,0.26,0.53,0.39,0.31,0.42,0.4,0.0,0.48,0.29,0.48,0.33,0.0,0.53,0.5,0.5,1.0,0.73
bench,furniture_rooms,0.0,0.0,0.0,0.0,0.0,0.06,0.06,0.03,0.11,0.17,0.11,0.41,0.0,0.14,0.21,0.15,0.0,0.1,0.0,0.32,0.67,0.0,0.35,0.5,0.5,1.0,0.37
chair,furniture_rooms,0.0,0.08,0.09,0.12,0.22,0.3,0.28,0.48,0.5,0.11,0.28,0.5,0.4,0.56,0.63,0.77,0.44,0.75,0.64,0.43,,,0.9,,,,0.9
closet,furniture_rooms,0.0,0.08,0.0,0.25,0.0,0.17,0.15,0.23,0.3,0.2,0.33,0.52,0.48,0.35,0.37,0.52,0.0,0.6,1.0,0.47,0.33,0.0,0.74,0.5,0.5,1.0,0.82
couch,furniture_rooms,0.0,0.08,0.0,0.0,0.0,0.16,0.21,0.22,0.33,0.28,0.33,0.44,0.49,0.6,0.51,0.58,0.0,1.0,0.5,0.44,0.67,0.0,0.76,1.0,1.0,1.0,0.51
crib,furniture_rooms,0.0,0.0,0.06,0.0,0.0,0.13,0.14,0.07,0.31,0.17,0.0,0.07,0.36,0.5,0.31,0.36,0.0,0.2,0.25,0.36,0.33,0.0,0.58,1.0,0.5,0.0,0.49
door,furniture_rooms,0.0,0.21,0.09,0.12,0.21,0.4,0.33,0.49,0.52,0.29,0.49,0.72,0.65,0.66,0.75,0.74,0.34,0.7,0.82,0.78,1.0,0.0,0.96,1.0,1.0,1.0,0.93
drawer,furniture_rooms,0.0,0.0,0.03,0.0,0.0,0.17,0.15,0.12,0.2,0.18,0.0,0.38,0.12,0.2,0.28,0.48,0.2,0.48,0.48,0.32,0.33,0.0,0.56,1.0,0.5,1.0,0.46
dryer,furniture_rooms,0.0,0.0,0.0,0.0,0.0,0.08,0.1,0.05,0.16,0.2,0.0,0.44,0.0,0.14,0.27,0.25,0.0,0.6,0.25,0.27,0.33,0.0,0.2,1.0,0.5,1.0,0.4
garage,furniture_rooms,0.0,0.0,0.0,0.12,0.0,0.15,0.18,0.15,0.16,0.02,0.26,0.31,0.12,0.31,0.26,0.51,0.2,0.33,0.18,0.26,0.0,0.0,0.31,0.5,0.0,0.0,0.62
highchair,furniture_rooms,0.0,0.0,0.5,0.0,0.0,0.11,0.22,0.27,0.21,0.23,0.2,0.48,0.23,0.49,0.23,0.3,0.6,0.1,0.38,0.42,0.67,0.0,0.56,0.5,0.5,1.0,0.45
kitchen,furniture_rooms,0.0,0.08,0.0,0.12,0.0,0.24,0.25,0.23,0.33,0.18,0.32,0.47,0.48,0.62,0.6,0.6,0.1,0.68,0.73,0.66,0.67,0.0,0.93,1.0,1.0,1.0,0.86
livingroom,furniture_rooms,0.0,0.08,0.0,0.0,0.0,0.08,0.12,0.08,0.18,0.06,0.22,0.36,0.04,0.22,0.38,0.38,0.0,0.4,0.5,0.27,0.33,0.0,0.4,1.0,1.0,1.0,0.48
oven,furniture_rooms,0.0,0.0,0.0,0.0,0.0,0.08,0.17,0.11,0.24,0.18,0.21,0.44,0.19,0.42,0.54,0.35,0.2,0.62,0.42,0.46,0.67,0.0,0.72,1.0,1.0,1.0,0.45
playpen,furniture_rooms,0.0,0.0,0.0,0.0,0.0,0.03,0.06,0.06,0.07,0.0,0.0,0.41,0.02,0.03,0.06,0.05,0.0,0.0,0.0,0.14,0.0,0.0,0.11,0.5,0.0,0.0,0.22
porch,furniture_rooms,0.0,0.0,0.0,0.0,0.0,0.06,0.06,0.03,0.1,0.17,0.11,0.44,0.0,0.1,0.19,0.24,0.0,0.5,0.25,0.14,0.0,0.0,0.1,0.5,0.5,0.0,0.21
potty,furniture_rooms,0.0,0.04,0.06,0.0,0.05,0.37,0.21,0.52,0.38,0.16,0.42,0.54,0.28,0.52,0.46,0.47,0.66,0.85,0.55,0.5,0.33,0.0,0.48,1.0,0.5,0.0,0.62
refrigerator,furniture_rooms,0.0,0.04,0.25,0.62,0.0,0.12,0.37,0.33,0.34,0.41,0.62,0.59,0.86,0.64,0.57,0.64,0.3,0.6,0.86,0.56,0.67,0.0,0.86,1.0,1.0,1.0,0.72
rockingchair,furniture_rooms,0.0,0.0,0.0,0.0,0.0,0.11,0.03,0.04,0.11,0.0,0.0,0.48,0.0,0.13,0.18,0.13,0.0,0.5,0.0,0.08,0.33,0.0,0.32,0.5,0.5,0.0,0.32
room,furniture_rooms,0.0,0.04,0.03,0.12,0.0,0.19,0.16,0.22,0.3,0.2,0.22,0.44,0.12,0.51,0.49,0.64,0.0,0.68,0.42,0.53,0.67,0.0,0.86,1.0,1.0,1.0,0.71
shower,furniture_rooms,0.0,0.08,0.5,0.5,0.0,0.22,0.26,0.52,0.38,0.28,0.41,0.7,0.54,0.63,0.7,0.68,0.3,0.92,0.58,0.54,0.67,0.0,0.72,1.0,1.0,1.0,0.76
sink,furniture_rooms,0.0,0.04,0.03,0.0,0.0,0.15,0.16,0.28,0.23,0.22,0.46,0.55,0.62,0.6,0.5,0.56,0.4,0.8,0.58,0.54,0.67,0.0,0.78,1.0,0.5,1.0,0.57
sofa,furniture_rooms,0.0,0.08,0.06,0.0,0.0,0.18,0.12,0.1,0.3,0.17,0.67,0.61,0.61,0.56,0.22,0.28,0.33,0.0,0.25,0.42,0.33,0.0,0.49,1.0,0.5,0.0,0.65
stairs,furniture_rooms,0.0,0.0,0.0,0.0,0.05,0.12,0.1,0.22,0.32,0.18,0.26,0.53,0.2,0.51,0.4,0.6,0.0,0.62,0.76,0.42,1.0,0.0,0.84,1.0,1.0,1.0,0.69
stove,furniture_rooms,0.0,0.0,0.0,0.0,0.0,0.09,0.1,0.05,0.21,0.0,0.0,0.44,0.0,0.21,0.29,0.3,0.0,0.0,0.25,0.27,0.33,0.0,0.2,0.5,0.5,1.0,0.4
table,furniture_rooms,0.0,0.04,0.25,0.0,0.0,0.24,0.14,0.26,0.49,0.2,0.32,0.56,0.28,0.59,0.46,0.68,0.2,0.62,0.82,0.61,0.67,0.0,0.92,1.0,1.0,1.0,0.84
tv,furniture_rooms,0.25,0.12,0.14,0.25,0.04,0.2,0.36,0.55,0.52,0.34,0.48,0.57,0.67,0.64,0.52,0.76,0.44,0.55,0.38,0.82,0.33,0.0,0.48,0.5,0.5,0.0,0.95
washingmachine,furniture_rooms,0.0,0.0,0.0,0.0,0.0,0.05,0.11,0.11,0.12,0.15,0.2,0.4,0.2,0.38,0.28,0.3,0.4,0.7,0.31,0.34,0.33,0.0,0.54,1.0,1.0,1.0,0.41
window,furniture_rooms,0.0,0.04,0.0,0.12,0.0,0.26,0.14,0.25,0.33,0.18,0.26,0.56,0.18,0.6,0.65,0.68,0.26,0.63,0.79,0.77,0.67,0.0,0.94,1.0,1.0,1.0,0.88
bath,games_routines,0.17,0.44,0.25,0.67,0.08,0.41,0.53,0.82,0.7,0.55,0.64,0.79,0.61,0.69,0.75,0.71,0.64,0.89,0.84,0.72,1.0,0.0,0.89,1.0,1.0,1.0,0.78
breakfast,games_routines,0.0,0.0,0.0,0.0,0.0,0.06,0.16,0.22,0.26,0.29,0.26,0.46,0.39,0.2,0.48,0.5,0.1,0.61,0.69,0.75,0.33,0.0,1.0,1.0,1.0,1.0,
bye,games_routines,0.5,0.38,0.44,0.75,0.63,0.56,0.76,0.86,0.79,0.84,0.69,0.81,0.74,0.85,0.88,0.88,1.0,0.83,0.85,0.92,1.0,0.0,0.78,1.0,1.0,1.0,0.9
callonpcall (on phone),games_routines,0.0,0.08,0.09,0.12,0.05,0.3,0.23,0.22,0.33,0.04,0.28,0.33,0.42,0.37,0.3,0.59,0.44,0.5,0.5,0.33,,,0.79,,,,0.79
dinner,games_routines,0.0,0.0,0.0,0.0,0.11,0.18,0.1,0.23,0.24,0.2,0.21,0.44,0.44,0.26,0.52,0.42,0.1,0.57,0.62,0.32,0.67,0.0,0.68,1.0,0.5,1.0,0.68
givemefive,games_routines,0.0,0.58,0.29,0.25,0.0,0.4,0.36,0.45,0.63,0.28,0.67,0.71,0.65,0.56,0.53,0.65,0.33,0.5,1.0,0.87,0.67,0.0,0.77,0.5,0.5,1.0,0.87
gonnagetyou,games_routines,0.0,0.25,0.18,0.0,0.0,0.16,0.29,0.18,0.46,0.34,0.22,0.6,0.37,0.43,0.47,0.3,0.0,0.5,0.5,0.84,0.67,0.0,0.72,1.0,0.5,1.0,0.77
gopotty,games_routines,0.0,0.08,0.12,0.0,0.0,0.35,0.4,0.55,0.47,0.24,0.33,0.48,0.59,0.42,0.55,0.51,0.33,0.7,0.5,0.45,0.33,0.0,0.72,1.0,0.5,1.0,0.76
hello,games_routines,0.25,0.29,0.4,0.12,0.21,0.49,0.42,0.79,0.63,0.66,0.79,0.88,0.82,0.59,0.58,0.77,0.74,0.92,0.85,0.88,1.0,0.0,0.96,1.0,1.0,1.0,0.93
hi,games_routines,1.0,0.67,0.59,0.5,0.54,0.5,0.61,0.71,0.72,0.5,0.89,0.72,0.77,0.5,0.86,0.88,0.67,1.0,1.0,0.9,1.0,0.0,1.0,1.0,1.0,1.0,
lunch,games_routines,0.0,0.0,0.0,0.0,0.0,0.17,0.14,0.22,0.27,0.12,0.06,0.48,0.5,0.25,0.42,0.42,0.26,0.48,0.26,0.65,0.33,0.0,0.9,1.0,1.0,1.0,0.8
nap,games_routines,0.0,0.0,0.12,0.0,0.0,0.22,0.26,0.26,0.4,0.24,0.11,0.44,0.47,0.38,0.41,0.47,0.33,0.8,0.5,0.48,0.67,0.0,0.76,0.5,0.5,1.0,0.84
nightnight,games_routines,0.0,0.5,0.35,0.0,0.07,0.51,0.28,0.41,0.65,0.4,0.56,0.53,0.48,0.55,0.65,0.57,0.67,0.6,1.0,0.41,0.67,0.0,0.59,0.5,0.5,1.0,0.85
no,games_routines,0.5,0.83,0.76,0.5,0.54,0.79,0.71,0.73,0.91,1.0,0.78,0.69,0.8,0.94,0.9,0.86,1.0,1.0,1.0,0.91,1.0,0.0,0.8,0.5,1.0,1.0,0.94
pattycake,games_routines,0.0,0.42,0.18,0.0,0.0,0.18,0.2,0.2,0.31,0.24,0.22,0.36,0.04,0.3,0.34,0.32,0.0,0.5,0.75,0.18,0.33,0.0,0.58,0.5,0.5,0.0,0.5
peekaboo,games_routines,0.0,0.5,0.29,0.0,0.14,0.49,0.46,0.73,0.65,0.31,0.67,0.69,0.7,0.52,0.68,0.67,1.0,0.6,0.75,0.81,1.0,0.0,0.92,0.5,0.5,1.0,0.84
please,games_routines,0.25,0.12,0.2,0.75,0.28,0.51,0.48,0.65,0.61,0.44,0.44,0.72,0.9,0.85,0.76,0.85,0.64,0.83,0.88,0.84,1.0,0.0,0.98,1.0,1.0,1.0,0.97
shh,games_routines,0.5,0.5,0.47,0.75,0.46,0.67,0.68,0.8,0.78,0.52,0.78,0.65,0.68,0.64,0.84,0.88,0.67,0.9,1.0,0.85,1.0,0.0,0.74,1.0,0.5,1.0,0.81
shopping,games_routines,0.0,0.0,0.0,0.0,0.0,0.05,0.07,0.2,0.16,0.08,0.2,0.3,0.42,0.17,0.4,0.36,0.33,0.37,0.37,0.45,0.33,0.0,0.64,1.0,0.5,1.0,0.61
snack,games_routines,0.0,0.0,0.0,0.0,0.0,0.23,0.26,0.14,0.38,0.04,0.11,0.44,0.6,0.63,0.37,0.4,0.0,0.8,0.5,0.4,0.67,0.0,0.74,1.0,0.5,1.0,0.81
sobig,games_routines,0.0,0.08,0.0,0.0,0.0,0.21,0.15,0.24,0.26,0.33,0.33,0.41,0.45,0.28,0.55,0.5,0.0,1.0,0.5,0.52,0.67,0.0,0.72,1.0,0.5,1.0,0.77
thankyou,games_routines,0.0,0.33,0.47,0.25,0.32,0.66,0.59,0.79,0.8,0.65,0.67,0.76,0.91,0.96,0.83,0.86,1.0,1.0,1.0,0.93,0.67,0.0,1.0,1.0,1.0,1.0,1.0
thislittlepiggy,games_routines,0.0,0.25,0.12,0.0,0.0,0.14,0.17,0.15,0.24,0.0,0.22,0.36,0.04,0.39,0.39,0.28,0.0,0.5,0.75,0.22,0.33,0.0,0.58,0.5,0.5,0.0,0.49
turn around,games_routines,0.0,0.0,0.0,0.0,0.0,0.0,0.0,0.0,0.0,0.0,0.0,0.29,0.25,0.11,0.12,0.25,0.0,0.0,0.45,0.6,,,,,,,
turnaround,games_routines,0.0,0.25,0.18,0.0,0.0,0.17,0.15,0.13,0.26,0.11,0.11,0.36,0.34,0.31,0.34,0.36,0.33,0.7,0.25,0.3,0.67,0.0,0.4,1.0,0.5,1.0,0.79
yes,games_routines,0.5,0.33,0.41,0.25,0.25,0.72,0.59,0.67,0.74,0.93,0.67,0.72,0.8,0.64,0.86,0.86,0.67,1.0,1.0,0.93,1.0,0.0,0.83,1.0,1.0,1.0,0.99
am,helping_verbs,0.0,0.0,0.09,0.0,0.0,0.16,0.12,0.12,0.15,0.03,0.06,0.04,0.16,0.23,0.21,0.42,0.1,0.0,0.14,0.71,,,0.74,,,,0.74
are,helping_verbs,0.0,0.0,0.0,0.0,0.0,0.0,0.03,0.06,0.08,0.0,0.11,0.11,0.14,0.26,0.16,0.34,0.0,0.0,0.0,0.0,,,,,,,
be,helping_verbs,0.0,0.04,0.06,0.0,0.0,0.12,0.1,0.02,0.08,0.0,0.1,0.07,0.0,0.18,0.14,0.34,0.1,0.0,0.14,0.2,,,0.6,,,,0.6
can2,helping_verbs,0.0,0.08,0.06,0.0,0.0,0.28,0.0,0.03,0.39,0.11,0.22,0.22,0.21,0.43,0.41,0.29,0.0,0.0,1.0,0.4,,,0.81,,,,0.81
could,helping_verbs,0.0,0.0,0.0,0.0,0.0,0.03,0.03,0.04,0.05,0.0,0.0,0.06,0.0,0.11,0.0,0.14,0.0,0.0,0.0,0.22,,,0.44,,,,0.44
did,helping_verbs,0.0,0.04,0.03,0.0,0.0,0.06,0.06,0.04,0.12,0.04,0.11,0.07,0.0,0.2,0.19,0.27,0.0,0.0,0.0,0.2,,,0.59,,,,0.59
do,helping_verbs,0.0,0.0,0.02,0.0,0.0,0.17,0.24,0.29,0.27,0.14,0.16,0.23,0.19,0.42,0.36,0.42,0.3,0.31,0.48,0.47,,,0.73,,,,0.73
does,helping_verbs,0.0,0.0,0.06,0.0,0.0,0.08,0.06,0.0,0.1,0.0,0.11,0.11,0.0,0.18,0.12,0.22,0.0,0.0,0.0,0.23,,,0.46,,,,0.46
dont,helping_verbs,0.0,0.04,0.02,0.0,0.0,0.16,0.22,0.22,0.3,0.04,0.1,0.28,0.24,0.3,0.26,0.29,0.2,0.25,0.5,0.37,,,0.77,,,,0.77
gonna,helping_verbs,0.0,0.0,0.0,0.0,0.0,0.12,0.0,0.03,0.12,0.11,0.22,0.22,0.07,0.24,0.35,0.21,0.0,1.0,0.0,1.0,,,,,,,
gonnagoingto,helping_verbs,,,,,0.0,0.37,0.12,0.18,0.3,0.0,,0.5,0.0,0.52,0.31,0.54,,,,0.68,,,0.68,,,,0.68
gotta,helping_verbs,0.0,0.0,0.06,0.0,0.0,0.08,0.03,0.04,0.17,0.0,0.11,0.06,0.0,0.15,0.15,0.37,0.0,0.0,0.0,0.78,,,0.55,,,,0.55
haveto,helping_verbs,0.0,0.08,0.0,0.0,0.0,0.08,0.03,0.04,0.19,0.0,0.11,0.36,0.0,0.21,0.27,0.3,0.0,0.0,0.0,0.28,,,0.56,,,,0.56
is,helping_verbs,0.0,0.02,0.0,0.0,0.0,0.09,0.18,0.06,0.14,0.08,0.23,0.13,0.18,0.3,0.31,0.42,0.23,0.12,0.41,0.48,,,0.85,,,,0.85
lemme,helping_verbs,0.0,0.0,0.12,0.0,0.0,0.18,0.0,0.12,0.29,0.06,0.33,0.16,0.14,0.44,0.36,0.7,0.0,1.0,0.0,0.32,,,0.65,,,,0.65
need,helping_verbs,0.0,0.08,0.12,0.0,0.0,0.16,0.03,0.02,0.24,0.0,0.22,0.11,0.2,0.28,0.18,0.41,0.0,1.0,1.0,0.36,,,0.72,,,,0.72
try,helping_verbs,0.0,0.0,0.03,0.0,0.0,0.0,0.1,0.13,0.09,0.04,0.06,0.07,0.08,0.21,0.18,0.52,0.2,0.12,0.18,0.1,,,,,,,
wanna,helping_verbs,0.0,0.25,0.0,0.0,0.0,0.2,0.06,0.15,0.38,0.06,0.44,0.28,0.3,0.58,0.48,0.68,0.33,1.0,0.0,0.92,,,0.85,,,,0.85
was,helping_verbs,0.0,0.0,0.0,0.0,0.0,0.04,0.08,0.01,0.06,0.0,0.06,0.12,0.08,0.14,0.14,0.23,0.26,0.0,0.14,0.18,,,0.53,,,,0.53
were,helping_verbs,0.0,0.0,0.0,0.0,0.0,0.06,0.03,0.03,0.09,0.06,0.11,0.06,0.0,0.13,0.09,0.14,0.0,0.0,0.0,0.24,,,0.49,,,,0.49
will,helping_verbs,0.0,0.0,0.06,0.0,0.0,0.06,0.0,0.03,0.1,0.0,0.0,0.36,0.0,0.18,0.12,0.18,0.0,0.0,0.0,0.25,,,0.5,,,,0.5
would,helping_verbs,0.0,0.0,0.06,0.0,0.0,0.01,0.0,0.0,0.03,0.0,0.0,0.11,0.0,0.07,0.03,0.14,0.0,0.0,0.0,0.18,,,0.37,,,,0.37
basket,household,0.0,0.04,0.25,0.12,0.0,0.11,0.16,0.2,0.2,0.15,0.06,0.34,0.26,0.22,0.3,0.36,0.2,0.48,0.23,0.3,0.67,0.0,0.39,0.5,0.5,1.0,0.78
blanket,household,0.0,0.08,0.06,0.0,0.16,0.37,0.31,0.6,0.4,0.36,0.38,0.62,0.62,0.61,0.58,0.58,0.26,0.68,0.73,0.75,0.67,0.0,0.9,1.0,1.0,1.0,0.81
bottle,household,0.25,0.21,0.12,0.12,0.21,0.43,0.25,0.49,0.5,0.33,0.21,0.62,0.58,0.57,0.57,0.74,0.26,0.83,0.76,0.6,0.67,0.0,0.9,1.0,1.0,1.0,0.8
bowl,household,0.0,0.04,0.0,0.0,0.05,0.22,0.22,0.38,0.35,0.2,0.21,0.44,0.42,0.51,0.46,0.64,0.16,0.47,0.79,0.46,0.67,0.0,0.66,1.0,1.0,1.0,0.66
box,household,0.0,0.12,0.34,0.0,0.0,0.19,0.25,0.27,0.3,0.26,0.32,0.47,0.35,0.56,0.55,0.72,0.1,0.68,0.85,0.86,0.67,0.0,0.93,1.0,1.0,1.0,0.86
broom,household,0.0,0.08,0.06,0.0,0.25,0.12,0.26,0.12,0.3,0.37,0.22,0.44,0.42,0.54,0.35,0.51,0.33,0.7,0.5,0.29,0.67,0.0,0.73,1.0,1.0,1.0,0.46
brush,household,0.0,0.11,0.02,0.33,0.29,0.14,0.28,0.32,0.36,0.31,0.24,0.53,0.33,0.38,0.41,0.53,0.2,0.57,0.6,0.55,0.67,0.0,0.7,1.0,1.0,1.0,0.74
bucket,household,0.0,0.69,0.0,0.0,0.16,0.19,0.08,0.25,0.25,0.06,0.3,0.51,0.28,0.24,0.38,0.43,0.2,0.3,0.2,0.35,0.33,0.0,0.44,1.0,0.5,1.0,0.54
camera,household,0.0,0.0,0.03,0.0,0.0,0.29,0.24,0.31,0.2,0.22,0.26,0.49,0.45,0.42,0.36,0.82,0.0,0.6,0.68,0.72,0.67,0.0,0.95,1.0,1.0,1.0,0.9
can1,household,0.0,0.04,0.03,0.0,0.0,0.12,0.2,0.08,0.19,0.06,0.06,0.25,0.06,0.23,0.24,0.37,0.1,0.05,0.22,0.26,0.33,0.0,0.28,0.5,0.5,0.0,0.57
clock,household,0.0,0.04,0.06,0.0,0.05,0.18,0.2,0.33,0.3,0.2,0.16,0.36,0.18,0.29,0.34,0.36,0.16,0.48,0.73,0.34,0.67,0.0,0.72,1.0,0.5,0.0,0.76
comb,household,0.0,0.0,0.0,0.0,0.0,0.1,0.08,0.25,0.17,0.14,0.0,0.32,0.1,0.19,0.29,0.27,0.07,0.12,0.24,0.28,0.33,0.0,0.37,0.5,0.5,0.0,0.41
cup,household,0.0,0.12,0.06,0.0,0.16,0.41,0.24,0.42,0.59,0.36,0.32,0.56,0.53,0.65,0.7,0.75,0.26,0.77,0.82,0.56,0.67,0.0,0.93,1.0,1.0,1.0,0.86
dish,household,0.0,0.08,0.0,0.0,0.0,0.18,0.12,0.11,0.15,0.0,0.11,0.48,0.09,0.15,0.18,0.44,0.0,0.0,0.25,0.24,0.0,0.0,0.42,0.5,0.5,0.0,0.52
fork,household,0.0,0.08,0.06,0.0,0.0,0.22,0.29,0.33,0.45,0.41,0.44,0.52,0.49,0.66,0.59,0.6,0.33,0.8,1.0,0.51,0.67,0.0,0.87,1.0,1.0,1.0,0.74
garbage,household,0.0,0.08,0.0,0.0,0.0,0.16,0.24,0.44,0.41,0.17,0.22,0.65,0.51,0.6,0.32,0.57,0.33,0.4,0.5,0.54,0.67,0.0,0.92,1.0,1.0,1.0,0.83
glass,household,0.0,0.08,0.25,0.0,0.0,0.11,0.12,0.16,0.29,0.03,0.11,0.54,0.22,0.5,0.34,0.56,0.0,0.48,0.76,0.44,0.33,0.0,0.72,0.5,1.0,1.0,0.76
glasses,household,0.0,0.0,0.03,0.0,0.05,0.11,0.16,0.22,0.28,0.41,0.21,0.37,0.26,0.5,0.44,0.58,0.26,0.55,0.76,0.72,0.67,0.0,0.84,1.0,1.0,1.0,0.68
hammer,household,0.0,0.0,0.0,0.0,0.0,0.07,0.06,0.14,0.18,0.05,0.16,0.33,0.16,0.23,0.17,0.35,0.1,0.47,0.45,0.33,0.67,0.0,0.43,1.0,0.0,1.0,0.53
jar,household,0.0,0.0,0.06,0.0,0.0,0.02,0.03,0.04,0.06,0.0,0.11,0.41,0.0,0.06,0.1,0.1,0.0,0.1,0.25,0.19,0.33,0.0,0.18,0.5,0.5,0.0,0.37
knife,household,0.0,0.0,0.0,0.0,0.0,0.12,0.1,0.25,0.16,0.2,0.16,0.4,0.48,0.48,0.36,0.54,0.16,0.55,0.79,0.48,0.67,0.0,0.86,1.0,0.5,1.0,0.72
lamp,household,0.25,0.04,0.03,0.0,0.0,0.19,0.04,0.06,0.16,0.02,0.06,0.47,0.08,0.22,0.21,0.25,0.0,0.4,0.23,0.21,0.0,0.0,0.48,1.0,0.5,0.0,0.64
light,household,0.17,0.11,0.0,0.08,0.04,0.23,0.22,0.27,0.33,0.21,0.18,0.42,0.53,0.52,0.5,0.57,0.18,0.51,0.61,0.49,0.67,0.0,0.76,1.0,1.0,1.0,0.84
medicine,household,0.0,0.0,0.28,0.0,0.0,0.15,0.2,0.18,0.23,0.28,0.06,0.62,0.23,0.57,0.39,0.54,0.46,0.68,0.82,0.5,0.67,0.0,0.72,1.0,1.0,1.0,0.78
money,household,0.0,0.12,0.09,0.0,0.16,0.24,0.23,0.22,0.38,0.14,0.38,0.58,0.37,0.59,0.45,0.78,0.6,0.55,0.82,0.72,0.67,0.0,0.94,1.0,1.0,1.0,0.87
mop,household,0.0,0.0,0.12,0.0,0.0,0.07,0.08,0.05,0.2,0.04,0.0,0.57,0.0,0.16,0.1,0.22,0.0,0.0,0.0,0.13,0.0,0.0,0.2,0.5,0.0,1.0,0.39
nail,household,0.0,0.0,0.0,0.0,0.0,0.04,0.08,0.05,0.09,0.0,0.11,0.44,0.0,0.11,0.27,0.27,0.33,0.1,0.5,0.42,0.33,0.0,0.33,1.0,0.5,1.0,0.66
napkin,household,0.0,0.08,0.06,0.0,0.0,0.2,0.26,0.19,0.34,0.24,0.33,0.48,0.51,0.6,0.51,0.53,0.0,0.7,0.5,0.84,0.67,0.0,0.86,1.0,1.0,1.0,0.73
paper,household,0.0,0.04,0.06,0.0,0.0,0.2,0.27,0.29,0.39,0.26,0.38,0.55,0.53,0.61,0.5,0.67,0.44,0.68,0.73,0.92,0.67,0.0,0.94,1.0,0.5,1.0,0.87
penny,household,0.0,0.0,0.0,0.0,0.0,0.09,0.15,0.15,0.2,0.11,0.44,0.44,0.05,0.2,0.16,0.32,0.33,0.6,0.25,0.51,0.0,0.0,0.26,0.5,0.0,1.0,0.53
picture,household,0.0,0.08,0.0,0.0,0.0,0.0,0.21,0.25,0.3,0.33,0.16,0.47,0.3,0.54,0.56,0.76,0.36,0.55,0.79,0.53,0.67,0.0,1.0,1.0,1.0,1.0,
pillow,household,0.0,0.12,0.06,0.0,0.0,0.24,0.31,0.28,0.32,0.38,0.32,0.59,0.56,0.58,0.56,0.65,0.16,0.62,0.73,0.8,0.67,0.0,0.89,1.0,0.5,1.0,0.78
plant,household,0.0,0.0,0.06,0.12,0.0,0.07,0.08,0.13,0.18,0.05,0.16,0.46,0.08,0.24,0.14,0.31,0.1,0.57,0.42,0.22,0.33,0.0,0.5,1.0,0.5,1.0,0.66
plate,household,0.0,0.08,0.0,0.0,0.0,0.22,0.21,0.17,0.27,0.11,0.11,0.17,0.35,0.4,0.35,0.55,0.1,0.62,0.59,0.29,,,0.66,,,,0.66
purse,household,0.0,0.0,0.06,0.0,0.0,0.2,0.2,0.11,0.31,0.28,0.11,0.44,0.07,0.28,0.31,0.44,0.0,0.5,0.25,0.17,0.67,0.0,0.42,0.5,0.5,0.0,0.5
radio,household,0.0,0.0,0.0,0.0,0.0,0.22,0.15,0.15,0.25,0.04,0.11,0.69,0.2,0.28,0.22,0.44,0.67,0.7,1.0,0.34,0.67,0.0,0.3,0.5,0.0,0.0,0.61
scissors,household,0.0,0.0,0.0,0.0,0.0,0.11,0.06,0.14,0.24,0.18,0.16,0.31,0.21,0.26,0.33,0.57,0.1,0.55,0.39,0.6,0.67,0.0,0.9,1.0,0.5,1.0,0.81
soap,household,0.0,0.04,0.03,0.12,0.0,0.15,0.3,0.32,0.4,0.23,0.06,0.31,1.14,0.5,0.51,0.7,0.36,0.6,0.79,0.56,0.67,0.0,0.91,1.0,0.5,1.0,0.82
spoon,household,0.0,0.16,0.09,0.0,0.0,0.22,0.35,0.55,0.56,0.29,0.26,0.62,0.6,0.62,0.62,0.72,0.16,0.68,0.76,0.5,0.67,0.0,0.9,1.0,1.0,1.0,0.79
tape,household,0.0,0.0,0.06,0.0,0.0,0.0,0.14,0.13,0.13,0.17,0.11,0.44,0.02,0.2,0.4,0.46,0.0,0.5,0.75,0.1,0.67,0.0,0.67,1.0,0.5,1.0,
telephone,household,0.0,0.06,0.06,0.06,0.04,0.2,0.28,0.31,0.44,0.42,0.26,0.52,0.68,0.36,0.48,0.64,0.57,0.66,0.62,0.68,1.0,0.0,0.94,1.0,1.0,1.0,0.89
tissue,household,0.0,0.0,0.5,0.5,0.0,0.1,0.24,0.28,0.3,0.35,0.36,0.54,0.57,0.52,0.48,0.64,0.2,0.88,0.7,0.49,0.67,0.0,0.78,1.0,0.5,1.0,0.57
toothbrush,household,0.0,0.16,0.03,0.0,0.08,0.16,0.34,0.34,0.46,0.35,0.21,0.6,0.43,0.58,0.57,0.65,0.2,0.71,0.89,0.4,0.67,0.0,0.88,1.0,1.0,1.0,0.77
towel,household,0.0,0.08,0.03,0.0,0.0,0.13,0.26,0.34,0.3,0.14,0.26,0.5,0.35,0.44,0.41,0.59,0.16,0.62,0.14,0.31,,,0.74,,,,0.74
trash,household,0.0,0.25,0.12,0.25,0.0,0.32,0.38,0.12,0.39,0.15,0.67,0.44,0.02,0.34,0.26,0.25,0.33,0.5,0.75,0.62,0.33,0.0,0.33,0.5,0.5,1.0,0.66
tray,household,0.0,0.0,0.0,0.0,0.0,0.02,0.03,0.02,0.06,0.17,0.0,0.37,0.0,0.06,0.08,0.1,0.0,0.1,0.25,0.19,0.33,0.0,0.18,0.5,0.0,1.0,0.36
vacuum,household,0.0,0.08,0.0,0.25,0.0,0.2,0.24,0.23,0.28,0.24,0.22,0.44,0.18,0.28,0.33,0.42,0.33,0.7,0.0,0.31,0.33,0.0,0.43,0.5,0.0,1.0,0.53
walker,household,0.0,0.0,0.0,0.0,0.0,0.04,0.03,0.05,0.05,0.0,0.0,0.37,0.0,0.08,0.02,0.12,0.0,0.0,0.0,0.15,0.33,0.0,0.28,0.5,0.0,0.0,0.24
watch1,household,0.0,0.12,0.06,0.0,0.0,0.14,0.27,0.27,0.24,0.13,0.41,0.27,0.38,0.33,0.27,0.45,0.36,0.72,0.36,0.24,0.67,0.0,0.84,1.0,0.5,1.0,0.67
about,locations,0.0,0.0,0.0,0.0,0.0,0.03,0.03,0.0,0.03,0.0,0.0,0.11,0.0,0.06,0.09,0.2,0.0,0.0,0.0,0.72,,,0.43,,,,0.43
above,locations,0.0,0.0,0.0,0.0,0.0,0.0,0.03,0.0,0.06,0.0,0.0,0.06,0.0,0.04,0.06,0.12,0.0,0.0,0.0,0.0,,,,,,,
around,locations,0.0,0.0,0.0,0.0,0.0,0.09,0.03,0.06,0.21,0.0,0.11,0.16,0.1,0.2,0.09,0.38,0.33,0.0,0.0,0.32,,,0.65,,,,0.65
at,locations,0.0,0.04,0.06,0.0,0.0,0.08,0.02,0.06,0.11,0.0,0.1,0.22,0.0,0.22,0.18,0.44,0.0,0.12,0.14,0.26,,,0.57,,,,0.57
away,locations,0.0,0.17,0.0,0.0,0.0,0.27,0.15,0.08,0.31,0.06,0.33,0.42,0.04,0.34,0.3,0.52,0.33,0.0,0.0,0.32,,,0.65,,,,0.65
back,locations,0.0,0.04,0.0,0.0,0.0,0.15,0.1,0.07,0.32,0.03,0.06,0.19,0.17,0.28,0.27,0.52,0.2,0.12,0.22,0.39,,,0.78,,,,0.78
behind,locations,0.0,0.0,0.0,0.0,0.0,0.07,0.04,0.04,0.14,0.0,0.06,0.29,0.15,0.19,0.16,0.31,0.0,0.5,0.14,0.27,,,0.61,,,,0.61
beside,locations,0.0,0.0,0.0,0.0,0.0,0.02,0.02,0.05,0.07,0.0,0.1,0.07,0.08,0.12,0.08,0.2,0.0,0.0,0.14,0.15,,,0.26,,,,0.26
by,locations,0.0,0.08,0.12,0.0,0.0,0.12,0.08,0.07,0.12,0.06,0.11,0.11,0.0,0.17,0.22,0.22,0.0,0.0,0.0,0.26,,,0.51,,,,0.51
down,locations,0.0,0.12,0.04,0.0,0.02,0.16,0.12,0.15,0.25,0.02,0.19,0.1,0.21,0.33,0.2,0.44,0.23,0.18,0.4,0.24,,,0.86,,,,0.86
for,locations,0.0,0.0,0.03,0.0,0.0,0.2,0.02,0.06,0.16,0.0,0.11,0.07,0.05,0.28,0.27,0.36,0.0,0.0,0.14,0.29,,,0.68,,,,0.68
here,locations,0.0,0.08,0.03,0.0,0.0,0.28,0.08,0.23,0.34,0.15,0.36,0.37,0.15,0.42,0.41,0.57,0.26,0.0,0.72,0.48,,,0.83,,,,0.83
inside,locations,0.0,0.01,0.01,0.0,0.0,0.11,0.12,0.14,0.24,0.06,0.19,0.27,0.18,0.3,0.34,0.41,0.27,0.21,0.44,0.49,,,0.79,,,,0.79
into,locations,0.0,0.0,0.0,0.0,0.0,0.04,0.03,0.06,0.09,0.0,0.0,0.11,0.0,0.13,0.03,0.18,0.0,0.0,0.0,0.17,,,0.34,,,,0.34
nextto,locations,0.0,0.0,0.0,0.0,0.0,0.04,0.06,0.04,0.07,0.0,0.11,0.11,0.0,0.14,0.16,0.18,0.0,0.0,0.0,0.25,,,0.5,,,,0.5
of,locations,0.0,0.0,0.03,0.0,0.0,0.04,0.02,0.02,0.06,0.0,0.0,0.07,0.08,0.16,0.08,0.15,0.1,0.0,0.09,0.27,,,0.6,,,,0.6
off,locations,0.0,0.08,0.06,0.0,0.0,0.2,0.23,0.2,0.3,0.07,0.16,0.23,0.2,0.43,0.38,0.48,0.0,0.0,0.14,0.23,,,0.7,,,,0.7
on,locations,0.0,0.04,0.12,0.0,0.0,0.22,0.16,0.13,0.35,0.07,0.26,0.19,0.11,0.45,0.28,0.64,0.36,0.62,0.09,0.38,,,0.74,,,,0.74
ontopof,locations,0.0,0.0,0.0,0.0,0.0,0.03,0.02,0.16,0.09,0.0,0.1,0.08,0.12,0.15,0.1,0.28,0.1,0.12,0.18,0.46,,,0.62,,,,0.62
out,locations,0.0,0.08,0.06,0.0,0.16,0.04,0.15,0.15,0.27,0.07,0.26,0.29,0.33,0.33,0.45,0.66,0.1,0.25,0.14,0.2,,,,,,,
over,locations,0.0,0.04,0.0,0.0,0.0,0.17,0.02,0.05,0.14,0.0,0.21,0.07,0.11,0.3,0.2,0.2,0.0,0.12,0.22,0.32,,,0.56,,,,0.56
there,locations,0.0,0.02,0.0,0.0,0.08,0.14,0.11,0.23,0.34,0.04,0.36,0.15,0.24,0.27,0.28,0.45,0.23,0.19,0.25,0.3,,,0.78,,,,0.78
to,locations,0.0,0.04,0.03,0.0,0.0,0.12,0.02,0.14,0.22,0.0,0.0,0.12,0.0,0.28,0.21,0.38,0.0,0.0,0.14,0.33,,,0.8,,,,0.8
under,locations,0.0,0.0,0.03,0.0,0.0,0.14,0.04,0.1,0.16,0.0,0.11,0.24,0.07,0.26,0.16,0.36,0.0,0.0,0.14,0.43,,,0.68,,,,0.68
up,locations,0.0,0.06,0.03,0.06,0.12,0.06,0.1,0.17,0.2,0.18,0.1,0.08,0.2,0.26,0.22,0.44,0.13,0.5,0.16,0.2,,,,,,,
with,locations,0.0,0.0,0.0,0.0,0.0,0.11,0.04,0.06,0.18,0.0,0.11,0.04,0.17,0.28,0.19,0.33,0.2,0.25,0.68,0.4,,,0.8,,,,0.8
backyard,outside,0.0,0.08,0.06,0.0,0.0,0.06,0.12,0.14,0.15,0.0,0.11,0.42,0.1,0.31,0.28,0.46,0.0,1.0,0.0,0.28,,,0.55,,,,0.55
cloud,outside,0.25,0.04,0.0,0.0,0.0,0.14,0.1,0.2,0.24,0.03,0.1,0.46,0.46,0.47,0.34,0.43,0.16,0.47,0.76,0.38,0.33,0.0,0.52,1.0,0.5,1.0,0.72
flag,outside,0.0,0.5,0.03,0.0,0.0,0.1,0.06,0.16,0.18,0.05,0.06,0.37,0.38,0.45,0.31,0.44,0.36,0.57,0.45,0.43,0.67,0.0,0.86,0.5,0.5,1.0,0.71
flower,outside,0.25,0.12,0.06,0.12,0.05,0.12,0.28,0.48,0.45,0.26,0.44,0.65,0.45,0.66,0.5,0.81,0.64,0.85,0.76,0.8,0.67,0.0,1.0,1.0,1.0,1.0,
garden,outside,0.0,0.0,0.0,0.12,0.0,0.08,0.02,0.12,0.1,0.02,0.06,0.34,0.19,0.16,0.22,0.31,0.0,0.15,0.26,0.41,0.33,0.0,0.65,0.5,1.0,1.0,0.63
grass,outside,0.0,0.04,0.03,0.0,0.0,0.15,0.18,0.08,0.32,0.2,0.32,0.48,0.43,0.52,0.39,0.53,0.16,0.55,0.42,0.54,0.67,0.0,0.55,1.0,1.0,1.0,0.77
hose,outside,0.0,0.0,0.12,0.0,0.0,0.11,0.12,0.06,0.17,0.0,0.0,0.48,0.0,0.16,0.14,0.24,0.0,0.3,0.25,0.33,0.33,0.0,0.19,0.5,0.0,0.0,0.38
ladder,outside,0.0,0.0,0.0,0.0,0.0,0.1,0.06,0.08,0.18,0.0,0.11,0.3,0.12,0.26,0.24,0.46,0.1,0.48,0.32,0.22,0.33,0.0,0.41,1.0,0.5,1.0,0.49
lawnmower,outside,0.0,0.0,0.0,0.0,0.0,0.03,0.08,0.03,0.09,0.06,0.0,0.16,0.0,0.18,0.18,0.22,0.0,0.0,0.0,0.05,0.0,0.0,0.1,0.5,0.0,0.0,0.21
moon,outside,0.25,0.12,0.14,0.12,0.21,0.38,0.28,0.53,0.47,0.38,0.32,0.52,0.5,0.72,0.63,0.6,0.26,0.75,0.48,0.82,0.67,0.0,0.94,1.0,1.0,1.0,0.87
pool,outside,0.0,0.04,0.34,0.0,0.0,0.16,0.14,0.27,0.42,0.26,0.21,0.45,0.46,0.56,0.55,0.54,0.56,0.57,0.57,0.95,0.67,0.0,0.78,1.0,1.0,1.0,0.89
rain,outside,0.25,0.08,0.06,0.25,0.11,0.33,0.24,0.34,0.48,0.38,0.38,0.62,0.6,0.69,0.55,0.76,0.46,0.87,0.79,0.52,0.67,0.0,0.94,1.0,1.0,1.0,0.89
rock,outside,0.0,0.62,0.03,0.0,0.0,0.24,0.17,0.2,0.42,0.08,0.16,0.5,0.18,0.48,0.4,0.46,0.16,0.63,0.56,0.38,0.67,0.0,0.69,1.0,0.5,1.0,0.71
roof,outside,0.0,0.0,0.0,0.0,0.0,0.06,0.04,0.04,0.14,0.0,0.0,0.3,0.0,0.14,0.16,0.31,0.2,0.48,0.12,0.38,0.33,0.0,0.6,1.0,0.5,1.0,0.53
sandbox,outside,0.0,0.0,0.0,0.0,0.0,0.08,0.06,0.18,0.11,0.0,0.11,0.65,0.07,0.16,0.16,0.32,0.0,0.5,0.0,0.2,0.33,0.0,0.2,0.5,0.0,1.0,0.39
shovel,outside,0.0,0.0,0.0,0.0,0.0,0.11,0.14,0.16,0.2,0.02,0.0,0.06,0.12,0.23,0.12,0.4,0.0,0.08,0.29,0.26,0.67,0.0,0.23,0.5,0.0,1.0,0.46
sidewalk,outside,0.0,0.0,0.0,0.0,0.0,0.11,0.06,0.05,0.18,0.17,0.0,0.44,0.07,0.18,0.29,0.41,0.0,0.6,0.5,0.42,0.33,0.0,0.39,1.0,0.5,0.0,0.45
sky,outside,0.0,0.08,0.12,0.0,0.0,0.22,0.18,0.38,0.34,0.2,0.31,0.49,0.26,0.36,0.39,0.34,0.26,0.68,0.76,0.54,0.67,0.0,0.88,1.0,0.5,1.0,0.77
slide1,outside,0.0,0.08,0.0,0.0,0.0,0.21,0.26,0.35,0.26,0.25,0.36,0.28,0.49,0.38,0.43,0.6,0.35,0.64,0.36,0.31,0.67,0.0,0.66,1.0,1.0,1.0,0.65
snow,outside,0.0,0.04,0.0,0.0,0.05,0.17,0.13,0.2,0.35,0.15,0.28,0.49,0.29,0.53,0.31,0.44,0.2,0.48,0.45,0.33,0.33,0.0,0.69,1.0,0.5,1.0,0.71
snowman,outside,0.0,0.0,0.03,0.0,0.0,0.1,0.04,0.12,0.24,0.15,0.16,0.3,0.21,0.29,0.17,0.34,0.0,0.33,0.45,0.28,0.33,0.0,0.52,1.0,0.5,0.0,0.7
sprinkler,outside,0.0,0.0,0.06,0.0,0.0,0.03,0.08,0.04,0.16,0.06,0.0,0.47,0.0,0.11,0.11,0.15,0.0,0.5,0.25,0.14,0.0,0.0,0.36,0.5,0.0,1.0,0.38
star,outside,0.0,0.12,0.14,0.12,0.04,0.22,0.15,0.35,0.48,0.2,0.44,0.49,0.57,0.33,0.48,0.56,0.26,0.57,0.64,0.71,0.67,0.0,0.76,1.0,0.5,1.0,0.85
stick,outside,0.0,0.08,0.0,0.0,0.0,0.12,0.11,0.16,0.28,0.02,0.06,0.5,0.22,0.24,0.32,0.6,0.1,0.45,0.48,0.36,0.67,0.0,0.64,1.0,0.5,1.0,0.62
stone,outside,0.0,0.5,0.0,0.0,0.0,0.03,0.0,0.08,0.07,0.02,0.16,0.34,0.22,0.11,0.11,0.29,0.1,0.63,0.09,0.36,0.33,0.0,0.4,0.5,0.5,1.0,0.46
street,outside,0.0,0.0,0.0,0.0,0.0,0.08,0.04,0.16,0.17,0.18,0.11,0.36,0.08,0.23,0.36,0.49,0.1,0.47,0.73,0.37,0.67,0.0,0.84,1.0,0.5,1.0,0.68
sun,outside,0.0,0.12,0.06,0.12,0.11,0.38,0.19,0.5,0.43,0.36,0.38,0.62,0.62,0.64,0.57,0.63,0.26,0.68,0.82,0.57,0.67,0.0,0.94,1.0,1.0,1.0,0.87
swing1,outside,0.0,0.08,0.02,0.0,0.0,0.17,0.33,0.41,0.4,0.37,0.41,0.33,0.4,0.6,0.42,0.64,0.27,0.72,0.8,0.57,0.67,0.0,0.69,1.0,1.0,1.0,0.71
tree,outside,0.0,0.12,0.06,0.12,0.1,0.26,0.24,0.35,0.51,0.38,0.32,0.59,0.58,0.67,0.62,0.65,0.16,0.78,0.76,0.77,0.67,0.0,0.94,1.0,1.0,1.0,0.89
water2,outside,0.0,0.5,0.18,0.5,0.14,0.56,0.44,0.36,0.66,0.56,0.56,0.78,0.57,0.8,0.76,0.79,0.33,1.0,1.0,0.98,,,0.96,,,,0.96
wind,outside,0.0,0.0,0.0,0.0,0.0,0.11,0.1,0.06,0.22,0.02,0.46,0.33,0.44,0.47,0.34,0.44,0.36,0.55,0.42,0.36,0.33,0.0,0.48,0.5,0.5,1.0,0.63
aunt,people,0.0,0.04,0.06,0.0,0.0,0.0,0.1,0.39,0.1,0.02,0.1,0.52,0.46,0.18,0.4,0.26,0.16,0.25,0.3,0.2,0.67,0.0,0.67,0.5,0.5,0.0,
baby,people,0.5,0.42,0.32,0.88,0.51,0.62,0.42,0.72,0.8,0.82,0.74,0.78,0.84,0.83,0.89,0.88,0.7,0.6,0.85,0.93,1.0,0.0,1.0,1.0,1.0,1.0,
babysitter,people,0.0,0.0,0.06,0.0,0.0,0.0,0.06,0.04,0.02,0.12,0.0,0.3,0.34,0.09,0.08,0.16,0.0,0.1,0.25,0.2,0.0,0.0,0.33,1.0,1.0,1.0,
boy,people,0.0,0.12,0.18,0.0,0.22,0.17,0.17,0.35,0.3,0.23,0.26,0.52,0.56,0.64,0.51,0.68,0.36,0.35,0.82,0.33,0.67,0.0,1.0,1.0,1.0,1.0,
brother,people,0.0,0.08,0.03,0.0,0.05,0.04,0.17,0.21,0.14,0.15,0.0,0.46,0.2,0.31,0.24,0.4,0.26,0.4,0.23,0.33,0.33,0.0,0.33,1.0,1.0,1.0,
child,people,0.0,0.03,0.03,0.0,0.0,0.02,0.01,0.02,0.05,0.01,0.11,0.14,0.02,0.06,0.08,0.08,0.02,0.02,0.15,0.14,0.33,0.0,0.23,1.0,0.5,1.0,0.3
clown,people,0.0,0.04,0.0,0.0,0.0,0.0,0.08,0.19,0.04,0.02,0.11,0.44,0.18,0.18,0.12,0.2,0.2,0.4,0.65,0.27,0.33,0.0,0.33,1.0,1.0,1.0,
cowboy,people,0.0,0.08,0.0,0.0,0.0,0.0,0.08,0.03,0.08,0.0,0.0,0.37,0.09,0.08,0.14,0.2,0.0,0.5,0.25,0.1,0.33,0.0,0.0,1.0,0.0,0.0,
daddy,people,0.5,0.75,0.59,0.5,0.6,0.62,0.68,0.9,0.68,0.85,0.78,0.85,0.75,0.92,0.79,0.84,0.67,1.0,1.0,0.5,1.0,0.0,1.0,1.0,1.0,1.0,
doctor,people,0.0,0.04,0.03,0.0,0.0,0.0,0.14,0.25,0.23,0.18,0.16,0.58,0.25,0.6,0.5,0.68,0.16,0.68,0.76,0.73,0.67,0.0,0.67,1.0,1.0,1.0,
fireman,people,0.0,0.04,0.0,0.0,0.0,0.0,0.1,0.18,0.11,0.05,0.26,0.51,0.1,0.37,0.44,0.55,0.36,0.4,0.29,0.73,0.33,0.0,0.33,0.5,0.5,1.0,
friend,people,0.0,0.0,0.0,0.0,0.0,0.0,0.09,0.23,0.09,0.15,0.16,0.34,0.19,0.26,0.41,0.3,0.2,0.55,0.48,0.2,0.0,0.0,0.67,1.0,0.5,1.0,
girl,people,0.0,0.04,0.28,0.0,0.0,0.08,0.11,0.3,0.26,0.2,0.21,0.49,0.55,0.57,0.39,0.4,0.26,0.68,0.82,0.4,0.67,0.0,1.0,1.0,1.0,1.0,
grandma,people,0.0,0.33,0.18,0.0,0.72,0.32,0.5,0.63,0.7,0.22,0.56,0.72,0.48,0.72,0.8,0.82,0.33,1.0,1.0,0.0,,,,,,,
grandpa,people,0.0,0.16,0.09,0.0,0.32,0.19,0.21,0.65,0.5,0.21,0.42,0.45,0.32,0.5,0.63,0.6,0.36,0.75,0.28,0.3,,,,,,,
lady,people,0.0,0.08,0.0,0.0,0.0,0.0,0.06,0.22,0.08,0.2,0.0,0.37,0.0,0.16,0.34,0.26,0.0,0.7,0.5,0.1,0.33,0.0,0.33,1.0,0.0,1.0,
mailman,people,0.0,0.0,0.0,0.0,0.0,0.0,0.06,0.03,0.04,0.0,0.11,0.11,0.0,0.08,0.14,0.2,0.0,0.5,0.0,0.1,0.33,0.0,0.0,0.5,0.0,0.0,
man,people,0.12,0.01,0.14,0.0,0.03,0.03,0.06,0.1,0.09,0.07,0.16,0.15,0.03,0.17,0.22,0.19,0.08,0.15,0.11,0.25,0.33,0.0,0.25,1.0,0.5,1.0,0.23
mommy,people,0.5,0.83,0.59,0.5,0.93,0.62,0.7,0.92,0.78,0.93,0.89,0.96,0.86,0.91,0.83,0.84,0.33,1.0,1.0,0.9,1.0,0.0,1.0,1.0,1.0,1.0,
namepet,people,0.0,0.12,0.06,0.12,0.28,0.13,0.11,0.37,0.3,0.11,0.32,0.46,0.3,0.27,0.38,0.41,0.1,0.42,0.42,0.4,0.33,0.0,0.0,1.0,0.0,0.0,
nameself,people,0.0,0.42,0.29,0.0,0.25,0.06,0.42,0.66,0.68,0.47,0.67,0.66,0.7,0.92,0.76,0.8,0.67,1.0,1.0,0.9,1.0,0.0,1.0,1.0,1.0,1.0,
namesitter,people,0.0,0.08,0.12,0.0,0.0,0.0,0.26,0.3,0.28,0.06,0.22,0.48,0.2,0.51,0.3,0.52,0.33,0.9,0.25,0.4,1.0,0.0,0.33,1.0,1.0,1.0,
nurse,people,0.0,0.0,0.0,0.0,0.0,0.0,0.08,0.02,0.0,0.0,0.0,0.54,0.02,0.05,0.17,0.23,0.0,0.0,0.0,0.2,0.0,0.0,0.0,0.5,0.0,0.0,
people,people,0.0,0.04,0.0,0.0,0.0,0.0,0.1,0.15,0.06,0.0,0.06,0.3,0.08,0.41,0.22,0.21,0.34,0.15,0.39,0.13,0.67,0.0,0.33,1.0,0.5,1.0,
person,people,0.0,0.0,0.25,0.0,0.0,0.0,0.04,0.08,0.01,0.02,0.0,0.31,0.0,0.1,0.19,0.16,0.2,0.0,0.23,0.07,0.33,0.0,0.0,1.0,0.5,1.0,
police,people,0.0,0.0,0.0,0.0,0.0,0.06,0.06,0.09,0.15,0.07,0.44,0.65,0.2,0.39,0.43,0.37,0.33,0.0,0.5,0.7,0.33,0.0,0.67,1.0,0.5,1.0,
sister,people,0.25,0.04,0.0,0.0,0.05,0.12,0.11,0.18,0.09,0.15,0.06,0.52,0.43,0.26,0.26,0.36,0.1,0.15,0.26,0.33,0.33,0.0,0.33,0.5,1.0,1.0,
teacher,people,0.0,0.0,0.0,0.0,0.0,0.04,0.06,0.12,0.16,0.05,0.06,0.43,0.4,0.2,0.26,0.26,0.16,0.33,0.62,0.4,0.33,0.0,0.33,1.0,0.5,0.0,
uncle,people,0.0,0.08,0.18,0.0,0.0,0.06,0.24,0.26,0.2,0.04,0.33,0.61,0.42,0.62,0.32,0.35,0.33,0.6,0.25,0.1,0.67,0.0,0.33,0.5,0.5,1.0,
beach,places,0.0,0.03,0.17,0.0,0.08,0.21,0.17,0.2,0.35,0.16,0.27,0.63,0.42,0.57,0.42,0.51,0.27,0.5,0.44,0.54,0.33,0.0,0.78,0.5,0.5,0.0,0.88
camping,places,0.0,0.5,0.0,0.0,0.0,0.04,0.02,0.03,0.06,0.0,0.0,0.31,0.0,0.16,0.08,0.14,0.0,0.0,0.06,0.08,0.33,0.0,0.17,0.5,0.0,1.0,0.34
church,places,0.0,0.08,0.06,0.25,0.0,0.13,0.2,0.11,0.25,0.04,0.22,0.15,0.45,0.28,0.22,0.37,0.0,0.7,1.0,0.34,0.67,0.0,0.48,0.5,0.5,1.0,0.63
circus,places,0.0,0.0,0.0,0.0,0.0,0.07,0.0,0.04,0.09,0.0,0.11,0.37,0.02,0.14,0.12,0.19,0.33,0.0,0.5,0.51,0.33,0.0,0.27,0.5,0.5,0.0,0.54
country,places,0.0,0.0,0.0,0.0,0.0,0.01,0.03,0.04,0.04,0.0,0.0,0.37,0.0,0.04,0.02,0.07,0.0,0.0,0.25,0.09,0.0,0.0,0.14,0.5,0.0,0.0,0.27
downtown,places,0.0,0.0,0.0,0.0,0.0,0.04,0.03,0.02,0.09,0.0,0.11,0.37,0.0,0.07,0.04,0.07,0.0,0.0,0.25,0.09,0.0,0.0,0.3,0.0,0.5,0.0,0.27
farm,places,0.0,0.04,0.0,0.0,0.0,0.16,0.08,0.1,0.16,0.05,0.16,0.49,0.04,0.21,0.23,0.36,0.1,0.07,0.45,0.32,0.0,0.0,0.34,0.5,0.5,1.0,0.68
gasstation,places,0.0,0.0,0.0,0.0,0.0,0.11,0.08,0.03,0.1,0.0,0.22,0.42,0.07,0.16,0.11,0.36,0.0,0.5,0.25,0.18,0.0,0.0,0.77,0.5,0.5,0.0,0.54
home,places,0.0,0.58,0.03,0.0,0.0,0.33,0.2,0.47,0.39,0.33,0.32,0.62,0.45,0.65,0.64,0.78,0.36,0.6,0.79,0.61,0.67,0.0,0.92,1.0,0.5,1.0,0.84
house,places,0.0,0.12,0.14,0.12,0.0,0.28,0.16,0.32,0.34,0.11,0.21,0.56,0.33,0.62,0.52,0.72,0.26,0.28,0.65,0.72,0.67,0.0,0.94,1.0,0.5,1.0,0.88
movie,places,0.0,0.17,0.06,0.0,0.0,0.23,0.08,0.13,0.37,0.04,0.67,0.44,0.21,0.41,0.47,0.55,0.33,0.7,0.75,0.83,0.33,0.0,0.62,0.5,1.0,0.0,0.9
outside,places,0.0,0.11,0.04,0.0,0.04,0.14,0.16,0.33,0.4,0.21,0.21,0.53,0.52,0.58,0.56,0.47,0.24,0.57,0.7,0.39,0.67,0.0,0.87,0.5,0.5,1.0,0.74
park,places,0.0,0.04,0.14,0.12,0.0,0.37,0.24,0.38,0.45,0.33,0.28,0.56,0.57,0.7,0.74,0.58,0.26,0.75,0.73,0.49,1.0,0.0,0.98,1.0,1.0,1.0,0.95
party,places,0.0,0.04,0.28,0.0,0.05,0.16,0.21,0.32,0.3,0.1,0.68,0.52,0.34,0.44,0.52,0.72,0.3,0.5,0.85,0.88,0.33,0.0,0.96,1.0,0.5,1.0,0.93
picnic,places,0.0,0.0,0.0,0.0,0.0,0.1,0.08,0.03,0.12,0.0,0.11,0.41,0.16,0.39,0.45,0.39,0.0,0.1,0.5,0.41,0.67,0.0,0.48,0.5,1.0,0.0,0.63
playground,places,0.0,0.0,0.06,0.0,0.0,0.12,0.12,0.09,0.18,0.0,0.11,0.42,0.12,0.19,0.23,0.24,0.0,0.6,0.25,0.85,0.33,0.0,0.4,0.5,1.0,0.0,0.81
school,places,0.0,0.08,0.06,0.0,0.05,0.24,0.14,0.23,0.42,0.08,0.28,0.52,0.52,0.64,0.46,0.6,0.26,0.55,0.59,0.69,0.33,0.0,0.82,1.0,1.0,1.0,0.96
store,places,0.0,0.0,0.06,0.25,0.0,0.25,0.24,0.25,0.31,0.28,0.44,0.44,0.4,0.63,0.61,0.7,0.0,0.8,0.5,0.45,0.67,0.0,0.87,1.0,0.5,1.0,0.74
woods,places,,,,,0.0,0.04,0.06,0.03,0.08,0.0,,0.5,0.0,0.09,0.03,0.19,,0.0,0.0,0.16,0.33,0.0,0.16,0.5,0.0,0.0,0.32
work1,places,0.0,0.08,0.03,0.0,0.0,0.17,0.16,0.16,0.26,0.22,0.22,0.29,0.28,0.43,0.42,0.48,0.22,0.68,0.24,0.29,0.33,0.0,0.52,1.0,0.5,1.0,0.7
yard,places,0.0,0.0,0.0,0.25,0.0,0.07,0.08,0.05,0.14,0.0,0.22,0.41,0.02,0.16,0.21,0.25,0.0,0.1,0.0,0.16,0.33,0.0,0.24,0.5,0.0,0.0,0.47
zoo,places,0.0,0.04,0.06,0.0,0.05,0.1,0.11,0.2,0.18,0.2,0.11,0.34,0.26,0.48,0.43,0.45,0.26,0.4,0.73,0.56,0.67,0.0,0.92,1.0,0.5,1.0,0.83
he,pronouns,0.0,0.25,0.12,0.0,0.0,0.06,0.03,0.06,0.13,0.06,0.22,0.36,0.14,0.26,0.28,0.48,0.33,1.0,0.0,0.0,,,,,,,
her,pronouns,0.0,0.0,0.0,0.0,0.0,0.0,0.02,0.11,0.04,0.0,0.0,0.07,0.09,0.19,0.12,0.27,0.0,0.5,0.04,0.2,,,,,,,
hers,pronouns,0.0,0.0,0.06,0.0,0.0,0.0,0.06,0.03,0.04,0.06,0.0,0.11,0.0,0.1,0.06,0.32,0.0,0.0,0.0,0.0,,,,,,,
him,pronouns,0.0,0.0,0.0,0.0,0.0,0.0,0.03,0.02,0.06,0.0,0.11,0.11,0.04,0.16,0.18,0.36,0.0,1.0,0.0,0.0,,,,,,,
his,pronouns,0.0,0.0,0.03,0.0,0.0,0.0,0.16,0.08,0.07,0.04,0.16,0.07,0.02,0.12,0.1,0.19,0.0,0.0,0.04,0.2,,,,,,,
it,pronouns,0.0,0.08,0.12,0.0,0.0,0.0,0.06,0.12,0.2,0.06,0.11,0.16,0.04,0.26,0.18,0.48,0.0,1.0,0.0,0.0,,,,,,,
me,pronouns,0.0,0.21,0.18,0.0,0.16,0.08,0.18,0.31,0.34,0.41,0.26,0.32,0.44,0.4,0.51,0.47,0.26,0.62,0.28,0.8,,,,,,,
mine,pronouns,0.0,0.21,0.18,0.62,0.37,0.38,0.52,0.5,0.59,0.38,0.64,0.47,0.71,0.63,0.9,0.85,0.54,0.75,0.28,1.0,,,,,,,
my,pronouns,0.0,0.08,0.42,0.0,0.11,0.04,0.06,0.33,0.27,0.21,0.32,0.28,0.42,0.4,0.51,0.46,0.26,0.62,0.82,0.3,,,,,,,
myself,pronouns,0.0,0.0,0.0,0.0,0.0,0.0,0.02,0.1,0.01,0.0,0.0,0.08,0.08,0.17,0.14,0.15,0.0,0.12,0.09,0.0,,,,,,,
our,pronouns,0.0,0.0,0.0,0.0,0.0,0.0,0.02,0.08,0.01,0.0,0.0,0.08,0.08,0.11,0.12,0.27,0.0,0.0,0.14,0.1,,,,,,,
she,pronouns,0.0,0.0,0.0,0.0,0.0,0.08,0.12,0.01,0.07,0.04,0.06,0.24,0.2,0.16,0.16,0.32,0.16,0.5,0.09,0.0,,,,,,,
that,pronouns,0.0,0.08,0.09,0.0,0.17,0.04,0.16,0.17,0.28,0.07,0.11,0.15,0.18,0.35,0.33,0.54,0.16,0.5,0.64,0.2,,,,,,,
their,pronouns,0.0,0.0,0.0,0.0,0.0,0.0,0.02,0.1,0.0,0.0,0.0,0.07,0.0,0.09,0.1,0.2,0.1,0.5,0.04,0.1,,,,,,,
them,pronouns,0.0,0.0,0.0,0.0,0.0,0.0,0.02,0.0,0.01,0.0,0.0,0.12,0.08,0.14,0.08,0.26,0.1,0.12,0.09,0.1,,,,,,,
these,pronouns,0.0,0.0,0.06,0.0,0.0,0.0,0.14,0.04,0.13,0.0,0.11,0.16,0.0,0.14,0.12,0.27,0.0,0.0,0.0,0.0,,,,,,,
they,pronouns,0.0,0.0,0.0,0.0,0.0,0.0,0.06,0.02,0.03,0.0,0.0,0.04,0.08,0.11,0.1,0.15,0.0,0.12,0.09,0.1,,,,,,,
this,pronouns,0.0,0.08,0.06,0.0,0.37,0.17,0.25,0.26,0.2,0.11,0.21,0.37,0.28,0.31,0.34,0.61,0.26,0.12,0.18,0.1,,,,,,,
those,pronouns,0.0,0.0,0.06,0.0,0.0,0.0,0.03,0.02,0.06,0.0,0.0,0.06,0.1,0.12,0.06,0.23,0.0,0.0,0.0,0.0,,,,,,,
us,pronouns,0.0,0.0,0.0,0.0,0.0,0.0,0.03,0.0,0.0,0.0,0.0,0.06,0.04,0.1,0.06,0.28,0.0,0.0,0.0,0.0,,,,,,,
we,pronouns,0.0,0.0,0.06,0.0,0.0,0.0,0.06,0.02,0.02,0.0,0.11,0.06,0.04,0.22,0.28,0.4,0.0,0.0,0.0,0.0,,,,,,,
you,pronouns,0.0,0.12,0.06,0.0,0.0,0.08,0.16,0.25,0.23,0.07,0.54,0.41,0.29,0.4,0.5,0.66,0.34,0.75,0.68,0.3,,,,,,,
your,pronouns,0.0,0.0,0.0,0.0,0.0,0.0,0.15,0.0,0.1,0.06,0.33,0.16,0.04,0.26,0.36,0.36,0.0,0.0,1.0,0.0,,,,,,,
yourself,pronouns,0.0,0.0,0.0,0.0,0.0,0.0,0.04,0.12,0.0,0.0,0.06,0.1,0.12,0.06,0.04,0.18,0.0,0.12,0.18,0.0,,,,,,,
a,quantifiers,0.0,0.12,0.09,0.0,0.0,0.12,0.08,0.17,0.23,0.0,0.31,0.23,0.22,0.44,0.27,0.42,0.2,0.0,0.28,0.3,,,,,,,
all,quantifiers,0.0,0.08,0.06,0.0,0.0,0.12,0.12,0.1,0.18,0.0,0.22,0.16,0.2,0.32,0.37,0.46,0.0,0.0,0.0,0.0,,,,,,,
alot,quantifiers,0.0,0.04,0.03,0.0,0.0,0.0,0.08,0.12,0.09,0.0,0.06,0.07,0.22,0.29,0.2,0.52,0.0,0.0,0.14,0.2,,,,,,,
an,quantifiers,0.0,0.0,0.0,0.0,0.0,0.0,0.03,0.02,0.02,0.0,0.0,0.06,0.0,0.1,0.03,0.14,0.0,0.0,0.0,0.0,,,,,,,
another,quantifiers,0.0,0.0,0.03,0.0,0.0,0.0,0.1,0.15,0.03,0.03,0.16,0.17,0.22,0.24,0.25,0.31,0.0,0.5,0.68,0.2,,,,,,,
any,quantifiers,0.0,0.08,0.06,0.0,0.0,0.0,0.0,0.06,0.1,0.0,0.33,0.11,0.0,0.08,0.18,0.3,0.0,0.0,1.0,0.0,,,,,,,
each,quantifiers,0.0,0.0,0.0,0.0,0.0,0.0,0.03,0.02,0.02,0.0,0.11,0.11,0.0,0.08,0.09,0.14,0.0,0.0,0.0,0.0,,,,,,,
every,quantifiers,0.0,0.0,0.0,0.0,0.0,0.0,0.02,0.1,0.01,0.0,0.06,0.07,0.0,0.14,0.08,0.12,0.1,0.0,0.14,0.1,,,,,,,
more,quantifiers,0.25,0.12,0.09,0.0,0.21,0.38,0.28,0.6,0.45,0.18,0.48,0.52,0.53,0.49,0.63,0.64,0.36,0.75,0.78,0.2,,,,,,,
much,quantifiers,0.5,0.08,0.0,0.0,0.0,0.0,0.14,0.06,0.08,0.0,0.11,0.16,0.0,0.1,0.26,0.34,0.0,0.0,1.0,0.0,,,,,,,
none,quantifiers,0.0,0.0,0.0,0.0,0.0,0.06,0.06,0.06,0.08,0.0,0.11,0.11,0.0,0.2,0.12,0.34,0.0,0.0,0.0,0.0,,,,,,,
not,quantifiers,0.25,0.08,0.06,0.0,0.0,0.0,0.04,0.08,0.11,0.07,0.11,0.07,0.11,0.24,0.29,0.48,0.0,0.12,0.64,0.2,,,,,,,
other,quantifiers,0.0,0.0,0.06,0.0,0.0,0.0,0.03,0.08,0.04,0.0,0.22,0.06,0.04,0.22,0.22,0.22,0.0,0.0,1.0,0.0,,,,,,,
same,quantifiers,0.0,0.0,0.0,0.0,0.0,0.0,0.08,0.05,0.03,0.0,0.06,0.17,0.15,0.27,0.19,0.44,0.16,0.0,0.68,0.1,,,,,,,
some,quantifiers,0.0,0.04,0.06,0.0,0.0,0.08,0.06,0.15,0.13,0.04,0.16,0.32,0.11,0.3,0.23,0.39,0.1,0.12,0.59,0.1,,,,,,,
the,quantifiers,0.0,0.08,0.0,0.0,0.0,0.0,0.04,0.13,0.06,0.07,0.26,0.21,0.26,0.3,0.26,0.31,0.26,0.0,0.64,0.1,,,,,,,
too,quantifiers,0.0,0.0,0.03,0.0,0.0,0.08,0.04,0.11,0.16,0.07,0.16,0.12,0.15,0.29,0.34,0.38,0.26,0.0,0.64,0.1,,,,,,,
how,question_words,0.0,0.0,0.0,0.12,0.0,0.0,0.02,0.05,0.01,0.0,0.11,0.13,0.17,0.15,0.12,0.46,0.0,0.0,0.68,0.2,,,,,,,
what,question_words,0.0,0.04,0.0,0.0,0.0,0.17,0.14,0.12,0.24,0.15,0.48,0.25,0.29,0.41,0.45,0.64,0.26,0.75,0.68,0.2,,,,,,,
when,question_words,0.0,0.0,0.0,0.0,0.0,0.0,0.02,0.02,0.0,0.0,0.07,0.03,0.06,0.09,0.11,0.34,0.2,0.17,0.48,0.07,,,,,,,
where,question_words,0.0,0.08,0.0,0.0,0.0,0.12,0.14,0.13,0.21,0.11,0.42,0.5,0.35,0.34,0.37,0.43,0.26,0.12,0.72,0.4,,,,,,,
which,question_words,0.0,0.0,0.0,0.0,0.0,0.0,0.02,0.0,0.0,0.04,0.0,0.07,0.0,0.12,0.02,0.19,0.0,0.0,0.09,0.0,,,,,,,
who,question_words,0.0,0.0,0.0,0.12,0.0,0.08,0.02,0.05,0.07,0.0,0.11,0.37,0.15,0.24,0.2,0.51,0.2,0.25,0.64,0.2,,,,,,,
why,question_words,0.0,0.04,0.0,0.12,0.0,0.17,0.06,0.06,0.08,0.07,0.16,0.22,0.37,0.27,0.27,0.48,0.2,0.75,0.68,0.2,,,,,,,
baabaa,sounds,0.75,0.71,0.76,1.0,0.81,0.57,0.57,0.76,0.76,0.48,0.78,0.8,0.69,0.79,0.72,0.65,1.0,0.47,1.0,0.57,1.0,1.0,0.34,0.5,1.0,1.0,0.69
choochoo,sounds,0.25,0.21,0.68,0.12,0.7,0.37,0.78,0.71,0.83,0.54,0.78,0.92,0.84,0.71,0.82,0.72,1.0,0.73,0.97,0.86,0.67,1.0,0.57,1.0,1.0,0.0,0.82
cockadoodledoo,sounds,0.25,0.08,0.56,0.5,0.08,0.23,0.24,0.3,0.34,0.19,0.41,0.5,0.4,0.34,0.33,0.47,0.5,0.22,0.25,0.35,0.33,1.0,0.42,1.0,0.0,1.0,0.52
grrr,sounds,0.5,0.29,0.37,0.38,0.47,0.43,0.58,0.5,0.73,0.37,0.56,0.77,0.18,0.41,0.92,0.48,0.84,0.39,0.96,0.86,0.67,1.0,0.55,1.0,0.5,1.0,0.76
meow,sounds,0.5,0.29,0.68,0.75,0.7,0.62,0.78,0.72,0.89,0.7,0.89,0.94,0.83,0.96,0.91,0.91,1.0,1.0,0.97,0.67,1.0,1.0,0.94,1.0,1.0,1.0,0.87
moo,sounds,0.5,0.88,0.86,0.75,0.9,0.68,0.71,0.82,0.8,0.7,0.84,0.79,0.74,0.93,0.86,0.86,0.84,1.0,0.97,0.96,1.0,1.0,0.93,1.0,1.0,1.0,0.86
ouch,sounds,0.5,0.25,0.62,0.75,0.52,0.6,0.54,0.67,0.79,0.54,0.72,0.76,0.78,0.71,0.89,0.76,0.84,0.87,0.94,0.84,0.67,1.0,0.56,0.5,1.0,1.0,0.78
quackquack,sounds,0.5,0.79,0.64,0.75,0.64,0.62,0.73,0.6,0.74,0.58,0.89,0.89,0.75,0.89,0.86,0.72,0.84,0.9,0.98,0.45,1.0,1.0,0.61,1.0,1.0,1.0,0.89
uhoh,sounds,0.5,0.34,0.6,0.88,0.95,0.7,0.83,0.77,0.84,0.54,0.84,0.82,0.76,0.84,0.94,0.7,1.0,0.85,1.0,0.78,1.0,1.0,0.52,1.0,1.0,1.0,0.72
vroom,sounds,0.5,0.29,0.76,0.88,0.53,0.39,0.74,0.57,0.66,0.31,0.62,0.69,0.58,0.58,0.62,0.67,0.84,0.67,0.97,0.55,0.33,1.0,0.47,0.5,0.0,1.0,0.61
woofwoof,sounds,0.0,0.67,0.53,0.75,0.72,0.64,0.7,0.73,0.84,0.52,0.56,0.85,0.77,0.89,0.75,0.8,0.33,0.9,1.0,0.6,0.67,1.0,0.56,0.5,0.5,1.0,0.8
yumyum,sounds,0.5,0.84,0.64,0.62,0.53,0.45,0.63,0.58,0.76,0.52,0.78,0.79,0.42,0.62,0.76,0.58,0.4,0.87,1.0,0.55,0.67,0.0,0.57,0.5,1.0,1.0,0.81
after,time_words,0.0,0.0,0.0,0.0,0.0,0.09,0.08,0.27,0.14,0.0,0.0,0.12,0.23,0.21,0.27,0.5,0.0,0.0,0.09,0.27,,,0.6,,,,0.6
before,time_words,0.0,0.0,0.0,0.0,0.0,0.01,0.1,0.03,0.05,0.0,0.0,0.11,0.1,0.11,0.18,0.3,0.0,0.0,0.0,0.26,,,0.52,,,,0.52
day,time_words,0.25,0.0,0.0,0.0,0.0,0.11,0.08,0.15,0.2,0.0,0.16,0.12,0.26,0.28,0.25,0.36,0.0,0.0,0.14,0.3,,,0.9,,,,0.9
later,time_words,0.0,0.04,0.03,0.0,0.0,0.0,0.1,0.2,0.06,0.04,0.11,0.16,0.23,0.22,0.33,0.63,0.1,0.62,0.14,0.2,,,,,,,
morning,time_words,0.0,0.04,0.06,0.0,0.0,0.17,0.11,0.22,0.23,0.04,0.48,0.37,0.24,0.34,0.24,0.47,0.16,0.0,0.18,0.76,,,0.88,,,,0.88
night,time_words,0.0,0.12,0.12,0.0,0.11,0.13,0.12,0.22,0.27,0.07,0.38,0.32,0.24,0.46,0.47,0.43,0.16,0.5,0.72,0.7,,,,,,,
now,time_words,0.0,0.04,0.0,0.0,0.0,0.17,0.14,0.26,0.23,0.04,0.06,0.19,0.28,0.39,0.31,0.59,0.26,0.5,0.18,0.28,,,0.85,,,,0.85
time,time_words,0.0,0.0,0.03,0.0,0.0,0.04,0.1,0.13,0.06,0.0,0.0,0.08,0.08,0.16,0.04,0.26,0.1,0.0,0.18,0.28,,,0.65,,,,0.65
today,time_words,0.0,0.04,0.0,0.0,0.0,0.15,0.04,0.12,0.14,0.04,0.06,0.17,0.19,0.28,0.26,0.43,0.1,0.12,0.18,0.31,,,0.74,,,,0.74
tomorrow,time_words,0.0,0.0,0.0,0.0,0.0,0.15,0.14,0.11,0.15,0.04,0.06,0.12,0.11,0.28,0.29,0.43,0.1,0.12,0.18,0.39,,,0.78,,,,0.78
tonight,time_words,0.0,0.0,0.0,0.0,0.0,0.04,0.12,0.13,0.04,0.0,0.0,0.13,0.08,0.13,0.1,0.28,0.1,0.0,0.14,0.27,,,0.62,,,,0.62
yesterday,time_words,0.0,0.0,0.0,0.0,0.0,0.02,0.02,0.06,0.03,0.02,0.0,0.09,0.0,0.09,0.16,0.17,0.0,0.25,0.14,0.2,,,0.59,,,,0.59
ball,toys,0.5,1.0,0.65,0.5,0.78,0.75,0.74,0.9,0.94,0.93,0.89,0.93,0.77,0.96,0.94,0.88,1.0,1.0,1.0,0.9,1.0,0.0,1.0,1.0,1.0,1.0,
balloon,toys,0.5,0.58,0.47,0.25,0.32,0.31,0.56,0.69,0.63,0.63,0.89,0.93,0.86,0.84,0.84,0.88,1.0,0.9,1.0,0.9,1.0,0.0,1.0,1.0,1.0,1.0,
bat,toys,0.0,0.08,0.18,0.0,0.0,0.0,0.09,0.07,0.1,0.0,0.11,0.74,0.05,0.26,0.26,0.32,0.33,0.5,0.5,0.1,0.33,0.0,0.33,0.5,0.0,0.0,
block,toys,0.0,0.06,0.0,0.0,0.19,0.13,0.15,0.26,0.24,0.05,0.14,0.35,0.29,0.27,0.19,0.22,0.27,0.41,0.42,0.4,0.67,0.0,0.51,1.0,0.5,0.0,0.02
book,toys,0.0,0.34,0.26,0.25,0.65,0.38,0.42,0.59,0.71,0.22,0.64,0.57,0.6,0.57,0.67,0.82,0.36,0.66,0.78,0.6,,,,,,,
bubbles,toys,0.25,0.12,0.12,0.62,0.49,0.33,0.46,0.57,0.72,0.59,0.79,0.92,0.85,0.84,0.83,0.75,0.84,0.87,0.94,1.0,1.0,0.0,1.0,1.0,1.0,1.0,
chalk,toys,0.0,0.0,0.0,0.0,0.0,0.06,0.08,0.04,0.08,0.0,0.0,0.41,0.0,0.17,0.25,0.25,0.0,0.5,0.25,0.1,0.33,0.0,0.33,1.0,0.5,1.0,
crayon,toys,0.0,0.17,0.06,0.0,0.0,0.25,0.2,0.32,0.26,0.28,0.44,0.69,0.72,0.71,0.74,0.52,0.0,0.7,0.5,0.3,0.67,0.0,1.0,0.5,0.5,1.0,
doll,toys,0.0,0.66,0.06,0.5,0.0,0.25,0.32,0.4,0.44,0.33,0.56,0.63,0.54,0.35,0.49,0.61,0.56,0.64,0.55,0.47,0.67,0.0,0.67,1.0,1.0,1.0,
game,toys,0.0,0.08,0.0,0.0,0.0,0.0,0.2,0.16,0.12,0.08,0.21,0.46,0.41,0.28,0.51,0.41,0.2,0.4,0.48,0.53,0.33,0.0,1.0,1.0,1.0,1.0,
glue,toys,0.0,0.0,0.06,0.0,0.0,0.0,0.0,0.05,0.06,0.0,0.22,0.48,0.11,0.14,0.43,0.34,0.0,0.5,0.5,0.2,0.33,0.0,1.0,1.0,0.5,1.0,
pen,toys,0.0,0.08,0.09,0.0,0.17,0.21,0.1,0.16,0.16,0.11,0.26,0.45,0.55,0.26,0.44,0.38,0.54,0.07,0.39,0.53,0.67,0.0,1.0,1.0,1.0,1.0,
pencil,toys,0.0,0.12,0.03,0.0,0.17,0.0,0.22,0.2,0.17,0.16,0.21,0.52,0.2,0.19,0.26,0.53,0.44,0.07,0.45,0.33,0.33,0.0,1.0,1.0,1.0,1.0,
playdough,toys,0.0,0.0,0.0,0.0,0.25,0.0,0.1,0.11,0.22,0.0,0.33,0.36,0.29,0.22,0.28,0.27,0.0,0.7,0.25,0.3,0.33,0.0,0.67,0.5,0.5,1.0,
present,toys,0.0,0.04,0.0,0.0,0.0,0.08,0.24,0.3,0.24,0.05,0.16,0.41,0.5,0.46,0.46,0.58,0.36,0.53,0.52,0.6,0.67,0.0,1.0,1.0,1.0,1.0,
puzzle,toys,0.0,0.0,0.0,0.0,0.0,0.06,0.16,0.27,0.39,0.41,0.44,0.57,0.51,0.71,0.53,0.65,0.0,0.9,1.0,0.4,1.0,0.0,1.0,1.0,1.0,1.0,
story,toys,0.0,0.04,0.03,0.12,0.0,0.08,0.12,0.24,0.2,0.18,0.26,0.59,0.62,0.55,0.55,0.66,0.36,0.64,0.7,0.53,1.0,0.0,1.0,1.0,1.0,1.0,
toy,toys,0.0,0.29,0.18,0.12,0.0,0.12,0.42,0.47,0.51,0.42,0.64,0.84,0.8,0.71,0.58,0.79,0.8,0.69,0.85,0.87,0.67,0.0,1.0,1.0,1.0,1.0,
airplane,vehicles,0.0,0.21,0.09,0.12,0.23,0.28,0.36,0.51,0.41,0.34,0.26,0.71,0.72,0.48,0.68,0.61,0.74,0.62,0.72,0.98,1.0,0.0,0.95,0.5,1.0,1.0,0.9
bicycle,vehicles,0.0,0.08,0.12,0.25,0.25,0.36,0.26,0.36,0.55,0.28,0.33,0.89,0.63,0.79,0.69,0.73,0.67,0.8,0.5,0.91,0.67,0.0,0.8,0.5,0.5,1.0,0.93
boat,vehicles,0.0,0.04,0.03,0.0,0.05,0.32,0.18,0.31,0.56,0.11,0.16,0.75,0.35,0.64,0.42,0.65,0.44,0.64,0.79,0.62,1.0,0.0,0.94,0.5,1.0,1.0,0.88
bus,vehicles,0.25,0.16,0.64,0.12,0.25,0.68,0.63,0.7,0.87,0.9,0.84,0.98,0.72,0.92,0.86,0.92,0.66,1.0,0.96,0.91,0.67,0.0,0.94,1.0,1.0,1.0,0.87
car,vehicles,0.25,0.29,0.26,0.25,0.6,0.54,0.47,0.67,0.67,0.69,0.38,0.56,0.75,0.78,0.83,0.71,0.64,0.71,0.82,0.7,1.0,0.0,1.0,1.0,1.0,1.0,1.0
firetruck,vehicles,0.0,0.08,0.0,0.25,0.32,0.34,0.34,0.17,0.43,0.16,0.22,0.78,0.26,0.45,0.37,0.55,0.67,0.6,0.5,0.84,0.67,0.0,0.72,0.5,0.5,1.0,0.78
helicopter,vehicles,0.0,0.17,0.06,0.0,0.25,0.19,0.29,0.26,0.34,0.29,0.22,0.78,0.14,0.4,0.38,0.42,0.33,0.8,0.5,0.35,0.33,0.0,0.9,0.5,1.0,1.0,0.8
motorcycle,vehicles,0.0,0.0,0.06,0.12,0.12,0.06,0.22,0.24,0.24,0.22,0.31,0.74,0.2,0.38,0.34,0.38,0.4,0.68,0.66,0.59,0.67,0.0,0.7,1.0,0.5,1.0,0.74
sled,vehicles,,,,,0.0,0.06,0.06,0.03,0.1,0.0,,0.5,0.0,0.08,0.1,0.19,,0.0,0.0,0.14,0.0,0.0,0.14,0.5,0.0,0.0,0.27
stroller,vehicles,0.0,0.0,0.0,0.0,0.25,0.17,0.22,0.43,0.31,0.44,0.22,0.61,0.42,0.61,0.34,0.49,0.0,0.8,0.5,0.4,0.33,0.0,0.63,0.5,0.5,1.0,0.59
tractor,vehicles,0.25,0.54,0.25,0.5,0.16,0.2,0.25,0.5,0.34,0.3,0.51,0.82,0.3,0.61,0.54,0.6,0.5,0.67,0.44,0.81,1.0,0.0,0.72,1.0,0.0,1.0,0.43
train,vehicles,0.5,0.33,0.18,0.5,0.25,0.57,0.5,0.51,0.78,0.15,0.44,0.69,0.7,0.85,0.82,0.69,0.33,0.9,1.0,0.93,1.0,0.0,0.99,1.0,1.0,1.0,0.98
tricycle,vehicles,0.0,0.0,0.0,0.25,0.25,0.12,0.03,0.04,0.16,0.04,0.22,0.57,0.33,0.16,0.12,0.26,0.0,0.6,0.0,0.28,0.33,0.0,0.22,0.5,0.5,0.0,0.43
truck,vehicles,0.5,0.33,0.18,0.25,0.57,0.55,0.53,0.62,0.72,0.35,0.33,0.89,0.63,0.86,0.73,0.81,0.67,1.0,1.0,0.89,1.0,0.0,0.76,0.5,0.5,1.0,0.86
