child_ID,count,unique,top,freq
R01ED400_48.0,558.0,3.0,1.0,486.0
R01ED402_48.0,558.0,3.0,1.0,490.0
R01ED403_48.0,558.0,3.0,1.0,547.0
R01ED408_48.0,558.0,3.0,1.0,373.0
R01ED409_48.0,558.0,3.0,1.0,544.0
R01ED411_48.0,558.0,3.0,0.0,438.0
R01ED414_48.0,558.0,3.0,0.0,344.0
R01ED416_48.0,558.0,2.0,0.0,415.0
R01ED419_48.0,558.0,3.0,0.0,410.0
R01ED420_48.0,558.0,3.0,1.0,523.0
R01ED421_48.0,558.0,3.0,1.0,533.0
R01ED422_48.0,558.0,3.0,1.0,434.0
R01ED423_48.0,558.0,3.0,1.0,316.0
R01ED424_48.0,558.0,3.0,1.0,395.0
R01ED429_48.0,558.0,3.0,1.0,400.0
R01ED432_48.0,558.0,3.0,1.0,414.0
R01ED435_48.0,558.0,3.0,1.0,329.0
R01ED436_48.0,558.0,3.0,1.0,522.0
R01ED439_48.0,558.0,3.0,0.0,395.0
R01ED440_48.0,558.0,3.0,1.0,359.0
R01ED441_48.0,558.0,3.0,0.0,444.0
R01ED443_48.0,558.0,3.0,1.0,406.0
R01ED448_48.0,558.0,3.0,1.0,494.0
R01ED449_48.0,558.0,3.0,1.0,520.0
R01ED450_48.0,558.0,3.0,0.0,341.0
R01ED453_48.0,558.0,3.0,1.0,489.0
R01ED454_48.0,558.0,3.0,1.0,389.0
R01ED459_48.0,558.0,3.0,1.0,521.0
R2130Mo008_48.0,558.0,2.0,0.0,478.0
R2130Mo013_48.0,558.0,3.0,1.0,456.0
R2130Mo014_48.0,558.0,3.0,1.0,501.0
R2130Mo015_48.0,558.0,2.0,1.0,520.0
R2130Mo020_48.0,558.0,3.0,1.0,503.0
R2130Mo021_48.0,558.0,3.0,0.0,371.0
R2130Mo027_48.0,558.0,3.0,1.0,449.0
R2130Mo032_48.0,558.0,3.0,1.0,484.0
R2130Mo033_48.0,558.0,3.0,1.0,475.0
R2130Mo035_48.0,558.0,2.0,1.0,502.0
R2130Mo037_48.0,558.0,3.0,0.0,449.0
R2130Mo038_48.0,558.0,3.0,1.0,524.0
R2130Mo040_48.0,558.0,3.0,1.0,526.0
R2130Mo041_48.0,558.0,3.0,1.0,436.0
R2130Mo043_48.0,558.0,3.0,1.0,546.0
R2130Mo044_48.0,558.0,3.0,1.0,529.0
R2130Mo045_48.0,558.0,3.0,0.0,307.0
R2130Mo046_48.0,558.0,3.0,1.0,501.0
R2130Mo047_48.0,558.0,3.0,1.0,531.0
R2130Mo050_48.0,558.0,3.0,1.0,513.0
R2130Mo052_48.0,558.0,3.0,1.0,511.0
R2130Mo054_48.0,558.0,3.0,1.0,534.0
R2130Mo055_48.0,558.0,3.0,1.0,445.0
R2130Mo056_48.0,558.0,3.0,1.0,472.0
R2130Mo062_48.0,558.0,3.0,0.0,406.0
R2130Mo067_48.0,558.0,3.0,1.0,545.0
R2130Mo069_48.0,558.0,3.0,1.0,535.0
R2130Mo074_48.0,558.0,3.0,1.0,542.0
R2130Mo080_48.0,558.0,3.0,0.0,353.0
R2130Mo086_48.0,558.0,3.0,1.0,457.0
R2130Mo087_48.0,558.0,3.0,1.0,527.0
R2130Mo088_48.0,558.0,3.0,1.0,497.0
R2130Mo092_48.0,558.0,3.0,1.0,489.0
R2130Mo093_48.0,558.0,3.0,1.0,489.0
R2130Mo094_48.0,558.0,3.0,1.0,482.0
R2130Mo095_48.0,558.0,3.0,0.0,280.0
R2130Mo097_48.0,558.0,3.0,1.0,544.0
R2130Mo101_48.0,558.0,3.0,1.0,534.0
R2130Mo102_48.0,558.0,3.0,1.0,506.0
R2130Mo103_48.0,558.0,3.0,1.0,423.0
R2130Mo104_48.0,558.0,3.0,1.0,314.0
R2130Mo105_48.0,558.0,3.0,0.0,390.0
R2130Mo107_48.0,558.0,3.0,1.0,313.0
R2130Mo108_48.0,558.0,3.0,0.0,345.0
R2130Mo109_48.0,558.0,3.0,1.0,370.0
R2130Mo111_48.0,558.0,3.0,1.0,299.0
R2130Mo112_48.0,558.0,3.0,0.0,306.0
R2130Mo114_48.0,558.0,3.0,0.0,295.0
R2130Mo116_48.0,558.0,3.0,1.0,403.0
R2130Mo117_48.0,558.0,3.0,1.0,333.0
R2130Mo118_48.0,558.0,3.0,1.0,421.0
R2130Mo122_48.0,558.0,3.0,0.0,278.0
R2130Mo123_48.0,558.0,3.0,0.0,386.0
R2130Mo128_48.0,558.0,3.0,0.0,321.0
R2130Mo129_48.0,558.0,3.0,1.0,289.0
R2130Mo132_48.0,558.0,3.0,1.0,379.0
R2130Mo133_48.0,558.0,3.0,0.0,286.0
R2130Mo135_48.0,558.0,3.0,0.0,345.0
R2130Mo136_48.0,558.0,3.0,1.0,445.0
R2130Mo137_48.0,558.0,3.0,1.0,291.0
R2130Mo138_48.0,558.0,3.0,1.0,532.0
R2130Mo139_48.0,558.0,3.0,1.0,319.0
R2130Mo141_48.0,558.0,3.0,1.0,450.0
R2130Mo143_48.0,558.0,3.0,1.0,321.0
R2130Mo144_48.0,558.0,3.0,1.0,281.0
R2130Mo145_48.0,558.0,3.0,0.0,365.0
R01ED400_42.0,558.0,3.0,1.0,486.0
R01ED402_42.0,558.0,3.0,1.0,490.0
R01ED403_42.0,558.0,3.0,1.0,547.0
R01ED408_42.0,558.0,3.0,1.0,373.0
R01ED409_42.0,558.0,3.0,1.0,544.0
R01ED411_42.0,558.0,3.0,0.0,438.0
R01ED414_42.0,558.0,3.0,0.0,344.0
R01ED416_42.0,558.0,2.0,0.0,415.0
R01ED419_42.0,558.0,3.0,0.0,410.0
R01ED420_42.0,558.0,3.0,1.0,523.0
R01ED421_42.0,558.0,3.0,1.0,533.0
R01ED422_42.0,558.0,3.0,1.0,434.0
R01ED423_42.0,558.0,3.0,1.0,316.0
R01ED424_42.0,558.0,3.0,1.0,395.0
R01ED429_42.0,558.0,3.0,1.0,400.0
R01ED432_42.0,558.0,3.0,1.0,414.0
R01ED435_42.0,558.0,3.0,1.0,329.0
R01ED436_42.0,558.0,3.0,1.0,522.0
R01ED439_42.0,558.0,3.0,0.0,395.0
R01ED440_42.0,558.0,3.0,1.0,359.0
R01ED441_42.0,558.0,3.0,0.0,444.0
R01ED443_42.0,558.0,3.0,1.0,406.0
R01ED448_42.0,558.0,3.0,1.0,494.0
R01ED449_42.0,558.0,3.0,1.0,520.0
R01ED450_42.0,558.0,3.0,0.0,341.0
R01ED453_42.0,558.0,3.0,1.0,489.0
R01ED454_42.0,558.0,3.0,1.0,389.0
R01ED459_42.0,558.0,3.0,1.0,521.0
R2130Mo008_42.0,558.0,2.0,0.0,478.0
R2130Mo013_42.0,558.0,3.0,1.0,456.0
R2130Mo014_42.0,558.0,3.0,1.0,501.0
R2130Mo015_42.0,558.0,2.0,1.0,520.0
R2130Mo020_42.0,558.0,3.0,1.0,503.0
R2130Mo021_42.0,558.0,3.0,0.0,371.0
R2130Mo027_42.0,558.0,3.0,1.0,449.0
R2130Mo032_42.0,558.0,3.0,1.0,484.0
R2130Mo033_42.0,558.0,3.0,1.0,475.0
R2130Mo035_42.0,558.0,2.0,1.0,502.0
R2130Mo037_42.0,558.0,3.0,0.0,449.0
R2130Mo038_42.0,558.0,3.0,1.0,524.0
R2130Mo040_42.0,558.0,3.0,1.0,526.0
R2130Mo041_42.0,558.0,3.0,1.0,436.0
R2130Mo043_42.0,558.0,3.0,1.0,546.0
R2130Mo044_42.0,558.0,3.0,1.0,529.0
R2130Mo045_42.0,558.0,3.0,0.0,307.0
R2130Mo046_42.0,558.0,3.0,1.0,501.0
R2130Mo047_42.0,558.0,3.0,1.0,531.0
R2130Mo050_42.0,558.0,3.0,1.0,513.0
R2130Mo052_42.0,558.0,3.0,1.0,511.0
R2130Mo054_42.0,558.0,3.0,1.0,534.0
R2130Mo055_42.0,558.0,3.0,1.0,445.0
R2130Mo056_42.0,558.0,3.0,1.0,472.0
R2130Mo062_42.0,558.0,3.0,0.0,406.0
R2130Mo067_42.0,558.0,3.0,1.0,545.0
R2130Mo069_42.0,558.0,3.0,1.0,535.0
R2130Mo074_42.0,558.0,3.0,1.0,542.0
R2130Mo080_42.0,558.0,3.0,0.0,353.0
R2130Mo086_42.0,558.0,3.0,1.0,457.0
R2130Mo087_42.0,558.0,3.0,1.0,527.0
R2130Mo088_42.0,558.0,3.0,1.0,497.0
R2130Mo092_42.0,558.0,3.0,1.0,489.0
R2130Mo093_42.0,558.0,3.0,1.0,489.0
R2130Mo094_42.0,558.0,3.0,1.0,482.0
R2130Mo095_42.0,558.0,3.0,0.0,280.0
R2130Mo097_42.0,558.0,3.0,1.0,544.0
R2130Mo101_42.0,558.0,3.0,1.0,534.0
R2130Mo102_42.0,558.0,3.0,1.0,506.0
R2130Mo103_42.0,558.0,3.0,1.0,423.0
R2130Mo104_42.0,558.0,3.0,1.0,314.0
R2130Mo105_42.0,558.0,3.0,0.0,390.0
R2130Mo107_42.0,558.0,3.0,1.0,313.0
R2130Mo108_42.0,558.0,3.0,0.0,345.0
R2130Mo109_42.0,558.0,3.0,1.0,370.0
R2130Mo111_42.0,558.0,3.0,1.0,299.0
R2130Mo112_42.0,558.0,3.0,0.0,306.0
R2130Mo114_42.0,558.0,3.0,0.0,295.0
R2130Mo116_42.0,558.0,3.0,1.0,403.0
R2130Mo117_42.0,558.0,3.0,1.0,333.0
R2130Mo118_42.0,558.0,3.0,1.0,421.0
R2130Mo122_42.0,558.0,3.0,0.0,278.0
R2130Mo123_42.0,558.0,3.0,0.0,386.0
R2130Mo128_42.0,558.0,3.0,0.0,321.0
R2130Mo129_42.0,558.0,3.0,1.0,289.0
R2130Mo132_42.0,558.0,3.0,1.0,379.0
R2130Mo133_42.0,558.0,3.0,0.0,286.0
R2130Mo135_42.0,558.0,3.0,0.0,345.0
R2130Mo136_42.0,558.0,3.0,1.0,445.0
R2130Mo137_42.0,558.0,3.0,1.0,291.0
R2130Mo138_42.0,558.0,3.0,1.0,532.0
R2130Mo139_42.0,558.0,3.0,1.0,319.0
R2130Mo141_42.0,558.0,3.0,1.0,450.0
R2130Mo143_42.0,558.0,3.0,1.0,321.0
R2130Mo144_42.0,558.0,3.0,1.0,281.0
R2130Mo145_42.0,558.0,3.0,0.0,365.0
R01ED400_30.0,558.0,3.0,1.0,486.0
R01ED402_30.0,558.0,3.0,1.0,490.0
R01ED403_30.0,558.0,3.0,1.0,547.0
R01ED408_30.0,558.0,3.0,1.0,373.0
R01ED409_30.0,558.0,3.0,1.0,544.0
R01ED411_30.0,558.0,3.0,0.0,438.0
R01ED414_30.0,558.0,3.0,0.0,344.0
R01ED416_30.0,558.0,2.0,0.0,415.0
R01ED419_30.0,558.0,3.0,0.0,410.0
R01ED420_30.0,558.0,3.0,1.0,523.0
R01ED421_30.0,558.0,3.0,1.0,533.0
R01ED422_30.0,558.0,3.0,1.0,434.0
R01ED423_30.0,558.0,3.0,1.0,316.0
R01ED424_30.0,558.0,3.0,1.0,395.0
R01ED429_30.0,558.0,3.0,1.0,400.0
R01ED432_30.0,558.0,3.0,1.0,414.0
R01ED435_30.0,558.0,3.0,1.0,329.0
R01ED436_30.0,558.0,3.0,1.0,522.0
R01ED439_30.0,558.0,3.0,0.0,395.0
R01ED440_30.0,558.0,3.0,1.0,359.0
R01ED441_30.0,558.0,3.0,0.0,444.0
R01ED443_30.0,558.0,3.0,1.0,406.0
R01ED448_30.0,558.0,3.0,1.0,494.0
R01ED449_30.0,558.0,3.0,1.0,520.0
R01ED450_30.0,558.0,3.0,0.0,341.0
R01ED453_30.0,558.0,3.0,1.0,489.0
R01ED454_30.0,558.0,3.0,1.0,389.0
R01ED459_30.0,558.0,3.0,1.0,521.0
R2130Mo008_30.0,558.0,2.0,0.0,478.0
R2130Mo013_30.0,558.0,3.0,1.0,456.0
R2130Mo014_30.0,558.0,3.0,1.0,501.0
R2130Mo015_30.0,558.0,2.0,1.0,520.0
R2130Mo020_30.0,558.0,3.0,1.0,503.0
R2130Mo021_30.0,558.0,3.0,0.0,371.0
R2130Mo027_30.0,558.0,3.0,1.0,449.0
R2130Mo032_30.0,558.0,3.0,1.0,484.0
R2130Mo033_30.0,558.0,3.0,1.0,475.0
R2130Mo035_30.0,558.0,2.0,1.0,502.0
R2130Mo037_30.0,558.0,3.0,0.0,449.0
R2130Mo038_30.0,558.0,3.0,1.0,524.0
R2130Mo040_30.0,558.0,3.0,1.0,526.0
R2130Mo041_30.0,558.0,3.0,1.0,436.0
R2130Mo043_30.0,558.0,3.0,1.0,546.0
R2130Mo044_30.0,558.0,3.0,1.0,529.0
R2130Mo045_30.0,558.0,3.0,0.0,307.0
R2130Mo046_30.0,558.0,3.0,1.0,501.0
R2130Mo047_30.0,558.0,3.0,1.0,531.0
R2130Mo050_30.0,558.0,3.0,1.0,513.0
R2130Mo052_30.0,558.0,3.0,1.0,511.0
R2130Mo054_30.0,558.0,3.0,1.0,534.0
R2130Mo055_30.0,558.0,3.0,1.0,445.0
R2130Mo056_30.0,558.0,3.0,1.0,472.0
R2130Mo062_30.0,558.0,3.0,0.0,406.0
R2130Mo067_30.0,558.0,3.0,1.0,545.0
R2130Mo069_30.0,558.0,3.0,1.0,535.0
R2130Mo074_30.0,558.0,3.0,1.0,542.0
R2130Mo080_30.0,558.0,3.0,0.0,353.0
R2130Mo086_30.0,558.0,3.0,1.0,457.0
R2130Mo087_30.0,558.0,3.0,1.0,527.0
R2130Mo088_30.0,558.0,3.0,1.0,497.0
R2130Mo092_30.0,558.0,3.0,1.0,489.0
R2130Mo093_30.0,558.0,3.0,1.0,489.0
R2130Mo094_30.0,558.0,3.0,1.0,482.0
R2130Mo095_30.0,558.0,3.0,0.0,280.0
R2130Mo097_30.0,558.0,3.0,1.0,544.0
R2130Mo101_30.0,558.0,3.0,1.0,534.0
R2130Mo102_30.0,558.0,3.0,1.0,506.0
R2130Mo103_30.0,558.0,3.0,1.0,423.0
R2130Mo104_30.0,558.0,3.0,1.0,314.0
R2130Mo105_30.0,558.0,3.0,0.0,390.0
R2130Mo107_30.0,558.0,3.0,1.0,313.0
R2130Mo108_30.0,558.0,3.0,0.0,345.0
R2130Mo109_30.0,558.0,3.0,1.0,370.0
R2130Mo111_30.0,558.0,3.0,1.0,299.0
R2130Mo112_30.0,558.0,3.0,0.0,306.0
R2130Mo114_30.0,558.0,3.0,0.0,295.0
R2130Mo116_30.0,558.0,3.0,1.0,403.0
R2130Mo117_30.0,558.0,3.0,1.0,333.0
R2130Mo118_30.0,558.0,3.0,1.0,421.0
R2130Mo122_30.0,558.0,3.0,0.0,278.0
R2130Mo123_30.0,558.0,3.0,0.0,386.0
R2130Mo128_30.0,558.0,3.0,0.0,321.0
R2130Mo129_30.0,558.0,3.0,1.0,289.0
R2130Mo132_30.0,558.0,3.0,1.0,379.0
R2130Mo133_30.0,558.0,3.0,0.0,286.0
R2130Mo135_30.0,558.0,3.0,0.0,345.0
R2130Mo136_30.0,558.0,3.0,1.0,445.0
R2130Mo137_30.0,558.0,3.0,1.0,291.0
R2130Mo138_30.0,558.0,3.0,1.0,532.0
R2130Mo139_30.0,558.0,3.0,1.0,319.0
R2130Mo141_30.0,558.0,3.0,1.0,450.0
R2130Mo143_30.0,558.0,3.0,1.0,321.0
R2130Mo144_30.0,558.0,3.0,1.0,281.0
R2130Mo145_30.0,558.0,3.0,0.0,365.0
R01ED400_36.0,558.0,3.0,1.0,486.0
R01ED402_36.0,558.0,3.0,1.0,490.0
R01ED403_36.0,558.0,3.0,1.0,547.0
R01ED408_36.0,558.0,3.0,1.0,373.0
R01ED409_36.0,558.0,3.0,1.0,544.0
R01ED411_36.0,558.0,3.0,0.0,438.0
R01ED414_36.0,558.0,3.0,0.0,344.0
R01ED416_36.0,558.0,2.0,0.0,415.0
R01ED419_36.0,558.0,3.0,0.0,410.0
R01ED420_36.0,558.0,3.0,1.0,523.0
R01ED421_36.0,558.0,3.0,1.0,533.0
R01ED422_36.0,558.0,3.0,1.0,434.0
R01ED423_36.0,558.0,3.0,1.0,316.0
R01ED424_36.0,558.0,3.0,1.0,395.0
R01ED429_36.0,558.0,3.0,1.0,400.0
R01ED432_36.0,558.0,3.0,1.0,414.0
R01ED435_36.0,558.0,3.0,1.0,329.0
R01ED436_36.0,558.0,3.0,1.0,522.0
R01ED439_36.0,558.0,3.0,0.0,395.0
R01ED440_36.0,558.0,3.0,1.0,359.0
R01ED441_36.0,558.0,3.0,0.0,444.0
R01ED443_36.0,558.0,3.0,1.0,406.0
R01ED448_36.0,558.0,3.0,1.0,494.0
R01ED449_36.0,558.0,3.0,1.0,520.0
R01ED450_36.0,558.0,3.0,0.0,341.0
R01ED453_36.0,558.0,3.0,1.0,489.0
R01ED454_36.0,558.0,3.0,1.0,389.0
R01ED459_36.0,558.0,3.0,1.0,521.0
R2130Mo008_36.0,558.0,2.0,0.0,478.0
R2130Mo013_36.0,558.0,3.0,1.0,456.0
R2130Mo014_36.0,558.0,3.0,1.0,501.0
R2130Mo015_36.0,558.0,2.0,1.0,520.0
R2130Mo020_36.0,558.0,3.0,1.0,503.0
R2130Mo021_36.0,558.0,3.0,0.0,371.0
R2130Mo027_36.0,558.0,3.0,1.0,449.0
R2130Mo032_36.0,558.0,3.0,1.0,484.0
R2130Mo033_36.0,558.0,3.0,1.0,475.0
R2130Mo035_36.0,558.0,2.0,1.0,502.0
R2130Mo037_36.0,558.0,3.0,0.0,449.0
R2130Mo038_36.0,558.0,3.0,1.0,524.0
R2130Mo040_36.0,558.0,3.0,1.0,526.0
R2130Mo041_36.0,558.0,3.0,1.0,436.0
R2130Mo043_36.0,558.0,3.0,1.0,546.0
R2130Mo044_36.0,558.0,3.0,1.0,529.0
R2130Mo045_36.0,558.0,3.0,0.0,307.0
R2130Mo046_36.0,558.0,3.0,1.0,501.0
R2130Mo047_36.0,558.0,3.0,1.0,531.0
R2130Mo050_36.0,558.0,3.0,1.0,513.0
R2130Mo052_36.0,558.0,3.0,1.0,511.0
R2130Mo054_36.0,558.0,3.0,1.0,534.0
R2130Mo055_36.0,558.0,3.0,1.0,445.0
R2130Mo056_36.0,558.0,3.0,1.0,472.0
R2130Mo062_36.0,558.0,3.0,0.0,406.0
R2130Mo067_36.0,558.0,3.0,1.0,545.0
R2130Mo069_36.0,558.0,3.0,1.0,535.0
R2130Mo074_36.0,558.0,3.0,1.0,542.0
R2130Mo080_36.0,558.0,3.0,0.0,353.0
R2130Mo086_36.0,558.0,3.0,1.0,457.0
R2130Mo087_36.0,558.0,3.0,1.0,527.0
R2130Mo088_36.0,558.0,3.0,1.0,497.0
R2130Mo092_36.0,558.0,3.0,1.0,489.0
R2130Mo093_36.0,558.0,3.0,1.0,489.0
R2130Mo094_36.0,558.0,3.0,1.0,482.0
R2130Mo095_36.0,558.0,3.0,0.0,280.0
R2130Mo097_36.0,558.0,3.0,1.0,544.0
R2130Mo101_36.0,558.0,3.0,1.0,534.0
R2130Mo102_36.0,558.0,3.0,1.0,506.0
R2130Mo103_36.0,558.0,3.0,1.0,423.0
R2130Mo104_36.0,558.0,3.0,1.0,314.0
R2130Mo105_36.0,558.0,3.0,0.0,390.0
R2130Mo107_36.0,558.0,3.0,1.0,313.0
R2130Mo108_36.0,558.0,3.0,0.0,345.0
R2130Mo109_36.0,558.0,3.0,1.0,370.0
R2130Mo111_36.0,558.0,3.0,1.0,299.0
R2130Mo112_36.0,558.0,3.0,0.0,306.0
R2130Mo114_36.0,558.0,3.0,0.0,295.0
R2130Mo116_36.0,558.0,3.0,1.0,403.0
R2130Mo117_36.0,558.0,3.0,1.0,333.0
R2130Mo118_36.0,558.0,3.0,1.0,421.0
R2130Mo122_36.0,558.0,3.0,0.0,278.0
R2130Mo123_36.0,558.0,3.0,0.0,386.0
R2130Mo128_36.0,558.0,3.0,0.0,321.0
R2130Mo129_36.0,558.0,3.0,1.0,289.0
R2130Mo132_36.0,558.0,3.0,1.0,379.0
R2130Mo133_36.0,558.0,3.0,0.0,286.0
R2130Mo135_36.0,558.0,3.0,0.0,345.0
R2130Mo136_36.0,558.0,3.0,1.0,445.0
R2130Mo137_36.0,558.0,3.0,1.0,291.0
R2130Mo138_36.0,558.0,3.0,1.0,532.0
R2130Mo139_36.0,558.0,3.0,1.0,319.0
R2130Mo141_36.0,558.0,3.0,1.0,450.0
R2130Mo143_36.0,558.0,3.0,1.0,321.0
R2130Mo144_36.0,558.0,3.0,1.0,281.0
R2130Mo145_36.0,558.0,3.0,0.0,365.0
HDPM051_30.0,558.0,3.0,1.0,474.0
HDPM052_30.0,558.0,3.0,1.0,543.0
HDPM054_30.0,558.0,3.0,0.0,330.0
HDPM056_30.0,558.0,3.0,0.0,342.0
HDPM057_30.0,558.0,3.0,0.0,331.0
HDPM058_30.0,558.0,3.0,0.0,393.0
HDPM059_30.0,558.0,3.0,0.0,495.0
HDPM060????_30.0,558.0,3.0,0.0,301.0
HDPM061_30.0,558.0,3.0,1.0,488.0
HDPM062_30.0,558.0,3.0,0.0,398.0
HDPM063_30.0,558.0,3.0,1.0,298.0
HDPM064_30.0,558.0,3.0,1.0,490.0
HDPM065_30.0,558.0,3.0,1.0,426.0
HDPM066_30.0,558.0,3.0,1.0,319.0
HDPM068_30.0,558.0,3.0,0.0,307.0
HDPM069_30.0,558.0,3.0,0.0,302.0
HDPM070_30.0,558.0,3.0,1.0,328.0
HDPM071_30.0,557.0,3.0,1.0,369.0
HDPM072_30.0,558.0,3.0,1.0,501.0
HDPM076_30.0,558.0,3.0,1.0,334.0
HDPM077_30.0,558.0,3.0,0.0,474.0
HDPM078_30.0,558.0,2.0,0.0,501.0
HDPM079_30.0,558.0,3.0,0.0,371.0
HDPM080_30.0,558.0,3.0,1.0,372.0
HDPM081_30.0,558.0,3.0,0.0,493.0
HDPM082_30.0,558.0,3.0,0.0,347.0
HDPM083_30.0,558.0,3.0,0.0,300.0
HDPM084_30.0,558.0,3.0,1.0,324.0
HDPM085_30.0,558.0,3.0,1.0,465.0
HDPM086_30.0,558.0,3.0,0.0,499.0
HDPM087_30.0,558.0,3.0,1.0,305.0
HDPM088_30.0,558.0,3.0,1.0,386.0
HDPM091_30.0,558.0,3.0,1.0,307.0
HDPM092_30.0,558.0,2.0,0.0,513.0
HDPM093_30.0,557.0,3.0,0.0,353.0
HDPM094_30.0,558.0,3.0,0.0,454.0
HDPM097_30.0,558.0,3.0,0.0,431.0
HDPM098_30.0,558.0,3.0,1.0,295.0
HDPM099_30.0,558.0,3.0,1.0,496.0
HDPM100_30.0,558.0,3.0,1.0,446.0
HDPM131_30.0,558.0,3.0,1.0,492.0
HDPM132_30.0,558.0,3.0,0.0,520.0
HDPM133_30.0,558.0,3.0,0.0,347.0
HDPM134_30.0,558.0,3.0,1.0,434.0
HDPM135_30.0,558.0,3.0,1.0,313.0
HDPM136_30.0,558.0,3.0,0.0,533.0
HDPM137_30.0,558.0,2.0,0.0,524.0
HDPM138_30.0,558.0,3.0,1.0,504.0
HDPM052_22.0,558.0,3.0,1.0,543.0
HDPM054_22.0,558.0,3.0,0.0,330.0
HDPM056_22.0,558.0,3.0,0.0,342.0
HDPM057_22.0,558.0,3.0,0.0,331.0
HDPM058_22.0,558.0,3.0,0.0,393.0
HDPM059_22.0,558.0,3.0,0.0,495.0
HDPM060????_22.0,558.0,3.0,0.0,301.0
HDPM061_22.0,558.0,3.0,1.0,488.0
HDPM062_22.0,558.0,3.0,0.0,398.0
HDPM063_22.0,558.0,3.0,1.0,298.0
HDPM064_22.0,558.0,3.0,1.0,490.0
HDPM065_22.0,558.0,3.0,1.0,426.0
HDPM066_22.0,558.0,3.0,1.0,319.0
HDPM068_22.0,558.0,3.0,0.0,307.0
HDPM069_22.0,558.0,3.0,0.0,302.0
HDPM070_22.0,558.0,3.0,1.0,328.0
HDPM071_22.0,557.0,3.0,1.0,369.0
HDPM072_22.0,558.0,3.0,1.0,501.0
HDPM076_22.0,558.0,3.0,1.0,334.0
HDPM077_22.0,558.0,3.0,0.0,474.0
HDPM078_22.0,558.0,2.0,0.0,501.0
HDPM079_22.0,558.0,3.0,0.0,371.0
HDPM080_22.0,558.0,3.0,1.0,372.0
HDPM081_22.0,558.0,3.0,0.0,493.0
HDPM082_22.0,558.0,3.0,0.0,347.0
HDPM083_22.0,558.0,3.0,0.0,300.0
HDPM084_22.0,558.0,3.0,1.0,324.0
HDPM085_22.0,558.0,3.0,1.0,465.0
HDPM086_22.0,558.0,3.0,0.0,499.0
HDPM087_22.0,558.0,3.0,1.0,305.0
HDPM088_22.0,558.0,3.0,1.0,386.0
HDPM091_22.0,558.0,3.0,1.0,307.0
HDPM092_22.0,558.0,2.0,0.0,513.0
HDPM093_22.0,557.0,3.0,0.0,353.0
HDPM094_22.0,558.0,3.0,0.0,454.0
HDPM097_22.0,558.0,3.0,0.0,431.0
HDPM098_22.0,558.0,3.0,1.0,295.0
HDPM099_22.0,558.0,3.0,1.0,496.0
HDPM100_22.0,558.0,3.0,1.0,446.0
HDPM131_22.0,558.0,3.0,1.0,492.0
HDPM132_22.0,558.0,3.0,0.0,520.0
HDPM133_22.0,558.0,3.0,0.0,347.0
HDPM134_22.0,558.0,3.0,1.0,434.0
HDPM135_22.0,558.0,3.0,1.0,313.0
HDPM136_22.0,558.0,3.0,0.0,533.0
HDPM137_22.0,558.0,2.0,0.0,524.0
HDPM138_22.0,558.0,3.0,1.0,504.0
HDPM052_25.0,558.0,3.0,1.0,543.0
HDPM054_25.0,558.0,3.0,0.0,330.0
HDPM056_25.0,558.0,3.0,0.0,342.0
HDPM057_25.0,558.0,3.0,0.0,331.0
HDPM058_25.0,558.0,3.0,0.0,393.0
HDPM059_25.0,558.0,3.0,0.0,495.0
HDPM060????_25.0,558.0,3.0,0.0,301.0
HDPM061_25.0,558.0,3.0,1.0,488.0
HDPM062_25.0,558.0,3.0,0.0,398.0
HDPM063_25.0,558.0,3.0,1.0,298.0
HDPM064_25.0,558.0,3.0,1.0,490.0
HDPM065_25.0,558.0,3.0,1.0,426.0
HDPM066_25.0,558.0,3.0,1.0,319.0
HDPM068_25.0,558.0,3.0,0.0,307.0
HDPM069_25.0,558.0,3.0,0.0,302.0
HDPM070_25.0,558.0,3.0,1.0,328.0
HDPM071_25.0,557.0,3.0,1.0,369.0
HDPM072_25.0,558.0,3.0,1.0,501.0
HDPM076_25.0,558.0,3.0,1.0,334.0
HDPM077_25.0,558.0,3.0,0.0,474.0
HDPM078_25.0,558.0,2.0,0.0,501.0
HDPM079_25.0,558.0,3.0,0.0,371.0
HDPM080_25.0,558.0,3.0,1.0,372.0
HDPM081_25.0,558.0,3.0,0.0,493.0
HDPM082_25.0,558.0,3.0,0.0,347.0
HDPM083_25.0,558.0,3.0,0.0,300.0
HDPM084_25.0,558.0,3.0,1.0,324.0
HDPM085_25.0,558.0,3.0,1.0,465.0
HDPM086_25.0,558.0,3.0,0.0,499.0
HDPM087_25.0,558.0,3.0,1.0,305.0
HDPM088_25.0,558.0,3.0,1.0,386.0
HDPM090_25.0,558.0,3.0,1.0,310.0
HDPM091_25.0,558.0,3.0,1.0,307.0
HDPM092_25.0,558.0,2.0,0.0,513.0
HDPM093_25.0,557.0,3.0,0.0,353.0
HDPM094_25.0,558.0,3.0,0.0,454.0
HDPM096_25.0,558.0,3.0,1.0,546.0
HDPM097_25.0,558.0,3.0,0.0,431.0
HDPM098_25.0,558.0,3.0,1.0,295.0
HDPM099_25.0,558.0,3.0,1.0,496.0
HDPM100_25.0,558.0,3.0,1.0,446.0
HDPM110_25.0,558.0,3.0,0.0,422.0
HDPM131_25.0,558.0,3.0,1.0,492.0
HDPM132_25.0,558.0,3.0,0.0,520.0
HDPM133_25.0,558.0,3.0,0.0,347.0
HDPM134_25.0,558.0,3.0,1.0,434.0
HDPM135_25.0,558.0,3.0,1.0,313.0
HDPM136_25.0,558.0,3.0,0.0,533.0
HDPM137_25.0,558.0,2.0,0.0,524.0
HDPM138_25.0,558.0,3.0,1.0,504.0
HDPM140_25.0,558.0,3.0,1.0,413.0
AA04M058_19.0,697.0,2.0,0.0,687.0
AA04M058_26.0,697.0,2.0,0.0,661.0
AA30F039_30.0,697.0,3.0,0.0,493.0
AB03F057_24.0,697.0,3.0,1.0,543.0
AC17F058_18.0,697.0,2.0,0.0,682.0
AF01F058_22.0,697.0,2.0,0.0,639.0
AG06M058_28.0,697.0,2.0,0.0,683.0
AG21M059_29.0,697.0,3.0,0.0,456.0
AJ14M058_24.0,697.0,3.0,0.0,634.0
AJ14M058_31.0,697.0,3.0,0.0,492.0
AL06F098_24.0,697.0,3.0,0.0,448.0
AL13F039_22.0,697.0,2.0,0.0,637.0
AL16F039_27.0,697.0,3.0,0.0,455.0
AL28F118_32.0,697.0,3.0,0.0,648.0
AM18F020_18.0,697.0,3.0,0.0,610.0
AM18M078_18.0,697.0,3.0,0.0,657.0
AM18M078_24.0,697.0,3.0,0.0,637.0
AM18M078_29.0,697.0,3.0,0.0,602.0
AM22M088_24.0,697.0,3.0,0.0,662.0
AO31F030_30.0,697.0,3.0,0.0,540.0
AP15F088_24.0,697.0,3.0,0.0,590.0
AP15F088_32.0,697.0,3.0,0.0,367.0
AP28F030_28.0,697.0,3.0,0.0,551.0
AR15F039_19.0,697.0,3.0,0.0,371.0
AR15F039_23.0,697.0,3.0,1.0,410.0
AS24M088_30.0,697.0,3.0,0.0,346.0
AS28F039_29.0,697.0,2.0,0.0,689.0
AW04M057_25.0,697.0,3.0,1.0,427.0
AW04M057_31.0,697.0,3.0,1.0,624.0
BC21M088_24.0,697.0,3.0,0.0,410.0
BC21M088_31.0,697.0,3.0,0.0,473.0
BN14M098_24.0,697.0,2.0,0.0,617.0
BN14M098_30.0,697.0,2.0,0.0,648.0
CA26M039_26.0,697.0,3.0,0.0,662.0
CC05M088_19.0,697.0,2.0,0.0,686.0
CC05M088_24.0,697.0,2.0,0.0,687.0
CD26M020_26.0,697.0,3.0,0.0,542.0
CE24M068_29.0,697.0,3.0,0.0,569.0
CF27F089_27.0,697.0,3.0,0.0,580.0
CF27F089_30.0,697.0,3.0,0.0,447.0
CG10M058_19.0,697.0,3.0,0.0,563.0
CG10M058_25.0,697.0,3.0,0.0,446.0
CK19F088_24.0,697.0,3.0,0.0,658.0
CK19F088_31.0,697.0,3.0,0.0,496.0
CP31F088_31.0,697.0,3.0,0.0,448.0
CR29M098_30.0,697.0,3.0,0.0,553.0
CS04F047_25.0,697.0,3.0,0.0,588.0
CS04F047_30.0,697.0,3.0,0.0,501.0
CS07F078_26.0,697.0,3.0,0.0,410.0
CS21M078_21.0,697.0,3.0,0.0,653.0
CS21M078_27.0,697.0,3.0,1.0,359.0
CS23F039_23.0,697.0,3.0,0.0,695.0
CS23F039_29.0,697.0,3.0,0.0,620.0
CT21M048_24.0,697.0,3.0,0.0,391.0
CT21M048_30.0,697.0,3.0,1.0,480.0
CV32M038_32.0,697.0,3.0,0.0,430.0
CW02F097_23.0,697.0,3.0,0.0,380.0
CW02F097_28.0,697.0,3.0,1.0,598.0
CW02F097_31.0,697.0,3.0,1.0,577.0
DB31M030_31.0,697.0,3.0,1.0,350.0
DG12M048_24.0,697.0,3.0,0.0,647.0
DG29F098_29.0,697.0,2.0,0.0,578.0
DR13M038_25.0,697.0,3.0,1.0,358.0
DS29M039_30.0,697.0,3.0,0.0,403.0
DV27M058_30.0,697.0,3.0,0.0,375.0
DY10M048_18.0,697.0,3.0,0.0,656.0
DY10M048_25.0,697.0,3.0,0.0,474.0
DY10M048_26.0,697.0,3.0,0.0,465.0
DY10M048_32.0,697.0,3.0,1.0,488.0
EA22F108_24.0,697.0,3.0,0.0,645.0
EB19M039_20.0,697.0,3.0,0.0,657.0
EB19M039_30.0,697.0,3.0,0.0,551.0
EC29F030_29.0,697.0,2.0,0.0,642.0
EC30M058_33.0,697.0,3.0,0.0,582.0
ED06M117_18.0,697.0,3.0,0.0,616.0
ED06M117_30.0,697.0,3.0,1.0,408.0
EG03F107_26.0,697.0,3.0,0.0,379.0
EG12M048_19.0,697.0,3.0,0.0,653.0
EG12M048_24.0,697.0,3.0,0.0,658.0
EG31M049_31.0,697.0,3.0,0.0,495.0
EJ19F108_19.0,697.0,3.0,0.0,627.0
EJ19F108_31.0,697.0,3.0,0.0,522.0
EM25F039_29.0,697.0,3.0,0.0,592.0
EO04F018_24.0,697.0,3.0,0.0,582.0
EP14F109_19.0,697.0,2.0,0.0,652.0
ER17M078_24.0,697.0,3.0,0.0,644.0
ER31F058_32.0,697.0,2.0,0.0,663.0
ES11M099_18.0,697.0,3.0,0.0,672.0
ET09F058_24.0,697.0,3.0,0.0,594.0
ET32F098_32.0,697.0,3.0,0.0,497.0
EU10F048_19.0,697.0,3.0,0.0,526.0
EU10F048_27.0,697.0,3.0,0.0,664.0
EV23F088_30.0,697.0,3.0,0.0,558.0
FA20M039_20.0,697.0,2.0,0.0,687.0
FA20M039_24.0,697.0,2.0,0.0,692.0
FM08F039_18.0,697.0,3.0,0.0,604.0
GB21M058_32.0,697.0,2.0,0.0,653.0
GG17M078_25.0,697.0,3.0,0.0,607.0
GH11M098_19.0,697.0,3.0,0.0,650.0
GH11M098_25.0,697.0,3.0,0.0,508.0
GM18F049_24.0,697.0,3.0,0.0,668.0
GM24F098_31.0,697.0,3.0,1.0,532.0
GR14M119_18.0,697.0,3.0,0.0,364.0
GS24F058_25.0,697.0,2.0,0.0,675.0
GS24F058_30.0,697.0,2.0,0.0,681.0
HE03F038_21.0,697.0,2.0,0.0,672.0
HS13M087_24.0,697.0,3.0,0.0,638.0
IA25F058_29.0,697.0,3.0,0.0,511.0
IC14F039_27.0,697.0,3.0,0.0,640.0
IC28M039_28.0,697.0,3.0,0.0,565.0
IR22M018_27.0,697.0,3.0,0.0,569.0
IR30M058_31.0,697.0,3.0,0.0,459.0
JC18M088_19.0,697.0,3.0,0.0,688.0
JE09M048_19.0,697.0,3.0,0.0,611.0
JE18M088_26.0,697.0,3.0,0.0,620.0
JE25F058_25.0,697.0,3.0,0.0,660.0
JH11M058_22.0,697.0,3.0,0.0,522.0
JH11M058_32.0,697.0,3.0,1.0,467.0
JM04F048_27.0,697.0,3.0,0.0,584.0
JM08M048_18.0,697.0,2.0,0.0,625.0
JM08M048_23.0,697.0,3.0,0.0,530.0
JM14F039_18.0,697.0,3.0,0.0,536.0
JM14F039_24.0,697.0,3.0,0.0,599.0
JM14M58B_24.0,697.0,2.0,0.0,681.0
JM17M039_17.0,697.0,3.0,0.0,644.0
JM17M039_24.0,697.0,3.0,0.0,593.0
JM17M039_28.0,697.0,3.0,0.0,363.0
JM30F048_30.0,697.0,3.0,0.0,552.0
JO21M068_24.0,697.0,3.0,0.0,568.0
JO21M068_29.0,697.0,3.0,1.0,391.0
JO25M059_25.0,697.0,2.0,0.0,679.0
JR15M119_18.0,697.0,3.0,0.0,654.0
JR23M049_23.0,697.0,3.0,0.0,591.0
JS20M058_24.0,697.0,2.0,0.0,617.0
JS25M019_29.0,697.0,3.0,0.0,582.0
JS32F059_33.0,697.0,2.0,0.0,670.0
JV04M057_25.0,697.0,3.0,0.0,609.0
JV04M057_31.0,697.0,3.0,0.0,405.0
JV04M057_36.0,697.0,3.0,0.0,562.0
KB09F049_22.0,697.0,2.0,0.0,684.0
KG23F019_28.0,697.0,2.0,0.0,685.0
KG23F019_31.0,697.0,3.0,0.0,638.0
KH06F098_22.0,697.0,3.0,0.0,436.0
KH24F010_25.0,697.0,2.0,0.0,695.0
KV23F108_24.0,697.0,3.0,0.0,539.0
KV23F108_30.0,697.0,3.0,0.0,417.0
KW16F048_19.0,697.0,3.0,0.0,680.0
KW16F048_28.0,697.0,3.0,1.0,662.0
LG21M058_25.0,697.0,3.0,0.0,369.0
LH19M049_21.0,697.0,2.0,0.0,673.0
LK24F068_25.0,697.0,3.0,1.0,377.0
LP21M088_25.0,697.0,3.0,0.0,610.0
MA05M018_24.0,697.0,3.0,0.0,557.0
MA05M018_31.0,697.0,3.0,0.0,628.0
MB30M078_30.0,697.0,3.0,1.0,619.0
MC07M058_19.0,697.0,3.0,0.0,670.0
MC07M058_25.0,697.0,3.0,0.0,625.0
MD06M048_23.0,697.0,3.0,0.0,669.0
MD27F020_27.0,697.0,2.0,0.0,649.0
MF04F117_19.0,697.0,3.0,0.0,597.0
MF04F117_25.0,697.0,3.0,1.0,365.0
MG00M068_19.0,697.0,2.0,0.0,667.0
MG04F057_19.0,697.0,2.0,0.0,690.0
MG21M039_22.0,697.0,2.0,0.0,684.0
MK03M057_24.0,697.0,3.0,0.0,564.0
MK03M057_30.0,697.0,3.0,1.0,347.0
MK03M057_34.0,697.0,3.0,1.0,405.0
ML27F028_30.0,697.0,3.0,0.0,659.0
MM16M088_25.0,697.0,3.0,0.0,664.0
MS11F038_24.0,697.0,3.0,0.0,491.0
MS31F058_32.0,697.0,3.0,0.0,503.0
MV11M058_25.0,697.0,3.0,0.0,592.0
MV11M058_32.0,697.0,3.0,0.0,522.0
MW02M048_23.0,697.0,2.0,0.0,665.0
NA00M058_20.0,697.0,2.0,0.0,687.0
NR19F069_35.0,697.0,3.0,0.0,367.0
NW07M108_21.0,697.0,3.0,0.0,679.0
OF32F058_32.0,697.0,3.0,0.0,634.0
OO18F088_24.0,697.0,3.0,0.0,664.0
OO18F088_29.0,697.0,3.0,0.0,674.0
PA26M109_26.0,697.0,2.0,0.0,673.0
PI20F058_24.0,697.0,2.0,0.0,627.0
PI20F058_30.0,697.0,3.0,0.0,480.0
PR20F078_25.0,697.0,3.0,0.0,572.0
PR20F078_33.0,697.0,3.0,0.0,390.0
RA25M039_25.0,697.0,3.0,1.0,485.0
RA25M039_30.0,697.0,3.0,1.0,476.0
RA25M039_32.0,697.0,3.0,1.0,343.0
RA26F039_26.0,697.0,3.0,0.0,668.0
RH19M048_19.0,697.0,2.0,0.0,685.0
RH19M048_29.0,697.0,3.0,0.0,578.0
RI30M058_30.0,697.0,3.0,0.0,496.0
RL17M058_24.0,697.0,3.0,0.0,555.0
SB12M048_18.0,697.0,3.0,0.0,645.0
SL03F038_21.0,697.0,3.0,0.0,666.0
SL14F038_25.0,697.0,3.0,1.0,463.0
SM17F039_25.0,697.0,3.0,0.0,535.0
SM17F039_30.0,697.0,3.0,1.0,378.0
SM25F069_28.0,697.0,3.0,0.0,613.0
SP24F039_24.0,697.0,2.0,0.0,691.0
SS07F088_22.0,697.0,2.0,0.0,692.0
SS11F058_21.0,697.0,2.0,0.0,686.0
SS11F058_31.0,697.0,3.0,0.0,571.0
SW31F048_32.0,697.0,3.0,1.0,656.0
TM30M058_31.0,697.0,3.0,0.0,582.0
TR12M048_23.0,697.0,1.0,0.0,697.0
TS20M118_22.0,697.0,3.0,0.0,600.0
TS20M118_28.0,697.0,3.0,0.0,437.0
VA24M030_24.0,697.0,3.0,0.0,574.0
VE15F088_17.0,697.0,3.0,0.0,677.0
VE15F088_24.0,697.0,3.0,0.0,628.0
VE15F088_29.0,697.0,2.0,0.0,605.0
VG11F088_25.0,697.0,2.0,0.0,652.0
VG11F088_31.0,697.0,3.0,0.0,530.0
VG27F049_27.0,697.0,3.0,1.0,442.0
VL18F058_24.0,697.0,3.0,0.0,612.0
VO19M039_20.0,697.0,3.0,0.0,556.0
VP23F039_23.0,697.0,3.0,0.0,559.0
VP23F039_30.0,697.0,3.0,1.0,356.0
YT29F049_30.0,697.0,3.0,0.0,523.0
ZZ21M049_21.0,697.0,3.0,0.0,656.0
ZZ21M049_32.0,697.0,3.0,0.0,502.0
101_35.0,423.0,3.0,0.0,277.0
102_19.0,423.0,2.0,0.0,399.0
102_26.0,423.0,2.0,0.0,386.0
103_34.0,423.0,3.0,0.0,314.0
104_30.0,423.0,2.0,0.0,348.0
104_35.0,423.0,3.0,0.0,277.0
105_28.0,423.0,2.0,0.0,372.0
105_31.0,423.0,2.0,0.0,402.0
105_35.0,423.0,2.0,0.0,387.0
106_30.0,423.0,2.0,0.0,386.0
106_34.0,423.0,2.0,0.0,374.0
107_17.0,423.0,2.0,0.0,411.0
107_23.0,423.0,2.0,0.0,369.0
107_27.0,423.0,2.0,0.0,346.0
107_33.0,423.0,3.0,1.0,211.0
108_21.0,423.0,2.0,0.0,417.0
108_26.0,423.0,2.0,0.0,393.0
108_30.0,423.0,3.0,0.0,392.0
108_34.0,423.0,3.0,0.0,330.0
109_23.0,423.0,2.0,0.0,420.0
110_18.0,423.0,2.0,0.0,390.0
110_22.0,423.0,2.0,0.0,379.0
111_24.0,423.0,2.0,0.0,374.0
111_28.0,423.0,4.0,0.0,307.0
111_32.0,423.0,3.0,0.0,267.0
111_36.0,423.0,3.0,0.0,243.0
112_27.0,423.0,2.0,0.0,380.0
112_31.0,423.0,3.0,0.0,333.0
112_35.0,422.0,3.0,0.0,307.0
113_29.0,423.0,3.0,0.0,388.0
113_33.0,423.0,2.0,0.0,372.0
114_22.0,423.0,2.0,0.0,385.0
114_26.0,422.0,2.0,0.0,380.0
114_31.0,423.0,3.0,0.0,327.0
114_36.0,423.0,3.0,1.0,251.0
115_26.0,423.0,2.0,0.0,377.0
115_32.0,423.0,2.0,1.0,220.0
115_35.0,423.0,3.0,0.0,216.0
116_22.0,423.0,2.0,0.0,419.0
116_30.0,423.0,2.0,0.0,402.0
117_21.0,423.0,3.0,0.0,355.0
118_27.0,423.0,2.0,0.0,340.0
118_31.0,423.0,2.0,1.0,246.0
118_34.0,423.0,3.0,1.0,222.0
119_20.0,423.0,2.0,0.0,394.0
119_25.0,423.0,3.0,0.0,332.0
119_28.0,423.0,3.0,1.0,225.0
203_28.0,423.0,3.0,0.0,245.0
205_27.0,423.0,3.0,1.0,233.0
302_26.0,423.0,2.0,0.0,388.0
303_26.0,423.0,2.0,0.0,388.0
304_22.0,423.0,2.0,0.0,409.0
304_26.0,423.0,2.0,0.0,376.0
304_30.0,423.0,2.0,0.0,385.0
304_35.0,423.0,3.0,0.0,372.0
305_24.0,423.0,2.0,0.0,398.0
305_29.0,423.0,2.0,0.0,365.0
305_33.0,423.0,2.0,0.0,357.0
305_36.0,423.0,2.0,0.0,332.0
306_26.0,423.0,2.0,0.0,372.0
306_30.0,423.0,2.0,0.0,357.0
307_24.0,423.0,3.0,1.0,305.0
307_30.0,423.0,2.0,1.0,412.0
308_35.0,423.0,3.0,1.0,261.0
310_31.0,423.0,2.0,0.0,409.0
311_21.0,423.0,2.0,0.0,372.0
311_25.0,422.0,2.0,0.0,320.0
311_31.0,423.0,2.0,1.0,255.0
311_35.0,423.0,2.0,1.0,417.0
313_25.0,423.0,2.0,0.0,346.0
313_31.0,423.0,3.0,0.0,262.0
313_36.0,422.0,3.0,0.0,213.0
314_29.0,423.0,3.0,1.0,360.0
314_35.0,423.0,3.0,1.0,389.0
315_19.0,423.0,2.0,0.0,390.0
315_33.0,423.0,2.0,0.0,349.0
316_26.0,423.0,2.0,0.0,360.0
317_17.0,423.0,2.0,0.0,407.0
318_28.0,423.0,3.0,0.0,275.0
318_32.0,423.0,3.0,1.0,241.0
318_35.0,423.0,2.0,0.0,396.0
319_26.0,423.0,3.0,0.0,221.0
319_29.0,423.0,4.0,1.0,249.0
319_33.0,422.0,3.0,1.0,213.0
320_25.0,423.0,3.0,0.0,391.0
320_30.0,423.0,2.0,0.0,360.0
322_28.0,423.0,2.0,0.0,382.0
322_32.0,422.0,3.0,1.0,281.0
323_25.0,423.0,3.0,0.0,326.0
324_30.0,423.0,3.0,0.0,337.0
325_35.0,423.0,2.0,0.0,410.0
401_23.0,423.0,2.0,0.0,407.0
401_27.0,423.0,2.0,0.0,396.0
401_31.0,423.0,3.0,0.0,339.0
402_36.0,423.0,3.0,1.0,232.0
501_28.0,423.0,2.0,0.0,336.0
503_25.0,423.0,2.0,0.0,403.0
504_23.0,423.0,2.0,0.0,347.0
505_24.0,423.0,2.0,0.0,299.0
Child1_1.0,477.0,2.0,0.0,391.0
Child2_1.0,478.0,2.0,0.0,357.0
Child3_1.0,478.0,2.0,1.0,268.0
Child4_1.0,478.0,2.0,0.0,422.0
Child5_1.0,478.0,2.0,0.0,270.0
Child6_1.0,478.0,2.0,1.0,330.0
Child7_0.0,478.0,2.0,0.0,269.0
Child8_0.0,478.0,2.0,0.0,281.0
Child9_1.0,478.0,2.0,0.0,243.0
Child10_0.0,478.0,2.0,1.0,285.0
Child11_0.0,478.0,2.0,1.0,356.0
Child12_1.0,478.0,2.0,0.0,432.0
Child13_0.0,478.0,2.0,0.0,416.0
Child14_0.0,478.0,2.0,0.0,437.0
Child15_0.0,478.0,2.0,1.0,272.0
Child16_1.0,478.0,2.0,1.0,435.0
Child17_1.0,478.0,2.0,1.0,384.0
Child18_1.0,478.0,2.0,0.0,287.0
Child19_1.0,478.0,2.0,0.0,239.0
Child20_1.0,478.0,2.0,0.0,400.0
Child21_0.0,478.0,2.0,1.0,333.0
Child22_1.0,478.0,2.0,1.0,336.0
Child23_0.0,478.0,2.0,1.0,278.0
Child24_0.0,478.0,2.0,1.0,306.0
Child25_1.0,478.0,2.0,0.0,383.0
Child26_1.0,478.0,2.0,0.0,259.0
Child27_1.0,478.0,2.0,0.0,242.0
Child28_1.0,478.0,2.0,1.0,463.0
Child29_1.0,478.0,2.0,1.0,435.0
Child30_1.0,478.0,2.0,0.0,468.0
Child31_1.0,478.0,2.0,1.0,399.0
Child32_0.0,478.0,2.0,1.0,341.0
Child33_0.0,478.0,2.0,1.0,304.0
Child34_0.0,478.0,2.0,1.0,378.0
Child35_1.0,478.0,2.0,0.0,387.0
Child36_1.0,478.0,2.0,1.0,429.0
Child37_1.0,478.0,2.0,1.0,423.0
Child38_1.0,478.0,2.0,1.0,319.0
Child39_1.0,478.0,2.0,1.0,475.0
Child40_1.0,478.0,2.0,1.0,296.0
401.0_16.0,398.0,3.0,1.0,204.0
402.0_17.0,398.0,3.0,0.0,393.0
404.0_19.0,398.0,3.0,0.0,322.0
406.0_17.0,398.0,3.0,0.0,386.0
408.0_16.0,398.0,3.0,0.0,373.0
410.0_16.0,398.0,3.0,0.0,361.0
411.0_16.0,398.0,2.0,0.0,388.0
412.0_17.0,398.0,2.0,0.0,393.0
415.0_16.0,398.0,2.0,0.0,385.0
418.0_15.0,398.0,1.0,0.0,398.0
420.0_16.0,398.0,2.0,0.0,396.0
422.0_18.0,398.0,3.0,0.0,353.0
423.0_16.0,398.0,3.0,0.0,360.0
424.0_16.0,398.0,1.0,0.0,398.0
425.0_15.0,398.0,2.0,0.0,394.0
426.0_17.0,398.0,3.0,0.0,283.0
427.0_17.0,398.0,3.0,0.0,381.0
428.0_16.0,398.0,2.0,0.0,374.0
429.0_16.0,398.0,2.0,0.0,372.0
430.0_18.0,398.0,3.0,0.0,386.0
431.0_17.0,398.0,2.0,0.0,343.0
432.0_18.0,398.0,3.0,0.0,313.0
433.0_20.0,398.0,2.0,0.0,387.0
434.0_18.0,398.0,2.0,0.0,376.0
435.0_18.0,398.0,3.0,0.0,379.0
436.0_18.0,398.0,3.0,0.0,348.0
437.0_17.0,398.0,3.0,0.0,271.0
438.0_20.0,398.0,3.0,0.0,374.0
439.0_19.0,398.0,3.0,0.0,363.0
441.0_18.0,398.0,2.0,0.0,360.0
442.0_17.0,398.0,3.0,0.0,396.0
443.0_19.0,398.0,3.0,0.0,304.0
444.0_17.0,398.0,2.0,0.0,390.0
445.0_17.0,398.0,3.0,0.0,380.0
446.0_18.0,398.0,3.0,0.0,373.0
447.0_17.0,398.0,3.0,0.0,358.0
448.0_18.0,398.0,3.0,0.0,387.0
449.0_19.0,398.0,3.0,0.0,386.0
450.0_18.0,398.0,3.0,0.0,369.0
451.0_18.0,398.0,3.0,0.0,311.0
452.0_18.0,398.0,2.0,0.0,389.0
453.0_17.0,398.0,3.0,0.0,378.0
454.0_18.0,398.0,2.0,0.0,381.0
455.0_19.0,398.0,2.0,0.0,335.0
456.0_18.0,398.0,2.0,0.0,393.0
457.0_17.0,398.0,3.0,0.0,344.0
458.0_19.0,398.0,3.0,0.0,350.0
459.0_17.0,398.0,3.0,0.0,314.0
460.0_17.0,398.0,3.0,0.0,393.0
461.0_18.0,398.0,3.0,0.0,291.0
462.0_17.0,398.0,2.0,0.0,392.0
463.0_17.0,398.0,3.0,0.0,366.0
464.0_18.0,398.0,2.0,0.0,363.0
465.0_17.0,398.0,3.0,0.0,393.0
466.0_18.0,398.0,3.0,0.0,354.0
467.0_18.0,398.0,3.0,0.0,353.0
468.0_18.0,398.0,3.0,0.0,374.0
469.0_16.0,398.0,3.0,0.0,378.0
470.0_17.0,398.0,3.0,0.0,271.0
471.0_18.0,398.0,2.0,0.0,373.0
472.0_18.0,398.0,3.0,0.0,261.0
401.0_23.0,547.0,2.0,1.0,459.0
402.0_23.0,545.0,2.0,0.0,532.0
404.0_24.0,547.0,2.0,0.0,401.0
406.0_23.0,547.0,2.0,0.0,541.0
410.0_25.0,547.0,2.0,0.0,357.0
411.0_23.0,547.0,2.0,0.0,425.0
412.0_23.0,547.0,2.0,0.0,530.0
413.0_22.0,547.0,2.0,0.0,468.0
414.0_22.0,547.0,2.0,0.0,516.0
418.0_22.0,547.0,2.0,0.0,544.0
421.0_23.0,547.0,2.0,1.0,331.0
422.0_24.0,547.0,2.0,0.0,414.0
423.0_22.0,547.0,2.0,0.0,338.0
424.0_21.0,547.0,2.0,0.0,485.0
425.0_21.0,547.0,2.0,0.0,472.0
426.0_25.0,547.0,2.0,0.0,413.0
427.0_24.0,547.0,2.0,0.0,443.0
428.0_25.0,547.0,2.0,0.0,494.0
429.0_24.0,547.0,2.0,0.0,494.0
430.0_23.0,547.0,2.0,0.0,481.0
431.0_24.0,547.0,2.0,0.0,308.0
432.0_24.0,547.0,2.0,1.0,540.0
433.0_24.0,547.0,2.0,0.0,507.0
434.0_24.0,547.0,2.0,0.0,497.0
437.0_23.0,547.0,2.0,1.0,373.0
438.0_25.0,547.0,2.0,0.0,518.0
439.0_24.0,547.0,2.0,0.0,441.0
441.0_24.0,0,0,,
442.0_23.0,547.0,2.0,0.0,536.0
443.0_26.0,547.0,2.0,0.0,520.0
445.0_23.0,547.0,2.0,0.0,506.0
446.0_25.0,547.0,2.0,0.0,278.0
447.0_23.0,547.0,2.0,0.0,451.0
448.0_23.0,547.0,2.0,0.0,463.0
451.0_25.0,547.0,2.0,1.0,452.0
452.0_24.0,547.0,2.0,0.0,483.0
453.0_23.0,547.0,2.0,0.0,497.0
454.0_25.0,547.0,2.0,0.0,470.0
455.0_25.0,547.0,2.0,1.0,377.0
457.0_24.0,547.0,2.0,0.0,292.0
458.0_25.0,547.0,2.0,0.0,359.0
459.0_23.0,547.0,2.0,1.0,317.0
460.0_23.0,547.0,2.0,0.0,510.0
461.0_24.0,545.0,2.0,1.0,413.0
462.0_23.0,547.0,2.0,0.0,285.0
464.0_24.0,547.0,2.0,0.0,403.0
465.0_25.0,547.0,2.0,0.0,467.0
466.0_24.0,546.0,2.0,0.0,309.0
467.0_24.0,547.0,2.0,0.0,442.0
468.0_25.0,547.0,2.0,0.0,476.0
470.0_24.0,547.0,2.0,1.0,382.0
471.0_24.0,547.0,2.0,0.0,426.0
401.0_30.0,546.0,2.0,1.0,507.0
402.0_30.0,546.0,2.0,0.0,463.0
404.0_31.0,546.0,2.0,1.0,295.0
405.0_30.0,546.0,2.0,1.0,347.0
408.0_32.0,546.0,2.0,0.0,428.0
409.0_29.0,546.0,2.0,0.0,535.0
411.0_30.0,546.0,2.0,0.0,299.0
412.0_30.0,546.0,2.0,0.0,499.0
413.0_28.0,546.0,2.0,1.0,286.0
414.0_29.0,546.0,2.0,0.0,293.0
415.0_30.0,546.0,2.0,0.0,360.0
416.0_31.0,546.0,2.0,0.0,503.0
418.0_29.0,546.0,2.0,0.0,480.0
420.0_32.0,546.0,2.0,1.0,387.0
421.0_29.0,546.0,2.0,1.0,350.0
422.0_30.0,546.0,2.0,1.0,398.0
423.0_29.0,545.0,2.0,0.0,346.0
424.0_28.0,546.0,2.0,0.0,491.0
426.0_31.0,546.0,2.0,1.0,462.0
427.0_31.0,546.0,2.0,1.0,408.0
428.0_32.0,546.0,2.0,1.0,311.0
429.0_32.0,546.0,2.0,1.0,295.0
430.0_30.0,546.0,2.0,0.0,410.0
431.0_30.0,546.0,2.0,1.0,356.0
432.0_32.0,546.0,2.0,1.0,545.0
433.0_31.0,546.0,2.0,0.0,515.0
434.0_31.0,546.0,2.0,0.0,429.0
437.0_30.0,546.0,2.0,1.0,513.0
438.0_32.0,546,2,0.0,541
439.0_31.0,546,2,1.0,418
440.0_31.0,546,2,0.0,476
441.0_31.0,546,2,0.0,325
445.0_30.0,546,2,0.0,290
446.0_32.0,546,2,1.0,461
447.0_30.0,546,2,0.0,335
448.0_30.0,545,2,1.0,356
451.0_32.0,546,2,1.0,523
453.0_31.0,546,2,0.0,334
454.0_31.0,546,2,1.0,283
455.0_32.0,546,2,1.0,453
456.0_31.0,546,2,0.0,441
457.0_31.0,546,2,1.0,463
458.0_32.0,546,2,0.0,277
459.0_31.0,546,2,1.0,480
461.0_32.0,546,2,1.0,471
463.0_30.0,546,2,0.0,463
465.0_31.0,546,2,1.0,429
466.0_32.0,532,2,1.0,465
467.0_32.0,546,2,1.0,437
470.0_30.0,546,2,1.0,474
471.0_31.0,546,2,0.0,431
category_nan,766,22,action_words,129
